rule,variant,window,cagr,max_dd,n_trades,final_wan,cagr_real,dd_real,placebo_cagr,placebo_sd
基线,过滤,B,10.506306184925919,-26.81628433240249,125.0,173.5429669338437,10.10923977921352,-26.097886460014326,,
基线,过滤,A,8.037349576315211,-18.634671466934684,58.0,130.6599618059563,7.60526988653144,-18.496017196406545,,
基线,过滤,F,9.396913078579871,-27.701190488316346,184.0,382.6618471385981,8.815805656964482,-26.72567551206015,,
dd250<=-0.50,过滤,B,12.550434359898933,-32.62160695001998,90.0,210.87587878083215,11.936343368548574,-32.187166135208045,11.169248392820862,1.2840535296196052
dd250<=-0.50,过滤+单笔×1.5,B,12.46074894147039,-33.85648297560442,72.0,209.09631660961998,11.525141002982442,-33.45858885819914,10.485456381940832,1.8844853872679908
dd250<=-0.50,过滤+单笔×2,B,14.123752982671189,-30.336712602496284,60.0,244.41074330641004,12.977987939633273,-29.634547285603176,10.730893063766704,1.6601812331843853
dd250<=-0.50,过滤,A,7.582123299773458,-10.697577703284743,36.0,125.22222257059636,7.229489803776435,-10.61396896900243,7.463007290745656,0.5066601989849928
dd250<=-0.50,过滤+单笔×1.5,A,9.602826637163965,-16.10241320768835,34.0,151.0219133032026,9.084565798908862,-16.132471985815876,8.534028127435702,0.7574558270399463
dd250<=-0.50,过滤+单笔×2,A,9.535190549660232,-17.57163352105081,27.0,150.08631210127626,8.956547684781757,-18.203574678812863,8.783781122441608,0.9759139857890441
dd250<=-0.50,过滤,F,10.176416065342087,-32.557124555577914,126.0,443.0242812109266,9.714972759486717,-32.11414264741108,9.296197603436735,0.5592537940785597
dd250<=-0.50,过滤+单笔×1.5,F,11.075139790041998,-33.856523761193664,106.0,523.8583401587254,10.354171971135539,-33.458616296382274,10.233177564826576,0.8999506042185615
dd250<=-0.50,过滤+单笔×2,F,11.97427414883614,-29.20899140355995,87.0,618.6520007612238,11.112998388162987,-29.63456620782839,9.932046711861354,0.7665654864991486
ma120<=-0.30,过滤,B,8.387017740369696,-25.723367954498837,54.0,141.2528386725754,7.653451885439521,-25.799903885882223,8.035752356095411,1.2117598385523
ma120<=-0.30,过滤+单笔×1.5,B,9.36864559476006,-27.69894689933524,41.0,155.46193357249876,8.54851158887654,-27.809675292788803,8.321064154359199,1.1068921151956563
ma120<=-0.30,过滤+单笔×2,B,11.097795636314245,-26.246411640041224,33.0,183.6748061826249,10.001705530193705,-26.722737759799074,9.013869832642687,0.7721987765644978
ma120<=-0.30,过滤,A,5.506163544851772,-8.388451024012161,23.0,102.91791490662732,5.3396793276459515,-8.732208484308435,5.436773069257016,0.3457931050071301
ma120<=-0.30,过滤+单笔×1.5,A,7.184104517057732,-12.761806644004725,23.0,120.63578535538116,6.949241581323651,-13.316623465682104,7.239478089076962,0.550893147680142
ma120<=-0.30,过滤+单笔×2,A,8.265478861749987,-17.14661129899865,21.0,133.46419133498827,7.9963072206693075,-17.89785663065612,7.715471977925473,0.6498397631459113
ma120<=-0.30,过滤,F,6.992815293887333,-25.723424371524995,77.0,241.951502330371,6.538552108685247,-25.799952132698543,7.147580200493509,0.3681400397110915
ma120<=-0.30,过滤+单笔×1.5,F,8.049971183889893,-27.435262648618007,63.5,296.3589954188651,7.439450590705244,-27.433133695994822,7.95291285748332,0.5380529784237712
ma120<=-0.30,过滤+单笔×2,F,9.735489265599906,-26.246477332221275,54.0,407.84969796891494,9.024346561282181,-26.722799612561243,7.699952842966393,1.3188586501516522
vol250>=0.50,过滤,B,8.279083929186271,-22.111489253112822,64.0,139.76459872033163,7.9035199257911355,-19.404993427152235,9.992102391379714,0.9641157247308331
vol250>=0.50,过滤+单笔×1.5,B,8.378805021293555,-25.07364453950612,53.0,141.13909621735084,7.9698088809300405,-21.61883251190444,10.520138000954901,1.7819936674588583
vol250>=0.50,过滤+单笔×2,B,8.906532319194326,-27.879312804006418,48.0,148.6190041862666,8.624452905233436,-28.667054482823463,10.948766902184236,1.9005883941093622
vol250>=0.50,过滤,A,4.949272713877284,-10.697577703284743,20.0,97.57820577777971,4.8040481579521455,-10.61396896900243,5.217324904711337,0.14578758156473523
vol250>=0.50,过滤+单笔×1.5,A,6.389043571435726,-16.10241320768835,20.0,111.92432133818018,6.181223607015651,-16.132471985815876,6.629595702134725,0.3473151063992182
vol250>=0.50,过滤+单笔×2,A,6.991043031595856,-17.16560239926145,17.0,118.46607814908866,6.767090013849719,-17.85548307815671,7.149913580934239,0.44866809931497054
vol250>=0.50,过滤,F,6.653077885980984,-23.077175865824806,84.0,226.58654624436898,6.386864998613384,-20.041217833519166,7.284892376177653,0.5711429888953243
vol250>=0.50,过滤+单笔×1.5,F,7.493167273664736,-25.4581879391546,73.0,266.4006896705959,7.129365089176087,-21.86133481279323,8.50364209315756,0.9664695306239361
vol250>=0.50,过滤+单笔×2,F,7.960515322409933,-27.879312804006425,65.0,291.3385279537134,7.739432082940745,-28.66716192480425,9.10373990001857,0.709242356301669
