rule,n_sel,cov,全部:选中率,全部:其余率,全部:n选中,A:选中率,A:其余率,A:n选中,B:选中率,B:其余率,B:n选中,去2024-02:选中率,去2024-02:其余率,去2024-02:n选中,2024-02:选中率,2024-02:其余率,2024-02:n选中,2022-05:选中率,2022-05:其余率,2022-05:n选中,B去两大簇:选中率,B去两大簇:其余率,B去两大簇:n选中,分层lift,分层lift_去2402,p_perm,分层lift_nodip3,止盈率:选中,止盈率:其余,收益:选中,收益:其余,持有中位:选中,持有中位:其余,分层lift_止盈,分层lift_快止盈60
ma120<=-0.25,311,0.4712121212121212,0.26366559485530544,0.06017191977077364,311,0.07692307692307693,0.022727272727272728,39,0.29044117647058826,0.07279693486590039,272,0.1951219512195122,0.03296703296703297,123,0.30851063829787234,0.15789473684210525,188,0.4375,0.09375,32,0.1346153846153846,0.026143790849673203,52,0.1508210203504405,0.1510530797632715,0.000999000999000999,0.173749503232014,0.9003215434083601,0.7965616045845272,37.25316302250804,29.20322636103152,117.0,201.0,0.038945393355240596,0.19634874331530053
ma120<=-0.30,163,0.24696969696969698,0.34355828220858897,0.09456740442655935,163,0.13043478260869565,0.019230769230769232,23,0.37857142857142856,0.11450381679389313,140,0.29850746268656714,0.03951367781155015,67,0.375,0.20238095238095238,96,0.6111111111111112,0.13043478260869565,18,0.23076923076923078,0.027932960893854747,26,0.19875264006347243,0.246857545800369,0.000999000999000999,0.16474797534069371,0.8895705521472392,0.8309859154929577,36.75249018404908,31.764595171026155,69.0,186.0,0.020689310581474194,0.20383340810150827
ma120<=-0.35,59,0.0893939393939394,0.2711864406779661,0.1447587354409318,59,0.18181818181818182,0.02586206896551724,11,0.2916666666666667,0.1731958762886598,48,0.34615384615384615,0.06486486486486487,26,0.21212121212121213,0.2727272727272727,33,0.5,0.2222222222222222,10,0.4,0.045,5,0.012014479788628386,0.1708664341321733,0.8681318681318682,-0.012407680945347117,0.9152542372881356,0.8386023294509152,38.33155593220339,32.472708652246254,68.0,173.0,0.035209187176233205,0.11469407285663763
dd250<=-0.45,383,0.5803030303030303,0.19843342036553524,0.09747292418772563,383,0.06451612903225806,0.015384615384615385,62,0.22429906542056074,0.12264150943396226,321,0.12206572769953052,0.03825136612021858,213,0.29411764705882354,0.2127659574468085,170,0.34210526315789475,0.15384615384615385,38,0.07964601769911504,0.021739130434782608,113,0.07526345919185622,0.068649357152506,0.028971028971028972,0.08172072624763672,0.856396866840731,0.8303249097472925,34.038011749347255,31.55632202166065,128.0,210.0,-0.013916972639798313,0.13994839998846012
dd250<=-0.50,260,0.3939393939393939,0.2,0.1275,260,0.1111111111111111,0.01098901098901099,36,0.21428571428571427,0.16181229773462782,224,0.14583333333333334,0.047619047619047616,144,0.2672413793103448,0.2635135135135135,116,0.38461538461538464,0.18421052631578946,26,0.08536585365853659,0.032520325203252036,82,0.04081974591701841,0.08713989243373076,0.2857142857142857,0.06275705820026528,0.85,0.8425,33.32148423076923,32.78518449999999,120.0,189.0,-0.023405227831342478,0.10773033434617298
dd250<=-0.55,166,0.2515151515151515,0.24096385542168675,0.12753036437246965,166,0.15384615384615385,0.009900990099009901,26,0.2571428571428571,0.15776081424936386,140,0.18947368421052632,0.04983388704318937,95,0.30985915492957744,0.24870466321243523,71,0.4375,0.20833333333333334,16,0.1320754716981132,0.02631578947368421,53,0.09123427540652948,0.12951471277068421,0.03496503496503497,0.08730339764906137,0.8433734939759037,0.8461538461538461,32.68222590361445,33.10204493927125,97.5,177.0,-0.04742178646650073,0.13555629353631846
dd250<=-0.60,90,0.13636363636363635,0.2,0.14912280701754385,90,0.125,0.02702702702702703,16,0.21621621621621623,0.1786492374727669,74,0.16326530612244897,0.07204610951008646,49,0.24390243902439024,0.26905829596412556,41,0.42857142857142855,0.24561403508771928,7,0.11538461538461539,0.0446927374301676,26,0.01393477008658383,0.07072539617185501,0.8771228771228772,0.04098928989484957,0.8444444444444444,0.8456140350877193,33.56103111111111,32.9073103508772,131.5,167.5,-0.05651049850058301,0.07457554732427905
ret60<=-0.30,274,0.41515151515151516,0.291970802919708,0.05958549222797927,274,0.10526315789473684,0.027777777777777776,19,0.3058823529411765,0.07194244604316546,255,0.23943661971830985,0.04923076923076923,71,0.3103448275862069,0.11475409836065574,203,0.4782608695652174,0.14634146341463414,23,0.13793103448275862,0.03977272727272727,29,0.17034256149260954,0.13704413356167652,0.000999000999000999,0.19974933718541696,0.8941605839416058,0.810880829015544,37.35034525547445,29.90586813471502,99.0,211.0,0.016237312072298015,0.22135988482220986
ret60<=-0.35,160,0.24242424242424243,0.31875,0.104,160,0.2222222222222222,0.025423728813559324,9,0.32450331125827814,0.12827225130890052,151,0.28125,0.06593406593406594,32,0.328125,0.20588235294117646,128,0.4166666666666667,0.23076923076923078,12,0.18181818181818182,0.04639175257731959,11,0.11575556794670872,0.09069168179163516,0.015984015984015984,0.11328731483691687,0.9,0.828,38.075158125,31.3712688,79.5,182.5,-0.002196559281113569,0.19998544830606602
dd_all<=-0.80,112,0.1696969696969697,0.25892857142857145,0.13503649635036497,112,0.3333333333333333,0.03225806451612903,3,0.25688073394495414,0.1650943396226415,109,0.175,0.07303370786516854,40,0.3055555555555556,0.25,72,0.0,0.288135593220339,5,0.1875,0.028901734104046242,32,0.0363009272559916,-0.022483027995955984,0.4755244755244755,0.018037771321716262,0.9196428571428571,0.8302919708029197,38.74623125,31.82131715328467,107.5,170.5,0.033356771200174065,0.053861673305590815
vol250>=0.50,157,0.23787878787878788,0.2484076433121019,0.1272365805168986,157,0.15,0.018691588785046728,20,0.26277372262773724,0.15656565656565657,137,0.225,0.04746835443037975,80,0.2727272727272727,0.2620320855614973,77,0.46153846153846156,0.13157894736842105,26,0.08823529411764706,0.04678362573099415,34,0.06452408896205764,0.15489839235562985,0.17582417582417584,-0.0011568562202164943,0.821656050955414,0.852882703777336,31.12583757961783,33.58032445328032,99.0,177.0,-0.1092788420973067,0.007177367485261259
vol250>=0.55,92,0.1393939393939394,0.2717391304347826,0.13732394366197184,92,0.16666666666666666,0.01834862385321101,18,0.2972972972972973,0.1655773420479303,74,0.2692307692307692,0.055232558139534885,52,0.275,0.26339285714285715,40,0.42105263157894735,0.2,19,0.2,0.042105263157894736,15,0.07682042541128582,0.19631320616611334,0.1888111888111888,0.029774107950747093,0.8695652173913043,0.8415492957746479,35.311543478260866,32.621474823943664,99.5,171.0,-0.05355007278433094,0.020887252088049
vol60>=0.50,296,0.4484848484848485,0.25,0.07967032967032966,296,0.10344827586206896,0.02040816326530612,29,0.26591760299625467,0.10150375939849623,267,0.1485148514851485,0.061016949152542375,101,0.30256410256410254,0.15942028985507245,195,0.28125,0.25,32,0.075,0.048484848484848485,40,0.08077578206007148,-0.006893066641099371,0.04495504495504495,-0.00023462572720898929,0.8547297297297297,0.8379120879120879,34.20636790540541,32.012568131868136,121.0,195.0,-0.08065833445089503,0.10770737391717874
vol60>=0.60,145,0.2196969696969697,0.23448275862068965,0.13398058252427184,145,0.14285714285714285,0.018867924528301886,21,0.25,0.16381418092909536,124,0.14893617021276595,0.07449856733524356,47,0.2755102040816326,0.25903614457831325,98,0.15384615384615385,0.29411764705882354,13,0.15384615384615385,0.046875,13,-0.006642052780742403,-0.08756432581080151,0.8761238761238761,-0.0871535199575059,0.8758620689655172,0.8368932038834952,35.37658206896552,32.32632097087379,143.0,172.0,-0.03201219228924692,-0.019891052408103852
创业板,174,0.2636363636363636,0.29310344827586204,0.10699588477366255,174,0.0,0.043478260869565216,12,0.3148148148148148,0.12668463611859837,162,0.15151515151515152,0.0696969696969697,66,0.37962962962962965,0.1858974358974359,108,0.3333333333333333,0.24489795918367346,15,0.1282051282051282,0.03614457831325301,39,0.14735926759184623,0.061744715650237175,0.000999000999000999,0.12582455068490814,0.896551724137931,0.8271604938271605,38.17056091954023,31.143996090534973,139.0,173.0,0.025278679522866374,0.041865022325926086
ret1>=0.03,126,0.19090909090909092,0.23809523809523808,0.13670411985018727,126,0.25,0.032520325203252036,4,0.23770491803278687,0.1678832116788321,122,0.09090909090909091,0.08288770053475936,22,0.2692307692307692,0.2625,104,0.0,0.2786885245901639,3,0.06666666666666667,0.05263157894736842,15,-0.01045355951913911,-0.1117464764827342,0.8961038961038961,0.026179422643792315,0.873015873015873,0.8389513108614233,35.95571666666667,32.298201123595504,152.0,165.5,-0.006925021601474143,0.01080230402148031
ret1<=0.005,171,0.2590909090909091,0.0935672514619883,0.17791411042944785,171,0.03389830508474576,0.04411764705882353,59,0.125,0.1995249406175772,112,0.08053691275167785,0.08502024291497975,149,0.18181818181818182,0.2727272727272727,22,0.3684210526315789,0.2222222222222222,19,0.04225352112676056,0.05970149253731343,71,0.003156980766762603,0.03870004366064313,1.0,-0.022037783189473508,0.8421052631578947,0.8466257668711656,31.794948538011695,33.41661247443763,178.0,152.0,-0.05021114341402229,0.03243131268200641
ma120<=-0.30 且 vol250>=0.50,81,0.12272727272727273,0.3950617283950617,0.1226252158894646,81,0.2,0.017857142857142856,15,0.4393939393939394,0.14775160599571735,66,0.40540540540540543,0.05013927576601671,37,0.38636363636363635,0.2409090909090909,44,0.7142857142857143,0.14,14,0.25,0.04568527918781726,8,0.21133925398872738,0.35312764376063926,0.000999000999000999,0.18885101398377238,0.9012345679012346,0.8376511226252159,37.59965061728395,32.35248359240069,66.0,173.0,0.0017081739164450758,0.16616555160869342
dd250<=-0.50 且 创业板,74,0.11212121212121212,0.3783783783783784,0.12798634812286688,74,0.0,0.04032258064516129,3,0.39436619718309857,0.15151515151515152,71,0.25925925925925924,0.07046070460704607,27,0.44680851063829785,0.22580645161290322,47,0.375,0.25,8,0.25,0.037037037037037035,16,0.20648130103755308,0.1736506904333856,0.000999000999000999,0.2205230180347461,0.8918918918918919,0.8395904436860068,38.23457297297297,32.33498515358362,77.0,171.0,0.01547332111093546,0.15010968966715071
