优先级,window,exec,final_wan,cagr,max_dd,n_trades,cagr_p10,cagr_p90
随机顺序(基线),B 2016-2026,当日,173.5429669338437,10.506306184925919,-26.81628433240249,125.0,9.065594620720038,11.885554447892462
随机顺序(基线),B 2016-2026,实盘,167.0255498291044,10.10923977921352,-26.097886460014326,125.0,8.79402830371257,11.396818260530447
随机顺序(基线),B 去2024-02,当日,174.64414262795,10.57218595754682,-26.81628433240249,126.0,9.249507175242833,12.047734639981865
随机顺序(基线),A 2006-2016,当日,130.6599618059563,8.037349576315211,-18.634671466934684,58.0,7.222402324099712,8.802095005847763
随机顺序(基线),A 2006-2016,实盘,125.49404521353192,7.60526988653144,-18.496017196406545,58.0,6.821226918196979,8.406353779241801
随机顺序(基线),全期,当日,382.6618471385981,9.396913078579871,-27.701190488316346,184.0,8.75634136966112,10.171054868091922
随机顺序(基线),全期,实盘,342.84369100691947,8.815805656964482,-26.72567551206015,183.0,8.387564809376599,9.627058924198668
个股分高者先,B 2016-2026,当日,180.40751505064952,10.910384985958743,-29.17881481675806,125.0,9.90600243345182,11.709982632739438
个股分高者先,B 2016-2026,实盘,166.6598518930632,10.086539649304049,-27.959204433644008,124.5,9.22121567744321,11.17303825662651
个股分高者先,B 去2024-02,当日,180.0483597010326,10.889550296199491,-29.17881481675806,126.0,9.944663032394514,11.76707131841632
个股分高者先,A 2006-2016,当日,136.38201770113645,8.498311138684011,-16.583126974883044,60.0,7.591343885884924,8.98785677066358
个股分高者先,A 2006-2016,实盘,128.96365786095078,7.897202667085246,-16.744899555340336,60.0,7.162591860151251,8.559560952514603
个股分高者先,全期,当日,402.76884465959006,9.668742034881284,-28.483940226857452,186.0,9.093874739824296,10.24023066819257
个股分高者先,全期,实盘,362.14464531686275,9.105080747339045,-27.88888550436304,184.0,8.581941543729362,9.654209374719406
个股分低者先(反向),B 2016-2026,当日,171.52936854922356,10.385169696161311,-25.83822436077496,126.0,9.341049301948239,10.98117812804153
个股分低者先(反向),B 2016-2026,实盘,165.60107779900736,10.020567212752518,-24.06595980438817,126.0,9.116748836022255,10.889653985821482
个股分低者先(反向),B 去2024-02,当日,172.61042983886284,10.450425592687896,-25.838196913075723,126.0,9.467218712659857,11.037500511035764
个股分低者先(反向),A 2006-2016,当日,125.46547646531525,7.602864519239438,-21.69937573931272,56.0,6.9087996091031005,8.184023714483795
个股分低者先(反向),A 2006-2016,实盘,121.0139486668997,7.217433179094779,-21.620989836677712,56.0,6.574708064535032,7.773011836176584
个股分低者先(反向),全期,当日,352.19744525851735,8.95787890884363,-26.11670423608594,181.0,8.522261957673201,9.468796808385315
个股分低者先(反向),全期,实盘,333.01018278781686,8.662412791138452,-24.380256077020835,181.5,8.20935155395793,9.097683413208749
跌得越深越先(ma120 低者先),B 2016-2026,当日,196.81645488773134,11.822321632061005,-24.523238307591633,132.0,11.822321632061005,11.822321632061005
跌得越深越先(ma120 低者先),B 2016-2026,实盘,180.33500416370993,10.906201243489843,-22.575442746652396,130.0,10.906201243489843,10.906201243489843
跌得越深越先(ma120 低者先),B 去2024-02,当日,190.5133665565878,11.480478026046681,-24.523238307591633,130.0,11.480478026046681,11.480478026046681
跌得越深越先(ma120 低者先),A 2006-2016,当日,137.3717763196351,8.576272008034213,-16.329768648139463,62.0,8.576272008034213,8.576272008034213
跌得越深越先(ma120 低者先),A 2006-2016,实盘,131.45124989937608,8.102165749660895,-16.2787078247132,62.0,8.102165749660895,8.102165749660895
跌得越深越先(ma120 低者先),全期,当日,450.08882023595766,10.260939793989522,-24.523238307591633,194.0,10.260939793989522,10.260939793989522
跌得越深越先(ma120 低者先),全期,实盘,394.62451470630265,9.560284121810291,-22.575442746652396,192.0,9.560284121810291,9.560284121810291
样本外模型分高者先,B 2016-2026,当日,197.4630769627768,11.856827663765923,-26.792568343245726,132.0,11.856823884239809,11.856827663765923
样本外模型分高者先,B 2016-2026,实盘,173.45936643071335,10.501409498492409,-25.729115328279928,128.0,10.501405201069968,10.501409498492409
样本外模型分高者先,B 去2024-02,当日,191.1398746096289,11.514911180200826,-26.792568343245726,130.0,11.514907412093823,11.514911180200826
样本外模型分高者先,A 2006-2016,当日,136.59051073263268,8.514775906177952,-17.166348400807873,62.0,8.514775906177952,8.514775906177952
样本外模型分高者先,A 2006-2016,实盘,128.46933252540842,7.856049592753833,-17.118147683058538,61.0,7.856049592753833,7.856049592753833
样本外模型分高者先,全期,当日,448.99921293054,10.247985876020893,-26.792568343245726,194.0,10.247985876020893,10.247987795704528
样本外模型分高者先,全期,实盘,370.9679162636938,9.232466333864565,-25.729115328279917,189.0,9.232466333864565,9.232468523017578
样本外模型分低者先(反向),B 2016-2026,当日,166.0104611681557,10.046122334157893,-28.98083570735197,122.0,10.046118567631911,10.046122334157893
样本外模型分低者先(反向),B 2016-2026,实盘,157.8871563825327,9.528015536045874,-27.98588705670233,122.0,9.528011208032927,9.528015536045874
样本外模型分低者先(反向),B 去2024-02,当日,172.52549707419547,10.445312391124206,-28.98083570735197,125.0,10.445308658859798,10.445312391124206
样本外模型分低者先(反向),A 2006-2016,当日,127.1719601163032,7.747359599195525,-22.062584171629997,54.0,7.747359599195525,7.747359599195525
样本外模型分低者先(反向),A 2006-2016,实盘,122.38520185329108,7.337504215145585,-22.056048673696417,54.0,7.337504215145585,7.337504215145585
样本外模型分低者先(反向),全期,当日,351.45196014772307,8.946690298703253,-28.98083570735196,176.0,8.946690298703253,8.946692220309526
样本外模型分低者先(反向),全期,实盘,321.67316759578085,8.480123050210953,-27.985887056702307,176.0,8.480123050210953,8.480125259220772
