label,feature,auc_day_strat,p_perm,auc_2402_days,auc_other_days,med_pos,med_neg
nodip0,ret1,0.5657077100115074,0.12375249500998003,0.5698873171901223,0.46551724137931033,0.0211268200207326,0.0157707889738236
nodip0,gap,0.5783659378596088,0.08582834331337326,0.5828338527930952,0.47126436781609193,0.0,-0.0017281317217459
nodip0,oc,0.5194476409666283,0.7045908183632734,0.5226564373052026,0.4425287356321839,0.0230978137769202,0.018117615573049403
nodip0,rng,0.5613348676639816,0.18163672654690619,0.5641333013665788,0.4942528735632184,0.0496453850243528,0.0440324824717815
nodip0,clv,0.47859608745684695,0.654690618762475,0.4803404459362264,0.4367816091954023,0.8157883913564459,0.7824003599104011
nodip0,ret3,0.5661680092059839,0.1277445109780439,0.5634140493886358,0.632183908045977,0.1524690837536932,0.10917026599243271
nodip0,ret5,0.43475258918296894,0.1377245508982036,0.42915368017262046,0.5689655172413793,0.119947869876517,0.0963008227792124
nodip0,ret10,0.3472957422324511,0.001996007984031936,0.3402061855670103,0.5172413793103449,-0.1496519721577724,-0.0756411311263786
nodip0,ret20,0.3569620253164557,0.007984031936127744,0.3533924718292975,0.4425287356321839,-0.2661597242605222,-0.1986407759757433
nodip0,ret60,0.3997698504027618,0.017964071856287425,0.40445936226324625,0.28735632183908044,-0.3593138063550024,-0.2995962556600327
nodip0,ret120,0.46329113924050636,0.4171656686626746,0.4730280508271398,0.22988505747126436,-0.3320497630331753,-0.30900070472163493
nodip0,ret250,0.5378596087456847,0.36127744510978044,0.5408774874130904,0.46551724137931033,-0.3471428571428571,-0.3750548442932996
nodip0,dd20,0.3569620253164557,0.001996007984031936,0.35219371853272596,0.47126436781609193,-0.2633587305344866,-0.19056705356407394
nodip0,dd60,0.4444188722669735,0.18762475049900199,0.4442579717094222,0.4482758620689655,-0.3876221567223009,-0.3513765073332134
nodip0,dd250,0.4743383199079402,0.5608782435129741,0.48189882522176936,0.29310344827586204,-0.4973517131937612,-0.47122606724883653
nodip0,dd500,0.4936708860759494,0.8862275449101796,0.49820187005514266,0.3850574712643678,-0.5634920634920635,-0.5441661872745203
nodip0,dd_all,0.5005753739930955,0.9840319361277445,0.49748261807719973,0.5747126436781609,-0.6781417086222286,-0.6867254186728824
nodip0,bounce20,0.5298043728423475,0.5109780439121756,0.5276912011508031,0.5804597701149425,0.2029581076232851,0.16565450206394244
nodip0,bounce60,0.5298043728423475,0.5089820359281437,0.5276912011508031,0.5804597701149425,0.2029581076232851,0.16565450206394244
nodip0,bounce250,0.523590333716916,0.6127744510978044,0.522176935986574,0.5574712643678161,0.2029581076232851,0.1748601125352673
nodip0,bounce500,0.475258918296893,0.5828343313373253,0.47087029489331095,0.5804597701149425,0.2074074836604915,0.18330971045341254
nodip0,days_since_low20,0.4240506329113924,0.017964071856287425,0.4214816590745625,0.48563218390804597,4.0,4.0
nodip0,days_since_low60,0.4240506329113924,0.029940119760479042,0.4214816590745625,0.48563218390804597,4.0,4.0
nodip0,days_since_low250,0.4241657077100115,0.033932135728542916,0.4225605370414769,0.46264367816091956,4.0,4.0
nodip0,days_since_high250,0.45926352128883774,0.3652694610778443,0.4527691201150803,0.6149425287356322,153.0,193.0
nodip0,days_since_high500,0.4993095512082854,0.9860279441117764,0.5021577559338288,0.43103448275862066,364.0,361.0
nodip0,ma5,0.5387802071346375,0.405189620758483,0.5346439702709183,0.6379310344827587,0.0730674196964349,0.06289783760421905
nodip0,ma10,0.37261219792865363,0.013972055888223553,0.3649005034763846,0.5574712643678161,0.0287183883411916,0.03743287456872385
nodip0,ma20,0.3429228998849252,0.001996007984031936,0.3366099256772956,0.4942528735632184,-0.0954285924006006,-0.04560338071289755
nodip0,ma60,0.35903337169159955,0.001996007984031936,0.359146487652841,0.3563218390804598,-0.2561107967663057,-0.21163970698341156
nodip0,ma120,0.39723820483314154,0.01996007984031936,0.4042196116039319,0.22988505747126436,-0.3035617867859258,-0.25562848623214185
nodip0,ma250,0.48860759493670886,0.8023952095808383,0.4972428674178854,0.28160919540229884,-0.3293078018049813,-0.3033806705422531
nodip0,ma20_slope5,0.3468354430379747,0.001996007984031936,0.34164468952289617,0.47126436781609193,-0.0928553678126216,-0.028476699807027703
nodip0,ma60_slope20,0.5380897583429229,0.3872255489021956,0.5485495085111484,0.28735632183908044,-0.2540013454447583,-0.2353958646968563
nodip0,vol10,0.6059838895281934,0.015968063872255488,0.6056101654279549,0.6149425287356322,1.0142458154952387,0.8238220044741966
nodip0,vol20,0.5896432681242808,0.033932135728542916,0.5912251258690961,0.5517241379310345,0.8126875037110597,0.6832148824009738
nodip0,vol60,0.5178365937859609,0.7225548902195609,0.5197794293934308,0.47126436781609193,0.553115519838141,0.5021753113412519
nodip0,vol250,0.5245109321058689,0.5668662674650699,0.5181011747782306,0.6781609195402298,0.4711202340358286,0.4238439571034865
nodip0,maxdrop20,0.35063291139240504,0.003992015968063872,0.3434428194677535,0.5229885057471264,-0.1149635024699405,-0.09959544205530366
nodip0,maxup20,0.5537399309551209,0.2435129740518962,0.553584272356749,0.5574712643678161,0.1000523834468309,0.08870105551302776
nodip0,up_days5,0.42543153049482163,0.05389221556886228,0.4230400383601055,0.4827586206896552,3.0,4.0
nodip0,up_days20,0.41219792865362487,0.041916167664670656,0.40997362742747545,0.46551724137931033,7.0,7.0
nodip0,streak_up,0.4654775604142693,0.26746506986027946,0.4628386478062815,0.5287356321839081,3.0,3.0
nodip0,amp20,0.6124280782508631,0.007984031936127744,0.6111244305921841,0.6436781609195402,0.0699310229937514,0.061908932223336155
nodip0,susp20,0.5,1.0,0.5,0.5,0.0,0.0
nodip0,bars_before_signal,0.4569620253164557,0.3333333333333333,0.4587628865979381,0.41379310344827586,1399.0,1603.0
nodip0,log_price,0.4873417721518987,0.7864271457085829,0.48273795252936946,0.5977011494252874,2.3174737054877963,2.284928992320717
nodip0,is_st,0.49263521288837747,0.6586826347305389,0.490050347638456,0.5545977011494253,0.0,0.0
nodip0,board_cyb,0.6295742232451094,0.001996007984031936,0.6333013665787581,0.5402298850574713,1.0,0.0
nodip0,board_sh,0.4845799769850403,0.5668662674650699,0.4840565811555982,0.49712643678160917,0.0,0.0
nodip0,board_kcb,0.42209436133486766,0.00998003992015968,0.41824502517381923,0.514367816091954,0.0,0.0
nodip0,prior_signals_same_stock,0.47779056386651325,0.03592814371257485,0.4777031886837689,0.47988505747126436,0.0,0.0
nodip0,rel1,0.5657077100115074,0.1536926147704591,0.5698873171901223,0.46551724137931033,0.0100708513007299,0.004427345141167
nodip0,rel5,0.43475258918296894,0.1437125748502994,0.42915368017262046,0.5689655172413793,0.0033848765216444,0.00687743731115935
nodip0,rel20,0.3569620253164557,0.001996007984031936,0.3533924718292975,0.4425287356321839,-0.133115293688083,-0.08516285940863824
nodip0,rel60,0.3997698504027618,0.021956087824351298,0.40445936226324625,0.28735632183908044,-0.1586337118414109,-0.1092019150995681
nodip0,rel250,0.5378596087456847,0.3912175648702595,0.5408774874130904,0.46551724137931033,-0.1368317948927602,-0.13605875078899896
nodip0,stock_ret_since_cluster_start,0.3523590333716916,0.003992015968063872,0.3430831934787821,0.5747126436781609,-0.1945054945054944,-0.1179744414942145
nodip3,ret1,0.5603430460839016,0.1317365269461078,0.5611135276207047,0.5456431535269709,0.0188876710353922,0.0156169143812834
nodip3,gap,0.5985740855548667,0.013972055888223553,0.6024358416702914,0.524896265560166,0.0,-0.00250152658364065
nodip3,oc,0.5015499070055797,0.9600798403193613,0.49978251413658115,0.5352697095435685,0.0196078431372548,0.01862325339480895
nodip3,rng,0.5406075635461872,0.3093812375249501,0.540887342322749,0.5352697095435685,0.0474137931034482,0.044557569725452995
nodip3,clv,0.5095060963008886,0.8363273453093812,0.5142453240539365,0.4190871369294606,0.8108088593656909,0.7824003599104011
nodip3,ret3,0.578425294482331,0.06387225548902195,0.5778599391039583,0.5892116182572614,0.139917677244457,0.1103991832709916
nodip3,ret5,0.4839842942756768,0.6866267465069861,0.4834710743801653,0.49377593360995853,0.0972971884899205,0.09848465013357824
nodip3,ret10,0.3872700971275057,0.003992015968063872,0.3803827751196172,0.5186721991701245,-0.1218812928552951,-0.07601842275161315
nodip3,ret20,0.3926431080801819,0.015968063872255488,0.38777729447585907,0.4854771784232365,-0.2465517698155995,-0.20093478494111805
nodip3,ret60,0.40648894399669355,0.027944111776447105,0.41148325358851673,0.3112033195020747,-0.3405178727104351,-0.2995962556600327
nodip3,ret120,0.4641454846042571,0.3912175648702595,0.4741191822531535,0.27385892116182575,-0.323699421965318,-0.3095686277428449
nodip3,ret250,0.5346145897912792,0.3972055888223553,0.5371900826446281,0.4854771784232365,-0.3304031311742113,-0.38513838445413334
nodip3,dd20,0.39615623062616245,0.00998003992015968,0.3929969551979121,0.45643153526970953,-0.2398920980997393,-0.19282750299314816
nodip3,dd60,0.47840462905559,0.592814371257485,0.47629404088734234,0.5186721991701245,-0.3724999743860955,-0.35432708601963075
nodip3,dd250,0.49183715643728043,0.8083832335329342,0.5006524575902567,0.3236514522821577,-0.49137312804056,-0.4730974399083687
nodip3,dd500,0.4943170076462079,0.8682634730538922,0.5002174858634189,0.3817427385892116,-0.5634328533923176,-0.5437498677859742
nodip3,dd_all,0.5306881587104774,0.500998003992016,0.5308829926054807,0.5269709543568465,-0.6779685775013711,-0.6893353817119274
nodip3,bounce20,0.5466005373010953,0.249500998003992,0.5484993475424097,0.5103734439834025,0.1948579084033519,0.1694533894510702
nodip3,bounce60,0.5466005373010953,0.2874251497005988,0.5484993475424097,0.5103734439834025,0.1948579084033519,0.1694533894510702
nodip3,bounce250,0.540194255011366,0.35728542914171657,0.5417572857764246,0.5103734439834025,0.1974025198090332,0.17664881132328208
nodip3,bounce500,0.4879107253564786,0.7704590818363274,0.48695084819486734,0.5062240663900415,0.2026315789473685,0.18492022776764175
nodip3,days_since_low20,0.4444100020665427,0.08383233532934131,0.4423662461939974,0.483402489626556,4.0,4.0
nodip3,days_since_low60,0.4444100020665427,0.08383233532934131,0.4423662461939974,0.483402489626556,4.0,4.0
nodip3,days_since_low250,0.44306674932837364,0.08982035928143713,0.44214876033057854,0.4605809128630705,4.0,4.0
nodip3,days_since_high250,0.4772680305848316,0.564870259481038,0.4696607220530665,0.6224066390041494,176.0,194.0
nodip3,days_since_high500,0.5098160777020045,0.812375249500998,0.5122879512831667,0.46265560165975106,375.0,359.0
nodip3,ma5,0.5697458152510849,0.10179640718562874,0.5674206176598521,0.6141078838174274,0.0694258821360223,0.06370883828102375
nodip3,ma10,0.4277743335399876,0.08982035928143713,0.42040017398869073,0.5684647302904564,0.034103466981771,0.03638340662682255
nodip3,ma20,0.39057656540607566,0.00998003992015968,0.3860374075685081,0.47717842323651455,-0.0829419060981313,-0.0472403574536655
nodip3,ma60,0.38561686298822073,0.005988023952095809,0.3862548934319269,0.37344398340248963,-0.2395202798078107,-0.2142151210732991
nodip3,ma120,0.41785492870427776,0.027944111776447105,0.4264897781644193,0.25311203319502074,-0.2940692191558581,-0.25632294156775914
nodip3,ma250,0.47902459185782187,0.6387225548902196,0.4891257068290561,0.2863070539419087,-0.3202691997696901,-0.3033806705422531
nodip3,ma20_slope5,0.3854102087208101,0.007984031936127744,0.379077859939104,0.5062240663900415,-0.0743825387708213,-0.030759995365288
nodip3,ma60_slope20,0.49845009299442034,0.9660678642714571,0.5110917790343628,0.2572614107883817,-0.2560161877917649,-0.23482311445848925
nodip3,vol10,0.5916511675966108,0.015968063872255488,0.5915615484993475,0.5933609958506224,0.9629140755347962,0.8278463160348759
nodip3,vol20,0.5726389749948336,0.10578842315369262,0.5735102218355806,0.5560165975103735,0.7679137213801736,0.6913715784323098
nodip3,vol60,0.49183715643728043,0.8582834331337326,0.4954327968682036,0.42323651452282157,0.536781300711545,0.5119091487419667
nodip3,vol250,0.5100227319694152,0.8323353293413174,0.505219660722053,0.6016597510373444,0.454907748951229,0.4239138481304168
nodip3,maxdrop20,0.3775573465592065,0.001996007984031936,0.3760330578512397,0.4066390041493776,-0.1004304617037521,-0.09963444959190615
nodip3,maxup20,0.5422607976854722,0.3073852295409182,0.5419747716398434,0.5477178423236515,0.0995023921609985,0.08894617163457069
nodip3,up_days5,0.4433767307294896,0.10179640718562874,0.43953892996955196,0.516597510373444,4.0,4.0
nodip3,up_days20,0.40070262450919614,0.017964071856287425,0.3993040452370596,0.42738589211618255,7.0,7.0
nodip3,streak_up,0.4716883653647448,0.3093812375249501,0.4675946063505872,0.549792531120332,3.0,3.0
nodip3,amp20,0.5794585658193842,0.04590818363273453,0.5769899956502827,0.6265560165975104,0.0673105653747081,0.06260485379933445
nodip3,susp20,0.5005166356685266,1.0,0.5,0.5103734439834025,0.0,0.0
nodip3,bars_before_signal,0.4274643521388717,0.07984031936127745,0.42311874728142673,0.5103734439834025,1401.0,1603.5
nodip3,log_price,0.52490183922298,0.5688622754491018,0.5237059591126577,0.5477178423236515,2.3204250111223765,2.2460125019216766
nodip3,is_st,0.48811737962388924,0.46706586826347307,0.4860809047411918,0.5269709543568465,0.0,0.0
nodip3,board_cyb,0.6082868361231659,0.003992015968063872,0.6132013919095258,0.5145228215767634,0.0,0.0
nodip3,board_sh,0.4793345732589378,0.4590818363273453,0.4795563288386255,0.475103734439834,0.0,0.0
nodip3,board_kcb,0.44513329200247986,0.03592814371257485,0.441278816876903,0.5186721991701245,0.0,0.0
nodip3,prior_signals_same_stock,0.4747881793759041,0.021956087824351298,0.47433666811657244,0.483402489626556,0.0,0.0
nodip3,rel1,0.5603430460839016,0.1536926147704591,0.5611135276207047,0.5456431535269709,0.0081685422789681,0.00433702619269485
nodip3,rel5,0.4839842942756768,0.7025948103792415,0.4834710743801653,0.49377593360995853,0.003711177501168,0.0058531506769546
nodip3,rel20,0.3926431080801819,0.00998003992015968,0.38777729447585907,0.4854771784232365,-0.1147387909506789,-0.0877227571890618
nodip3,rel60,0.40648894399669355,0.031936127744510975,0.41148325358851673,0.3112033195020747,-0.1435244584776317,-0.1079681194747288
nodip3,rel250,0.5346145897912792,0.38323353293413176,0.5371900826446281,0.4854771784232365,-0.1368317948927602,-0.13605875078899896
nodip3,stock_ret_since_cluster_start,0.39780946476544743,0.011976047904191617,0.38886472379295345,0.5684647302904564,-0.1667316084558797,-0.1290269798744381
