weights,cap,panic_max_pos,win,drop,final,cagr,max_dd,dd_p10,cagr_p10,cagr_p90,avg_exp,max_exp,n,n0,n1,n2,vol,min_cash,partial,sizing,name
"(0.02, 0.08, 0.06)",0.9,15.0,A,,1306599.618059563,0.08037349576315211,-0.18634671466934682,-0.24196701078311023,0.07222402324099712,0.08802095005847763,0.20357609004628158,0.8935538838506615,58.0,42.0,16.0,0.0,0.09272618570879376,0.10644611614933855,,,0 baseline 2/8/6 cap.9 pmp15
"(0.02, 0.08, 0.06)",0.9,15.0,B,,1735429.669338437,0.10506306184925918,-0.2681628433240249,-0.29488445792861356,0.09065594620720038,0.11885554447892462,0.45623584673638395,0.8986124121153556,125.0,85.0,40.0,0.0,0.1377060127212052,0.10138758788464436,,,0 baseline 2/8/6 cap.9 pmp15
"(0.02, 0.08, 0.06)",0.9,15.0,F,,3826618.471385981,0.09396913078579872,-0.27701190488316346,-0.29507266771682295,0.0875634136966112,0.10171054868091922,0.3330018233732518,0.8976047541487039,184.0,127.0,57.0,0.0,0.11822700132829134,0.10239524585129614,,,0 baseline 2/8/6 cap.9 pmp15
"(0.02, 0.08, 0.06)",0.9,15.0,A,,1313936.7659634356,0.08097460607199347,-0.19440311145451333,-0.24541101696237377,0.07412764774298475,0.08850947625203018,0.20970781305473984,0.9103330534937031,59.0,41.0,18.0,0.0,0.09666917271481457,0.08966694650629684,True,,1 +partial
"(0.02, 0.08, 0.06)",0.9,15.0,B,,1768147.487314079,0.10700731825740284,-0.2825939001441243,-0.30796154671647274,0.0966895445743676,0.12025083068469743,0.4669637826954489,0.908086518709037,130.0,82.0,47.0,0.0,0.1417780952911055,0.091913481290963,True,,1 +partial
"(0.02, 0.08, 0.06)",0.9,15.0,F,,3975196.8675108487,0.09599111057453058,-0.2831784640557457,-0.3091478231771298,0.0904543761768662,0.10228796787110972,0.3423488212332165,0.9103330534937031,190.0,124.0,66.0,0.0,0.12224043040990712,0.08966694650629684,True,,1 +partial
"(0.02, 0.08, 0.06)",0.9,,A,,1294469.5177664626,0.07937300368268818,-0.20518963447757105,-0.2388975725123204,0.07225616602817378,0.08798242004374432,0.2074682521980682,0.8948941988586808,60.0,43.0,15.0,1.0,0.09441162437847914,0.10510580114131919,,,2 +pmpNone
"(0.02, 0.08, 0.06)",0.9,,B,,1750409.8941431008,0.10595795362965055,-0.26828425658595756,-0.29488445792861356,0.09101789646479112,0.11913695329233041,0.45672323667765047,0.8988916008992862,125.0,84.0,40.5,0.0,0.1381685937644699,0.10110839910071384,,,2 +pmpNone
"(0.02, 0.08, 0.06)",0.9,,F,,3863413.139917656,0.09447674536634498,-0.2770119048831634,-0.29507266771682306,0.08691700277246546,0.1016290405685933,0.335176800299268,0.8992006977664946,185.0,127.0,56.0,2.0,0.11914943023397842,0.10079930223350538,,,2 +pmpNone
"(0.02, 0.08, 0.06)",1.0,15.0,A,,1339930.1631969763,0.08308014933581687,-0.22267863007850036,-0.2559908267566712,0.07393741776641502,0.09057292596488933,0.22290687655151542,0.9843187598898422,60.0,43.0,17.0,0.0,0.10247337875194322,0.01568124011015778,,,3 +cap1.0
"(0.02, 0.08, 0.06)",1.0,15.0,B,,1906428.7276802985,0.11487570898769228,-0.29830260056780067,-0.3281513789532356,0.10420859636311257,0.1274050100153361,0.4958118556815656,0.9950847496995009,133.0,86.0,47.0,0.0,0.15093804165683575,0.0049152503004991546,,,3 +cap1.0
"(0.02, 0.08, 0.06)",1.0,15.0,F,,4299165.867623037,0.10016132035411174,-0.30229550499053753,-0.3281515708352169,0.0938883765009412,0.10553924085661626,0.36423050724256023,0.9949852234112301,193.0,129.0,65.0,0.0,0.1297022273572012,0.005014776588769859,,,3 +cap1.0
"(0.02, 0.15, 0.06)",0.9,15.0,A,,1497270.8104998898,0.09509111274045112,-0.2089567757933336,-0.25565582411250753,0.08422077441197943,0.105505823890232,0.2172130798126124,0.9084299542778531,52.0,40.0,11.0,1.0,0.11218676804006654,0.09157004572214683,,,4 +adj15
"(0.02, 0.15, 0.06)",0.9,15.0,B,,1629672.5429719351,0.09854401618650166,-0.2844128185163626,-0.3127275494284086,0.07157456087422345,0.12200884958904108,0.45190322573695885,0.8968254566063585,104.0,84.5,20.0,0.0,0.14602980073385258,0.10317454339364154,,,4 +adj15
"(0.02, 0.15, 0.06)",0.9,15.0,F,,3965122.4066371853,0.09585585025123788,-0.3127158342937333,-0.3127274770147237,0.08449925223534574,0.1090008064675035,0.339515646223595,0.9084299542778531,155.0,122.0,30.5,1.0,0.13225597347714685,0.09157004572214683,,,4 +adj15
"(0.02, 0.15, 0.06)",0.9,15.0,A,,1478806.586204398,0.09374213253737063,-0.2161035895560624,-0.2738621006628264,0.08304673454947095,0.10658079401354598,0.22308195929957397,0.9108146160353682,53.0,40.0,13.0,0.0,0.11649990229721266,0.08918538396463178,True,,5 +adj15+partial
"(0.02, 0.15, 0.06)",0.9,15.0,B,,1735246.9904881539,0.10505323179039816,-0.2846565930536308,-0.2892538593621161,0.08677358912057967,0.12425943385564912,0.4804485167484599,0.9084449733123213,107.0,79.0,28.5,0.0,0.15274797968965353,0.09155502668767863,True,,5 +adj15+partial
"(0.02, 0.15, 0.06)",0.9,15.0,F,,4436015.513888419,0.10183357660916259,-0.28465673417471155,-0.28467567034154356,0.09261029340528348,0.11476891829181331,0.35335002682948274,0.9108146160353682,159.0,117.0,41.0,0.0,0.1365800563613936,0.08918538396463178,True,,5 +adj15+partial
"(0.02, 0.15, 0.06)",0.95,15.0,A,,1530220.30049684,0.09745280997871164,-0.22745588598394306,-0.28960508892507586,0.08546063108389097,0.10946101388828638,0.2325394866297113,0.9556193112786018,55.0,41.0,14.0,0.0,0.11990679797575436,0.04438068872139824,True,,6 +adj15+partial+cap.95
"(0.02, 0.15, 0.06)",0.95,15.0,B,,1834070.385459471,0.11082544004122152,-0.2765805403128778,-0.3001143031357729,0.09484834355841257,0.12723040716302866,0.49903018945654987,0.9545660251324916,110.0,80.0,31.0,0.0,0.16095947712079342,0.045433974867508484,True,,6 +adj15+partial+cap.95
"(0.02, 0.15, 0.06)",0.95,15.0,F,,4885507.420267377,0.10700074043741892,-0.2765786983782852,-0.29740017729980833,0.09666266833253563,0.11771968821328252,0.36798097418949915,0.9556193112786018,165.0,120.0,45.0,0.0,0.142693696733497,0.04438068872139824,True,,6 +adj15+partial+cap.95
"(0.02, 0.15, 0.06)",1.0,15.0,A,,1554382.223086251,0.09916755827445212,-0.2373748664954467,-0.29990827694872474,0.08794176268647007,0.11396158160278669,0.24353984837969422,1.0,55.0,41.0,14.0,0.0,0.12314863517452078,0.0,True,,7 +adj15+partial+cap1
"(0.02, 0.15, 0.06)",1.0,15.0,B,,1932017.1828051563,0.116275038645821,-0.289045791148307,-0.3125513548971697,0.09853911116531362,0.1334309616937258,0.5209851429247401,1.0,112.5,81.0,33.0,0.0,0.16828289434935179,0.0,True,,7 +adj15+partial+cap1
"(0.02, 0.15, 0.06)",1.0,15.0,F,,5212169.059309373,0.11047913246003904,-0.2886208404980139,-0.31267079856479174,0.10060932194749919,0.12173627433691651,0.384284863288712,1.0,168.0,121.0,47.0,0.0,0.14820419906835597,-3.115550313723421e-18,True,,7 +adj15+partial+cap1
"(0.02, 0.15, 0.06)",1.0,,A,,1554382.223086251,0.09916755827445212,-0.2373748664954467,-0.29990827694872474,0.08794176268647007,0.11396158160278669,0.24353984837969422,1.0,55.0,41.0,14.0,0.0,0.12314863517452078,0.0,True,,8 +adj15+partial+cap1+pmpNone
"(0.02, 0.15, 0.06)",1.0,,B,,1932017.1828051563,0.116275038645821,-0.289045791148307,-0.3125513548971697,0.09853911116531362,0.1334309616937258,0.5209851429247401,1.0,112.5,81.0,33.0,0.0,0.16828289434935179,0.0,True,,8 +adj15+partial+cap1+pmpNone
"(0.02, 0.15, 0.06)",1.0,,F,,5212169.059309373,0.11047913246003904,-0.2886208404980139,-0.31267079856479174,0.10060932194749919,0.12173627433691651,0.384284863288712,1.0,168.0,121.0,47.0,0.0,0.14820419906835597,-3.115550313723421e-18,True,,8 +adj15+partial+cap1+pmpNone
"(0.02, 0.08, 0.06)",1.0,,A,,1364207.4232059247,0.08501347255675273,-0.21183544299988338,-0.2661416783713238,0.07745261081750401,0.09113630545357126,0.22750400601104448,1.0,62.0,41.0,21.0,0.0,0.10472848630151312,0.0,True,,9 +partial+cap1+pmpNone (adj8)
"(0.02, 0.08, 0.06)",1.0,,B,,1950620.2350013226,0.11728168031709629,-0.31697969821223043,-0.34898737446717326,0.11028009920890351,0.12753191255894197,0.5111656808761589,1.0,137.5,85.0,53.0,0.0,0.15558393949274218,0.0,True,,9 +partial+cap1+pmpNone (adj8)
"(0.02, 0.08, 0.06)",1.0,,F,,4414003.454473531,0.10156798998171646,-0.3210790966364803,-0.34980969046652693,0.09668222649826808,0.10738596507866294,0.3749639017601023,1.0,200.0,126.0,74.0,0.0,0.13377330431300566,0.0,True,,9 +partial+cap1+pmpNone (adj8)
"(0.02, 0.15, 0.06)",1.0,25.0,A,,1554382.223086251,0.09916755827445212,-0.2373748664954467,-0.29990827694872474,0.08794176268647007,0.11396158160278669,0.24353984837969422,1.0,55.0,41.0,14.0,0.0,0.12314863517452078,0.0,True,,a adj15 partial cap1 pmp25
"(0.02, 0.15, 0.06)",1.0,25.0,B,,1932017.1828051563,0.116275038645821,-0.289045791148307,-0.3125513548971697,0.09853911116531362,0.1334309616937258,0.5209851429247401,1.0,112.5,81.0,33.0,0.0,0.16828289434935179,0.0,True,,a adj15 partial cap1 pmp25
"(0.02, 0.15, 0.06)",1.0,25.0,F,,5212169.059309373,0.11047913246003904,-0.2886208404980139,-0.31267079856479174,0.10060932194749919,0.12173627433691651,0.384284863288712,1.0,168.0,121.0,47.0,0.0,0.14820419906835597,-3.115550313723421e-18,True,,a adj15 partial cap1 pmp25
"(0.02, 0.15, 0.06)",1.0,40.0,A,,1554382.223086251,0.09916755827445212,-0.2373748664954467,-0.29990827694872474,0.08794176268647007,0.11396158160278669,0.24353984837969422,1.0,55.0,41.0,14.0,0.0,0.12314863517452078,0.0,True,,b adj15 partial cap1 pmp40
"(0.02, 0.15, 0.06)",1.0,40.0,B,,1932017.1828051563,0.116275038645821,-0.289045791148307,-0.3125513548971697,0.09853911116531362,0.1334309616937258,0.5209851429247401,1.0,112.5,81.0,33.0,0.0,0.16828289434935179,0.0,True,,b adj15 partial cap1 pmp40
"(0.02, 0.15, 0.06)",1.0,40.0,F,,5212169.059309373,0.11047913246003904,-0.2886208404980139,-0.31267079856479174,0.10060932194749919,0.12173627433691651,0.384284863288712,1.0,168.0,121.0,47.0,0.0,0.14820419906835597,-3.115550313723421e-18,True,,b adj15 partial cap1 pmp40
"(0.02, 0.15, 0.06)",1.0,,A,,1549284.825243568,0.09881042172799381,-0.23635656804022254,-0.3003856855725761,0.08750773831565828,0.11371290497581153,0.24246908753177654,1.0,55.0,41.0,14.0,0.0,0.12258792064495275,0.0,True,mtm,c adj15 partial cap1 pmpNone mtm
"(0.02, 0.15, 0.06)",1.0,,B,,1910631.440693526,0.1151068852367394,-0.2911898028879316,-0.3142272741520976,0.097586751368315,0.13284955499571766,0.5195215593436133,1.0,114.0,81.0,33.0,0.0,0.16747495062986506,0.0,True,mtm,c adj15 partial cap1 pmpNone mtm
"(0.02, 0.15, 0.06)",1.0,,F,,5174110.562029192,0.11008483622334508,-0.28984100773437615,-0.31313472559169137,0.10078347933728413,0.12112195652776078,0.3830772620168904,1.0,170.0,122.5,47.5,0.0,0.14763160165471348,-6.067916219415775e-18,True,mtm,c adj15 partial cap1 pmpNone mtm
"(0.02, 0.12, 0.06)",1.0,,A,,1480333.470009753,0.09385435320362823,-0.22674949620473195,-0.2950556164662383,0.08256032769504476,0.10525897814027312,0.2361112856116112,1.0,56.0,41.0,15.0,0.0,0.11448599033707159,0.0,True,,d adj12 partial cap1 pmpNone
"(0.02, 0.12, 0.06)",1.0,,B,,1949266.7298462742,0.11720869301286896,-0.31072917847741716,-0.32020662825580704,0.10116948104562477,0.13630597818571558,0.5179568603721836,1.0,121.0,82.0,39.0,0.0,0.1637274235329612,0.0,True,,d adj12 partial cap1 pmpNone
"(0.02, 0.12, 0.06)",1.0,,F,,5007812.226356419,0.10832788493933276,-0.31144749648645537,-0.3191958314167852,0.09951572032818812,0.1181107989392209,0.38021608523110306,1.0,178.0,122.0,55.0,0.0,0.14213360790613677,-2.555706600734309e-18,True,,d adj12 partial cap1 pmpNone
"(0.02, 0.18, 0.06)",1.0,,A,,1600200.2991204956,0.1023458918483523,-0.24063524109635587,-0.3008051667253394,0.08908192867121445,0.11660996138258838,0.24665271902457608,1.0,51.0,38.0,13.0,0.0,0.13096768936857978,0.0,True,,e adj18 partial cap1 pmpNone
"(0.02, 0.18, 0.06)",1.0,,B,,1902001.5069884786,0.11462792158210622,-0.3271825894752796,-0.3341685878686107,0.09055247196913396,0.13658553363702478,0.5289160433759407,1.0,106.0,79.0,28.0,0.0,0.17164659496796147,-6.483275087471398e-18,True,,e adj18 partial cap1 pmpNone
"(0.02, 0.18, 0.06)",1.0,,F,,5187784.066255923,0.11022684276973849,-0.3341370187153498,-0.33416318817115837,0.09892820571305891,0.12673176351021784,0.3893155659841929,1.0,156.0,115.0,40.0,0.0,0.15451408371382147,-1.9419687854138908e-18,True,,e adj18 partial cap1 pmpNone
"(0.0, 0.2, 0.06)",1.0,,A,,1645484.3750013085,0.10540606643780381,-0.23209454428341403,-0.3272548611424982,0.08713378494605162,0.12229108885713455,0.22070978677784892,1.0,15.0,0.0,15.0,0.0,0.1354328965117832,0.0,True,,f adj20 norm0 partial cap1 pmpNone
"(0.0, 0.2, 0.06)",1.0,,B,,1950429.6526842853,0.11727126500447249,-0.30326589341864507,-0.3358582465246272,0.09653962554142381,0.13753870794859438,0.48345943104226086,1.0,29.0,0.0,29.0,0.0,0.1833550690497442,0.0,True,,f adj20 norm0 partial cap1 pmpNone
"(0.0, 0.2, 0.06)",1.0,,F,,5415825.982951636,0.11254420368931095,-0.30325772782416377,-0.33493384069489757,0.10079023303893678,0.12633064877917524,0.35541653499559633,1.0,43.0,0.0,43.0,0.0,0.16255987146465373,0.0,True,,f adj20 norm0 partial cap1 pmpNone
"(0.02, 0.15, 0.06)",0.9,,A,,1478806.586204398,0.09374213253737063,-0.2161035895560624,-0.2738621006628264,0.08304673454947095,0.10658079401354598,0.22308195929957397,0.9108146160353682,53.0,40.0,13.0,0.0,0.11649990229721266,0.08918538396463178,True,,g adj15 partial cap.9 pmpNone
"(0.02, 0.15, 0.06)",0.9,,B,,1735246.9904881539,0.10505323179039816,-0.2846565930536308,-0.2892538593621161,0.08677358912057967,0.12425943385564912,0.4804485167484599,0.9084449733123213,107.0,79.0,28.5,0.0,0.15274797968965353,0.09155502668767863,True,,g adj15 partial cap.9 pmpNone
"(0.02, 0.15, 0.06)",0.9,,F,,4436015.513888419,0.10183357660916259,-0.28465673417471155,-0.28467567034154356,0.09261029340528348,0.11476891829181331,0.35335002682948274,0.9108146160353682,159.0,117.0,41.0,0.0,0.1365800563613936,0.08918538396463178,True,,g adj15 partial cap.9 pmpNone
"(0.02, 0.15, 0.06)",0.8,,A,,1388392.712098692,0.08690930678095443,-0.1932942860952649,-0.2420601540563155,0.0764063756547517,0.09870623712146054,0.20354142756705795,0.8197092531246213,50.0,38.0,12.0,0.0,0.10444485733052924,0.18029074687537885,True,,h adj15 partial cap.8 pmpNone
"(0.02, 0.15, 0.06)",0.8,,B,,1587673.467622464,0.095853057400907,-0.2662057074284404,-0.2907666880058478,0.07014410464993545,0.11655530351345059,0.4370804888703641,0.8145917611696678,103.0,79.0,25.0,0.0,0.13755128042512446,0.1854082388303322,True,,h adj15 partial cap.8 pmpNone
"(0.02, 0.15, 0.06)",0.8,,F,,3589062.649946931,0.0905753880732787,-0.2907549788849405,-0.290766803368922,0.08095653176007522,0.10520376603704251,0.32209697502858203,0.8197092531246213,151.0,114.0,37.0,0.0,0.12366645636904708,0.18029074687537885,True,,h adj15 partial cap.8 pmpNone
"(0.02, 0.15, 0.06)",0.85,,A,,1442611.1892617708,0.09105323913336028,-0.2035415705609438,-0.25484722035957735,0.0797369799116761,0.10288178121752131,0.21452984161532196,0.8651179354270142,51.0,38.0,13.0,0.0,0.11115071939942098,0.13488206457298574,True,,i adj15 partial cap.85 pmpNone
"(0.02, 0.15, 0.06)",0.85,,B,,1654472.1174257922,0.10010945681849714,-0.2816083706565745,-0.2928051169823208,0.0776635029827264,0.1200321677321658,0.45902271676366474,0.8617920095050876,106.0,79.0,27.5,0.0,0.14431772867453993,0.1382079904949124,True,,i adj15 partial cap.85 pmpNone
"(0.02, 0.15, 0.06)",0.85,,F,,4019626.9223556938,0.09658176439047028,-0.2927926217717403,-0.29280500407642324,0.08669351829650071,0.11025862505735774,0.3377874920095745,0.8651179354270142,156.0,115.5,40.0,0.0,0.13035190799194352,0.13488206457298574,True,,i adj15 partial cap.85 pmpNone
"(0.02, 0.08, 0.06)",0.8,,A,,1263161.62205878,0.07675111473356766,-0.17936450121221947,-0.22553680072374108,0.07066014883309915,0.0852064299074244,0.19362788553977228,0.8178817046273694,58.0,41.0,17.0,0.0,0.08841660666984585,0.18211829537263063,True,,j base partial cap.8 pmpNone
"(0.02, 0.08, 0.06)",0.8,,B,,1623250.8827365017,0.09813977001466423,-0.24965551888820936,-0.26368064347556835,0.08515707431975816,0.11144438448951963,0.4229115756644325,0.8148636217895987,123.0,81.0,43.0,0.0,0.12699193744019904,0.18513637821040127,True,,j base partial cap.8 pmpNone
"(0.02, 0.08, 0.06)",0.8,,F,,3486041.2647995315,0.08903730403730392,-0.2529201256342439,-0.2644991457194529,0.08411281216591163,0.09650693490552303,0.3107839194966989,0.8178817046273694,182.0,122.0,59.5,0.0,0.11059465613064556,0.18211829537263063,True,,j base partial cap.8 pmpNone
