name,win,drop,cagr,final,max_dd
K0_baseline,A,2008-09,0.06213433537420021,110.07832542066404,-0.18820675100169643
K0_baseline,F,2008-09,0.08616471527054614,330.11768611963356,-0.26879799369421353
K0_baseline,A,2012-01,0.07855150509641795,128.4585519537438,-0.1349298090980483
K0_baseline,F,2012-01,0.09362746468659022,380.2031538933306,-0.2678046754823294
K0_baseline,A,2012-08,0.07681978292987579,126.39726331830569,-0.20709041666302552
K0_baseline,F,2012-08,0.09221361431171005,370.1907885385926,-0.28483874183383384
K0_baseline,A,2012-12,0.07757652683226579,127.29448595843618,-0.18634671466934682
K0_baseline,F,2012-12,0.09280169067667177,374.3272862681599,-0.28952088233510703
K0_baseline,B,2018-02,0.10792572709224513,178.38052917217001,-0.2300227610371846
K0_baseline,F,2018-02,0.09361218067926191,380.09362821878574,-0.23522703448806603
K0_baseline,B,2018-07,0.10807225645533125,178.63143572297403,-0.2681628433240249
K0_baseline,F,2018-07,0.09438047390298154,385.6415950022698,-0.27701190488316346
K0_baseline,B,2018-10,0.09968535318310257,164.7704283524793,-0.26934488391235245
K0_baseline,F,2018-10,0.08974727038873309,353.3225429439348,-0.27999938648408357
K0_baseline,B,2021-02,0.09674320084371235,160.1437634899967,-0.2681628433240249
K0_baseline,F,2021-02,0.08761221630289218,339.31356249983105,-0.27701190488316346
K0_baseline,B,2022-05,0.09802847678851989,162.15022688143495,-0.26828425658595756
K0_baseline,F,2022-05,0.08980006338811197,353.6760986139979,-0.27701190488316346
K0_baseline,B,2022-10,0.09615324594949348,159.23032185939246,-0.2681628433240249
K0_baseline,F,2022-10,0.08858183143075793,345.6094628577307,-0.27701190488316346
K0_baseline,B,2024-02,0.1057218595754682,174.64414262795,-0.2681628433240249
K0_baseline,F,2024-02,0.09434693883099177,385.39712336989686,-0.27701190488316346
K0_baseline,B,2026-07,0.10301092317012539,170.14697042193058,-0.2681628433240249
K0_baseline,F,2026-07,0.09293980333113927,375.30176578792145,-0.27701190488316346
K0_baseline,A,Y2012,0.052307401413039245,100.24501129112794,-0.10697577703284744
K0_baseline,F,Y2012,0.07964378825082918,291.55334940852487,-0.28689600058586084
K0_baseline,B,Y2022,0.08431428350295145,141.86964923280232,-0.2681628433240249
K0_baseline,F,Y2022,0.0814919807078579,302.0251668370752,-0.27701190488316346
K0_baseline,B,Y2024,0.08872202139757535,148.1220831887718,-0.2681628433240249
K0_baseline,F,Y2024,0.084962702356013,322.66256101704494,-0.27701190488316346
K0_baseline,F,"top3(2012-01,2022-05,2024-02)",0.08814326715689524,342.7476950219175,-0.2678046754823294
K1_base_cap1_part,A,2008-09,0.06602942046769344,114.21044952497216,-0.21796020880995948
K1_base_cap1_part,F,2008-09,0.09306340238695288,376.17816125446546,-0.3191648617074087
K1_base_cap1_part,A,2012-01,0.08355284457477496,134.58289565897803,-0.15957814811851584
K1_base_cap1_part,F,2012-01,0.10168889812582971,442.4003873583566,-0.32140648366289676
K1_base_cap1_part,A,2012-08,0.08226247565599931,132.97822338330468,-0.2414405698097984
K1_base_cap1_part,F,2012-08,0.10034010483770361,431.3600002804488,-0.3146330300215273
K1_base_cap1_part,A,2012-12,0.08337377197710327,134.35917073905995,-0.21183544299988338
K1_base_cap1_part,F,2012-12,0.10045185949237223,432.26553058022995,-0.32297169079985777
K1_base_cap1_part,B,2018-02,0.11976664273712834,199.72372721845613,-0.2506259289290693
K1_base_cap1_part,F,2018-02,0.10188516002864112,444.02916639782626,-0.2619476162273972
K1_base_cap1_part,B,2018-07,0.11944643595349158,199.11740623813927,-0.31697969821223043
K1_base_cap1_part,F,2018-07,0.10303864631062476,453.71742113155256,-0.3210790966364803
K1_base_cap1_part,B,2018-10,0.10747763638140584,177.61514401036737,-0.31697969821223043
K1_base_cap1_part,F,2018-10,0.09676992875111112,403.38797566636066,-0.3214637669394319
K1_base_cap1_part,B,2021-02,0.10590130117931829,174.94568637417476,-0.31697969821223043
K1_base_cap1_part,F,2021-02,0.09527129380078947,392.1688940710803,-0.3210790966364803
K1_base_cap1_part,B,2022-05,0.10673197777837673,176.34784535980899,-0.31697969821223043
K1_base_cap1_part,F,2022-05,0.0961084013250646,398.39845563273013,-0.3210790966364803
K1_base_cap1_part,B,2022-10,0.10489359208557214,173.25853375717205,-0.31697969821223043
K1_base_cap1_part,F,2022-10,0.09430240652628197,385.0732505824948,-0.3210790966364803
K1_base_cap1_part,B,2024-02,0.11754549538428638,195.55202782796556,-0.31697969821223043
K1_base_cap1_part,F,2024-02,0.10200145398714167,444.99709729437546,-0.3210790966364803
K1_base_cap1_part,B,2026-07,0.11531969921806062,191.45114306140286,-0.31697969821223043
K1_base_cap1_part,F,2026-07,0.10057612179007891,433.2733126562774,-0.3210790966364803
K1_base_cap1_part,A,Y2012,0.052307401413039245,100.24501129112794,-0.10697577703284744
K1_base_cap1_part,F,Y2012,0.08609093922046784,329.65549481209547,-0.3205343747129481
K1_base_cap1_part,B,Y2022,0.09079063028279666,151.14120992078273,-0.31697969821223043
K1_base_cap1_part,F,Y2022,0.0879377679276172,341.4149923539435,-0.3210790966364803
K1_base_cap1_part,B,Y2024,0.09878304260955872,163.33878381148486,-0.31697969821223043
K1_base_cap1_part,F,Y2024,0.0923453989090397,371.11322166941846,-0.3210790966364803
K1_base_cap1_part,F,"top3(2012-01,2022-05,2024-02)",0.09467072833419632,387.7560295709524,-0.32140648366289676
C1_2_15_6_cap1_part,A,2008-09,0.06849710036047707,116.90018816679458,-0.23933580735173626
C1_2_15_6_cap1_part,F,2008-09,0.09579179515984548,396.03100752834115,-0.2886781945030736
C1_2_15_6_cap1_part,A,2012-01,0.10238203996628459,160.07078252110603,-0.18128094938215145
C1_2_15_6_cap1_part,F,2012-01,0.1102108027790707,518.6236756533228,-0.2884690255993841
C1_2_15_6_cap1_part,A,2012-08,0.0967253013953302,151.99158830709152,-0.24543499967437282
C1_2_15_6_cap1_part,F,2012-08,0.10803399407133318,498.0472662017992,-0.289037818759358
C1_2_15_6_cap1_part,A,2012-12,0.09801492604027229,153.80068919616772,-0.2373748664954467
C1_2_15_6_cap1_part,F,2012-12,0.10810239024471391,498.67955188414965,-0.28904582261262984
C1_2_15_6_cap1_part,B,2018-02,0.12222673639544479,204.4381766125641,-0.26423555965668405
C1_2_15_6_cap1_part,F,2018-02,0.11279506390886884,544.1061964062142,-0.2809853971858902
C1_2_15_6_cap1_part,B,2018-07,0.11868994754290563,197.69857904707067,-0.28903516169370275
C1_2_15_6_cap1_part,F,2018-07,0.11071411670164422,523.4992144122801,-0.2890409314346643
C1_2_15_6_cap1_part,B,2018-10,0.11000247877097147,181.96738907460588,-0.29199089741140977
C1_2_15_6_cap1_part,F,2018-10,0.10561522248618871,476.0906459106762,-0.29371819220658923
C1_2_15_6_cap1_part,B,2021-02,0.10654608337066673,176.03332514371536,-0.28787740836260933
C1_2_15_6_cap1_part,F,2021-02,0.10189437987577932,444.10575238493607,-0.2895383940153075
C1_2_15_6_cap1_part,B,2022-05,0.10712218228450077,177.0113593204881,-0.28904094771546773
C1_2_15_6_cap1_part,F,2022-05,0.1055301882382289,475.33796424606277,-0.2890409314346643
C1_2_15_6_cap1_part,B,2022-10,0.10410381637511079,171.94636378730024,-0.28789027181848803
C1_2_15_6_cap1_part,F,2022-10,0.10263860137000103,450.3348182553066,-0.28789530402167585
C1_2_15_6_cap1_part,B,2024-02,0.11662147533206357,193.83993681358598,-0.28904094771546773
C1_2_15_6_cap1_part,F,2024-02,0.11163505931473106,532.5234856063586,-0.2886208404980139
C1_2_15_6_cap1_part,B,2026-07,0.11312108651386421,187.4767110991374,-0.289045791148307
C1_2_15_6_cap1_part,F,2026-07,0.10892995635068647,506.41897866045645,-0.2886208404980139
C1_2_15_6_cap1_part,A,Y2012,0.06766467956412658,115.98647314261356,-0.18128094938215145
C1_2_15_6_cap1_part,F,Y2012,0.09266287622647973,373.3447063798741,-0.2878965908684841
C1_2_15_6_cap1_part,B,Y2022,0.09601039797558841,159.00986041956796,-0.2878695665917941
C1_2_15_6_cap1_part,F,Y2022,0.09891759809949674,420.00078766468044,-0.2878824309997899
C1_2_15_6_cap1_part,B,Y2024,0.09564152413081828,158.4441888731767,-0.2878695665917941
C1_2_15_6_cap1_part,F,Y2024,0.09978457766222049,426.891090250317,-0.2878857152713743
C1_2_15_6_cap1_part,F,"top3(2012-01,2022-05,2024-02)",0.10712797891212889,489.71057980366834,-0.2878986969328836
C1b_2_15_6_cap095_part,A,2008-09,0.06741955683148848,115.72356810431431,-0.23047177350501324
C1b_2_15_6_cap095_part,F,2008-09,0.09167661969837126,366.4609816220724,-0.27658230434700903
C1b_2_15_6_cap095_part,A,2012-01,0.10112841813731432,158.24767637090542,-0.18128094938215145
C1b_2_15_6_cap095_part,F,2012-01,0.10715595540052347,489.9683164581297,-0.2765785749803982
C1b_2_15_6_cap095_part,A,2012-08,0.09464660587423157,149.11678671251659,-0.23188311067186407
C1b_2_15_6_cap095_part,F,2012-08,0.10475140947063522,468.4762276261773,-0.27658492712352484
C1b_2_15_6_cap095_part,A,2012-12,0.09503384741515064,149.64819694784543,-0.22745588598394306
C1b_2_15_6_cap095_part,F,2012-12,0.10460546876497323,467.2005924887411,-0.27657252439522473
C1b_2_15_6_cap095_part,B,2018-02,0.11847403688798319,197.28656665386575,-0.2530888405985868
C1b_2_15_6_cap095_part,F,2018-02,0.1088826962615681,505.9788703674414,-0.2692750396979194
C1b_2_15_6_cap095_part,B,2018-07,0.11288470835818243,187.05393617023458,-0.2765769651245341
C1b_2_15_6_cap095_part,F,2018-07,0.10685489308682683,487.2249199287183,-0.27658134530799444
C1b_2_15_6_cap095_part,B,2018-10,0.10250507668739328,169.31842267247964,-0.2812764592822698
C1b_2_15_6_cap095_part,F,2018-10,0.10181837166956542,443.47422362789774,-0.28131568181104716
C1b_2_15_6_cap095_part,B,2021-02,0.10167376869346356,167.96580121439715,-0.27657159601319803
C1b_2_15_6_cap095_part,F,2021-02,0.0984441425283038,416.2848067479655,-0.27658400655847754
C1b_2_15_6_cap095_part,B,2022-05,0.10432729538252694,172.31821102838992,-0.2765747447598795
C1b_2_15_6_cap095_part,F,2022-05,0.1019876920475008,444.8882450790437,-0.27658505052107507
C1b_2_15_6_cap095_part,B,2022-10,0.09968695587804688,164.77292636292285,-0.27657159601319803
C1b_2_15_6_cap095_part,F,2022-10,0.09942847468286187,424.0473524813423,-0.27658060201193196
C1b_2_15_6_cap095_part,B,2024-02,0.11293480767974784,187.1454046132051,-0.2765777700524661
C1b_2_15_6_cap095_part,F,2024-02,0.10745877205101739,492.7393911628807,-0.2765786983782852
C1b_2_15_6_cap095_part,B,2026-07,0.10842504271399023,179.23713159862658,-0.2765805403128778
C1b_2_15_6_cap095_part,F,2026-07,0.10564674909910121,476.3739033662185,-0.2765786983782852
C1b_2_15_6_cap095_part,A,Y2012,0.06766467956412658,115.98647314261356,-0.18128094938215145
C1b_2_15_6_cap095_part,F,Y2012,0.08897617718036699,348.20122730394604,-0.27657777005246587
C1b_2_15_6_cap095_part,B,Y2022,0.09203625303660656,152.98627664674396,-0.2664825197485573
C1b_2_15_6_cap095_part,F,Y2022,0.09651657274517422,401.4707690707277,-0.27657480645865845
C1b_2_15_6_cap095_part,B,Y2024,0.0923370762596506,153.44123133989717,-0.2664825197485573
C1b_2_15_6_cap095_part,F,Y2024,0.09727652513228624,407.2532643236268,-0.27657783175124495
C1b_2_15_6_cap095_part,F,"top3(2012-01,2022-05,2024-02)",0.1043073364905106,464.6064343307956,-0.27657246269613955
C2_0_20_6_cap1_part,A,2008-09,0.06592583629433757,114.10019965627785,-0.24365463199583487
C2_0_20_6_cap1_part,F,2008-09,0.09327094525408719,377.65510072970017,-0.3034517557857838
C2_0_20_6_cap1_part,A,2012-01,0.10613284220583208,165.63899945514075,-0.21054988984643686
C2_0_20_6_cap1_part,F,2012-01,0.11205060524428445,536.645350613395,-0.30326023224002074
C2_0_20_6_cap1_part,A,2012-08,0.09776701208197214,153.45121321552278,-0.254117882193321
C2_0_20_6_cap1_part,F,2012-08,0.11130272778331007,529.2605731482798,-0.303474431521623
C2_0_20_6_cap1_part,A,2012-12,0.1005545931132572,157.41943591113474,-0.23209454428341403
C2_0_20_6_cap1_part,F,2012-12,0.10910097828398324,508.0368828351168,-0.3032734329598661
C2_0_20_6_cap1_part,B,2018-02,0.13505480340159337,230.69578636663206,-0.26898022394304405
C2_0_20_6_cap1_part,F,2018-02,0.12011428862476925,622.9194944137978,-0.296407340708901
C2_0_20_6_cap1_part,B,2018-07,0.11638722342563701,193.40853654824483,-0.303359128512691
C2_0_20_6_cap1_part,F,2018-07,0.11210406626936442,537.180669670555,-0.30320534008091954
C2_0_20_6_cap1_part,B,2018-10,0.10854222755539955,179.43915690728562,-0.31035028431772005
C2_0_20_6_cap1_part,F,2018-10,0.10847637391424547,502.1629335645279,-0.31068948313881894
C2_0_20_6_cap1_part,B,2021-02,0.10489613787961305,173.26266302433322,-0.29433737993829173
C2_0_20_6_cap1_part,F,2021-02,0.10267765665050899,450.6646494025603,-0.30347380525081263
C2_0_20_6_cap1_part,B,2022-05,0.10663805804855253,176.18879752725357,-0.2976409985421245
C2_0_20_6_cap1_part,F,2022-05,0.10639917744079697,483.10398953890615,-0.3034731789800023
C2_0_20_6_cap1_part,B,2022-10,0.10383855996551583,171.5076864549315,-0.29568745120434375
C2_0_20_6_cap1_part,F,2022-10,0.10520770652495304,472.4832531097699,-0.29762075912597724
C2_0_20_6_cap1_part,B,2024-02,0.11813265524126382,196.65079094985103,-0.30326589341864507
C2_0_20_6_cap1_part,F,2024-02,0.11225741068381245,538.7092089531908,-0.30325772782416377
C2_0_20_6_cap1_part,B,2026-07,0.11392654544103387,188.92464830424868,-0.30326589341864507
C2_0_20_6_cap1_part,F,2026-07,0.1110638078781836,526.9062951213726,-0.30325772782416377
C2_0_20_6_cap1_part,A,Y2012,0.0647247947699765,112.81112723667016,-0.21054988984643686
C2_0_20_6_cap1_part,F,Y2012,0.09015996185753461,356.0988648296359,-0.3023273358161855
C2_0_20_6_cap1_part,B,Y2022,0.08786284337117445,146.88373173749613,-0.2934977809364999
C2_0_20_6_cap1_part,F,Y2022,0.09748095773155774,408.8191240460725,-0.2976138067319243
C2_0_20_6_cap1_part,B,Y2024,0.09229863568444963,153.37881542188748,-0.2939172721964633
C2_0_20_6_cap1_part,F,Y2024,0.10079333147716074,435.0836283118974,-0.2976138067319243
C2_0_20_6_cap1_part,F,"top3(2012-01,2022-05,2024-02)",0.10738761417455134,492.08805146153384,-0.303244529816378
