weights,cap,partial,panic_max_pos,win,drop,final,cagr,max_dd,dd_p10,cagr_p10,cagr_p90,avg_exp,max_exp,n,n0,n1,n2,vol,min_cash
"(0, 0.04, 0.02)",1.0,True,,A,,1187298.3754570887,0.07014681647301202,-0.21629657471930963,-0.22488905671280485,0.0677728621573288,0.07131827312096899,0.17789907793086004,1.0,52.0,0.0,32.0,20.0,0.09072564864260874,0.0
"(0, 0.04, 0.02)",1.0,True,,B,,1956879.6636733608,0.11761854721605214,-0.3092222612200498,-0.31400769403801654,0.11580946292314342,0.11972200569476701,0.40626697011602864,1.0,146.0,0.0,76.0,70.0,0.1381523263257874,0.0
"(0, 0.04, 0.02)",1.0,True,,F,,3851012.7169592027,0.0943062646412679,-0.31130621979883105,-0.3140624438838185,0.09290776786720314,0.09561818569778543,0.2958125152649945,1.0,198.0,0.0,108.0,90.0,0.11765225857199058,0.0
"(0, 0.04, 0.06)",1.0,True,,A,,1179742.5181352613,0.06946833007162201,-0.21981552554200945,-0.24567453955195867,0.06593366053609936,0.07319001154524112,0.17743829342801792,1.0,38.0,0.0,31.0,7.0,0.09139908229246702,0.0
"(0, 0.04, 0.06)",1.0,True,,B,,2013379.0473022622,0.12061481528819828,-0.31802647954666735,-0.32703238466512335,0.11438839470515172,0.1278551422633975,0.4024485986309628,1.0,100.0,0.0,72.0,28.0,0.13992559257326598,0.0
"(0, 0.04, 0.06)",1.0,True,,F,,3946967.9644231703,0.09561236788414873,-0.3196938432866863,-0.32761420794539636,0.0914080674544558,0.09896150628924097,0.29706351120303376,1.0,139.0,0.0,103.0,35.0,0.12049321259448086,0.0
"(0, 0.06, 0.02)",1.0,True,,A,,1210673.738342132,0.0722213412599153,-0.21670184649456836,-0.22809149569566525,0.06835117135349944,0.07398004949952557,0.1874210904178188,1.0,33.0,0.0,28.0,5.0,0.09553740668226118,0.0
"(0, 0.06, 0.02)",1.0,True,,B,,2014226.8450722718,0.12065915294305629,-0.31488001301115315,-0.3260781532349601,0.11817883345662994,0.12376317364184496,0.43518659577657665,1.0,112.0,0.0,69.0,43.0,0.14668970821610217,0.0
"(0, 0.06, 0.02)",1.0,True,,F,,4066031.9902061857,0.09719208412429292,-0.3131089131766333,-0.32629173636467373,0.09506040621650484,0.09874506914444095,0.3170146256122778,1.0,145.0,0.0,97.0,49.0,0.12515012409092985,0.0
"(0, 0.06, 0.06)",1.0,True,,A,,1204987.213092838,0.07172001264103878,-0.21843725245252005,-0.23348086121420558,0.06747814407958155,0.07379696268806742,0.18817145176772476,1.0,30.0,0.0,28.0,2.0,0.09581844466540584,0.0
"(0, 0.06, 0.06)",1.0,True,,B,,2026935.743150878,0.12132235859261298,-0.3205453087789826,-0.3344624073641896,0.11366950556156119,0.12833914376076078,0.43925633756306665,1.0,83.0,0.0,68.0,15.0,0.14871115727115738,0.0
"(0, 0.06, 0.06)",1.0,True,,F,,4052181.2535239374,0.09701060620523805,-0.3187109999516279,-0.3358363831676979,0.09276890439739112,0.10092199557174819,0.319110779151494,1.0,113.0,0.0,95.0,17.0,0.1262291265802101,0.0
"(0, 0.08, 0.02)",1.0,True,,A,,1257027.4184826436,0.07623059958649658,-0.21598331158324563,-0.23756388404266396,0.07245233768382686,0.0813374333848482,0.1952354095983317,1.0,25.0,0.0,25.0,0.0,0.1006371741268546,0.0
"(0, 0.08, 0.02)",1.0,True,,B,,1975106.383751223,0.1185935827099166,-0.32555091923975477,-0.33356081715455266,0.11411587305244142,0.12326898559022655,0.46560334429788586,1.0,76.0,0.0,63.0,13.0,0.15532239442015264,0.0
"(0, 0.08, 0.02)",1.0,True,,F,,4187264.0259359665,0.09875573520217551,-0.3252078220086401,-0.3362346458855166,0.0948772992988326,0.10226185494658321,0.3356837325748121,1.0,101.0,0.0,88.0,13.0,0.13205157177854365,0.0
"(0, 0.08, 0.06)",1.0,True,,A,,1257027.4184826436,0.07623059958649658,-0.21598331158324563,-0.23756388404266396,0.07245233768382686,0.0813374333848482,0.1952354095983317,1.0,25.0,0.0,25.0,0.0,0.1006371741268546,0.0
"(0, 0.08, 0.06)",1.0,True,,B,,1963163.9271075877,0.11795565408809616,-0.32145164301451995,-0.34399632254943235,0.11251724763454704,0.12414319834045917,0.4645058604683727,1.0,67.0,0.0,63.0,4.0,0.15540422140856602,0.0
"(0, 0.08, 0.06)",1.0,True,,F,,4165319.3412875123,0.09847591176634451,-0.3249488670557433,-0.3448373495361723,0.09415371969527406,0.10231368808200235,0.3352835972126934,1.0,93.0,0.0,88.0,4.0,0.1323139310675302,0.0
"(0, 0.1, 0.02)",1.0,True,,A,,1331859.4456600645,0.08243036351737187,-0.21286984863384434,-0.2618434753563245,0.07211719825492824,0.08981234183352438,0.20006555554908517,1.0,21.0,0.0,21.0,0.0,0.10605611634767179,0.0
"(0, 0.1, 0.02)",1.0,True,,B,,1960813.4195500147,0.11782960552568089,-0.32457113519463804,-0.358569171182312,0.11067645606937433,0.12768739204151008,0.47316868739295137,1.0,56.0,0.0,56.0,0.0,0.1609479027684508,0.0
"(0, 0.1, 0.02)",1.0,True,,F,,4298777.269712642,0.1001565040971234,-0.3257598204155462,-0.35857479473301,0.09407909910554457,0.10718380848443776,0.34111895286167804,1.0,78.0,0.0,78.0,0.0,0.13715455034713603,0.0
"(0, 0.1, 0.06)",1.0,True,,A,,1331859.4456600645,0.08243036351737187,-0.21286984863384434,-0.2618434753563245,0.07211719825492824,0.08981234183352438,0.20006555554908517,1.0,21.0,0.0,21.0,0.0,0.10605611634767179,0.0
"(0, 0.1, 0.06)",1.0,True,,B,,1960813.4195500147,0.11782960552568089,-0.32457113519463804,-0.358569171182312,0.11067645606937433,0.12768739204151008,0.47316868739295137,1.0,56.0,0.0,56.0,0.0,0.1609479027684508,0.0
"(0, 0.1, 0.06)",1.0,True,,F,,4298777.269712642,0.1001565040971234,-0.3257598204155462,-0.35857479473301,0.09407909910554457,0.10718380848443776,0.34111895286167804,1.0,78.0,0.0,78.0,0.0,0.13715455034713603,0.0
"(0, 0.12, 0.02)",1.0,True,,A,,1371762.203770275,0.08560908591039107,-0.21219064582846597,-0.28094239557280454,0.07642352349762442,0.09750460049625378,0.20548791880267045,1.0,20.0,0.0,20.0,0.0,0.11110173636325013,0.0
"(0, 0.12, 0.02)",1.0,True,,B,,1969709.1525151501,0.11830567402208325,-0.321684838712956,-0.3519554629198656,0.10365043212890288,0.13680540096905508,0.47457650469429374,1.0,48.0,0.0,48.0,0.0,0.16616814411941028,0.0
"(0, 0.12, 0.02)",1.0,True,,F,,4657574.178515343,0.10443972172498517,-0.3220526901325028,-0.3549008069388421,0.09637726005684784,0.11314085259288108,0.3430641519387212,1.0,68.0,0.0,68.0,0.0,0.1425811482239644,-3.740521797540292e-18
"(0, 0.12, 0.06)",1.0,True,,A,,1371762.203770275,0.08560908591039107,-0.21219064582846597,-0.28094239557280454,0.07642352349762442,0.09750460049625378,0.20548791880267045,1.0,20.0,0.0,20.0,0.0,0.11110173636325013,0.0
"(0, 0.12, 0.06)",1.0,True,,B,,1969709.1525151501,0.11830567402208325,-0.321684838712956,-0.3519554629198656,0.10365043212890288,0.13680540096905508,0.47457650469429374,1.0,48.0,0.0,48.0,0.0,0.16616814411941028,0.0
"(0, 0.12, 0.06)",1.0,True,,F,,4657574.178515343,0.10443972172498517,-0.3220526901325028,-0.3549008069388421,0.09637726005684784,0.11314085259288108,0.3430641519387212,1.0,68.0,0.0,68.0,0.0,0.1425811482239644,-3.740521797540292e-18
"(0, 0.15, 0.02)",1.0,True,,A,,1466189.2984351832,0.09281152790880565,-0.2134835924465634,-0.3020959546255419,0.07922633910701167,0.10641044139159744,0.21269373705324685,1.0,17.0,0.0,17.0,0.0,0.11906358696271577,0.0
"(0, 0.15, 0.02)",1.0,True,,B,,1969565.8024792469,0.11829807707185924,-0.3258941801666925,-0.34710085614689595,0.09836049207271522,0.14081404190541696,0.4772265529214439,1.0,39.0,0.0,39.0,0.0,0.17386200300093518,0.0
"(0, 0.15, 0.02)",1.0,True,,F,,5151078.048329162,0.10984478660491559,-0.3253766460564118,-0.34515822671021434,0.09821426076729296,0.12033497996008591,0.34798426775341296,1.0,56.0,0.0,56.0,0.0,0.14935785906662608,0.0
"(0, 0.15, 0.06)",1.0,True,,A,,1466189.2984351832,0.09281152790880565,-0.2134835924465634,-0.3020959546255419,0.07922633910701167,0.10641044139159744,0.21269373705324685,1.0,17.0,0.0,17.0,0.0,0.11906358696271577,0.0
"(0, 0.15, 0.06)",1.0,True,,B,,1969565.8024792469,0.11829807707185924,-0.3258941801666925,-0.34710085614689595,0.09836049207271522,0.14081404190541696,0.4772265529214439,1.0,39.0,0.0,39.0,0.0,0.17386200300093518,0.0
"(0, 0.15, 0.06)",1.0,True,,F,,5151078.048329162,0.10984478660491559,-0.3253766460564118,-0.34515822671021434,0.09821426076729296,0.12033497996008591,0.34798426775341296,1.0,56.0,0.0,56.0,0.0,0.14935785906662608,0.0
"(0, 0.18, 0.02)",1.0,True,,A,,1592685.584124257,0.10183077700746868,-0.22753827500384244,-0.3157234713492086,0.08468162283278227,0.115261930704828,0.21877224773757403,1.0,16.0,0.0,16.0,0.0,0.128434108813725,0.0
"(0, 0.18, 0.02)",1.0,True,,B,,1952524.8896092572,0.11738433676521332,-0.31030245736393064,-0.33307365462452276,0.09373282097091706,0.13900919115547974,0.4808998651062692,1.0,32.5,0.0,32.5,0.0,0.1788920002499309,0.0
"(0, 0.18, 0.02)",1.0,True,,F,,5329835.975270141,0.11168160478686329,-0.3096906459953735,-0.3270219914405089,0.09998935357640881,0.12521876757148873,0.35412013784082474,1.0,48.0,0.0,48.0,0.0,0.15703546881872577,0.0
"(0, 0.18, 0.06)",1.0,True,,A,,1592685.584124257,0.10183077700746868,-0.22753827500384244,-0.3157234713492086,0.08468162283278227,0.115261930704828,0.21877224773757403,1.0,16.0,0.0,16.0,0.0,0.128434108813725,0.0
"(0, 0.18, 0.06)",1.0,True,,B,,1952524.8896092572,0.11738433676521332,-0.31030245736393064,-0.33307365462452276,0.09373282097091706,0.13900919115547974,0.4808998651062692,1.0,32.5,0.0,32.5,0.0,0.1788920002499309,0.0
"(0, 0.18, 0.06)",1.0,True,,F,,5329835.975270141,0.11168160478686329,-0.3096906459953735,-0.3270219914405089,0.09998935357640881,0.12521876757148873,0.35412013784082474,1.0,48.0,0.0,48.0,0.0,0.15703546881872577,0.0
"(0, 0.2, 0.02)",1.0,True,,A,,1645484.3750013085,0.10540606643780381,-0.23209454428341403,-0.3272548611424982,0.08713378494605162,0.12229108885713455,0.22070978677784892,1.0,15.0,0.0,15.0,0.0,0.1354328965117832,0.0
"(0, 0.2, 0.02)",1.0,True,,B,,1950429.6526842853,0.11727126500447249,-0.30326589341864507,-0.3358582465246272,0.09653962554142381,0.13753870794859438,0.48345943104226086,1.0,29.0,0.0,29.0,0.0,0.1833550690497442,0.0
"(0, 0.2, 0.02)",1.0,True,,F,,5415825.982951636,0.11254420368931095,-0.30325772782416377,-0.33493384069489757,0.10079023303893678,0.12633064877917524,0.35541653499559633,1.0,43.0,0.0,43.0,0.0,0.16255987146465373,0.0
"(0, 0.2, 0.06)",1.0,True,,A,,1645484.3750013085,0.10540606643780381,-0.23209454428341403,-0.3272548611424982,0.08713378494605162,0.12229108885713455,0.22070978677784892,1.0,15.0,0.0,15.0,0.0,0.1354328965117832,0.0
"(0, 0.2, 0.06)",1.0,True,,B,,1950429.6526842853,0.11727126500447249,-0.30326589341864507,-0.3358582465246272,0.09653962554142381,0.13753870794859438,0.48345943104226086,1.0,29.0,0.0,29.0,0.0,0.1833550690497442,0.0
"(0, 0.2, 0.06)",1.0,True,,F,,5415825.982951636,0.11254420368931095,-0.30325772782416377,-0.33493384069489757,0.10079023303893678,0.12633064877917524,0.35541653499559633,1.0,43.0,0.0,43.0,0.0,0.16255987146465373,0.0
"(0, 0.25, 0.02)",1.0,True,,A,,1634707.448310215,0.10466111439281578,-0.24358247069924527,-0.3217504524390202,0.08717128069600596,0.12337560262504377,0.22653866304210463,1.0,12.0,0.0,12.0,0.0,0.13856636865422461,0.0
"(0, 0.25, 0.02)",1.0,True,,B,,1948949.0095097162,0.11719167244737905,-0.35607468133078085,-0.4003578085845309,0.07418469337899383,0.14880482223656963,0.4988238011069295,1.0,23.0,0.0,23.0,0.0,0.19278829894611996,0.0
"(0, 0.25, 0.02)",1.0,True,,F,,4989320.116536532,0.10812413856665415,-0.40032855000294343,-0.40035754771345144,0.09346286528613282,0.13191748729685684,0.36871824601114334,1.0,34.0,0.0,34.0,0.0,0.17194485802522583,0.0
"(0, 0.25, 0.06)",1.0,True,,A,,1634707.448310215,0.10466111439281578,-0.24358247069924527,-0.3217504524390202,0.08717128069600596,0.12337560262504377,0.22653866304210463,1.0,12.0,0.0,12.0,0.0,0.13856636865422461,0.0
"(0, 0.25, 0.06)",1.0,True,,B,,1948949.0095097162,0.11719167244737905,-0.35607468133078085,-0.4003578085845309,0.07418469337899383,0.14880482223656963,0.4988238011069295,1.0,23.0,0.0,23.0,0.0,0.19278829894611996,0.0
"(0, 0.25, 0.06)",1.0,True,,F,,4989320.116536532,0.10812413856665415,-0.40032855000294343,-0.40035754771345144,0.09346286528613282,0.13191748729685684,0.36871824601114334,1.0,34.0,0.0,34.0,0.0,0.17194485802522583,0.0
"(0, 0.3, 0.02)",1.0,True,,A,,1618661.8320296928,0.10360402695789761,-0.2528824569177378,-0.3294906781423503,0.08659331987666415,0.12872818806896355,0.22815589535290998,1.0,11.0,0.0,11.0,0.0,0.13866521038946772,0.0
"(0, 0.3, 0.02)",1.0,True,,B,,1895213.9407432827,0.11425737434262517,-0.37857984132964845,-0.40068683606998134,0.07129545502342563,0.14164653331027474,0.5182485551977256,1.0,21.0,0.0,21.0,0.0,0.20200565724601993,0.0
"(0, 0.3, 0.02)",1.0,True,,F,,5115294.4273793455,0.10946971993681376,-0.40064130046844537,-0.4006830755924027,0.09248957499842128,0.13144310312343715,0.3750782396218739,1.0,31.0,0.0,31.0,0.0,0.17575304516450657,-5.767488334038134e-18
"(0, 0.3, 0.06)",1.0,True,,A,,1618661.8320296928,0.10360402695789761,-0.2528824569177378,-0.3294906781423503,0.08659331987666415,0.12872818806896355,0.22815589535290998,1.0,11.0,0.0,11.0,0.0,0.13866521038946772,0.0
"(0, 0.3, 0.06)",1.0,True,,B,,1895213.9407432827,0.11425737434262517,-0.37857984132964845,-0.40068683606998134,0.07129545502342563,0.14164653331027474,0.5182485551977256,1.0,21.0,0.0,21.0,0.0,0.20200565724601993,0.0
"(0, 0.3, 0.06)",1.0,True,,F,,5115294.4273793455,0.10946971993681376,-0.40064130046844537,-0.4006830755924027,0.09248957499842128,0.13144310312343715,0.3750782396218739,1.0,31.0,0.0,31.0,0.0,0.17575304516450657,-5.767488334038134e-18
"(0.01, 0.04, 0.02)",1.0,True,,A,,1229725.5492849085,0.07388564308428236,-0.21279585846086546,-0.22468031449583983,0.07216934950273939,0.07522169929965243,0.19564941237832076,1.0,87.0,41.0,30.0,16.0,0.0918061495067368,0.0
"(0.01, 0.04, 0.02)",1.0,True,,B,,1975774.574435783,0.11862918732658445,-0.31196349202182594,-0.3164058583303721,0.11621032134839437,0.12082174765219218,0.44372731929415804,1.0,217.0,86.0,72.0,58.0,0.14219517552652494,0.0
"(0.01, 0.04, 0.02)",1.0,True,,F,,4025486.240438739,0.09665919827913105,-0.3122339880701382,-0.31634339613705154,0.09525141223577065,0.09838060929634293,0.32465455688677836,1.0,305.0,128.0,102.0,75.0,0.12072975954898996,-8.246868813640155e-19
"(0.01, 0.04, 0.06)",1.0,True,,A,,1221741.7559307953,0.07319104687602551,-0.21863984174958867,-0.24638812583445352,0.07013267475043701,0.07802710240947335,0.19445893134637443,1.0,77.0,41.0,30.0,6.0,0.09266068508974468,0.0
"(0.01, 0.04, 0.06)",1.0,True,,B,,2023887.403825263,0.12116367730952149,-0.31448948968042834,-0.32969941743679454,0.11510013920373727,0.12895023462059324,0.4398451431913772,1.0,176.0,85.0,69.0,22.0,0.14267803045501576,0.0
"(0.01, 0.04, 0.06)",1.0,True,,F,,4118655.9155389606,0.09787620512566353,-0.3139998158526318,-0.328514125991239,0.09394615244579033,0.10197267371196295,0.3235303613926017,1.0,252.0,126.0,98.5,27.0,0.1219956747748137,0.0
"(0.01, 0.06, 0.02)",1.0,True,,A,,1260074.0713683781,0.0764894288284893,-0.21950633174018597,-0.22284551750989703,0.07278306414047844,0.07685921490264817,0.20421800455908884,1.0,69.0,41.0,27.0,1.0,0.0973158950143676,0.0
"(0.01, 0.06, 0.02)",1.0,True,,B,,2030103.2472446244,0.12148713261637967,-0.3206320357734491,-0.3237710460511709,0.11762384696002233,0.1259065190258066,0.4729750613900812,1.0,179.0,86.0,65.0,28.0,0.14923286635813737,0.0
"(0.01, 0.06, 0.02)",1.0,True,,F,,4238531.749868159,0.09940411555535456,-0.3178682357039901,-0.32330122776187536,0.0975700189432985,0.101307503893961,0.3441077075887571,1.0,248.0,128.0,92.0,29.0,0.12708427588711663,0.0
"(0.01, 0.06, 0.06)",1.0,True,,A,,1260074.0713683781,0.0764894288284893,-0.21950633174018597,-0.22284551750989703,0.07278306414047844,0.07685921490264817,0.20421800455908884,1.0,69.0,41.0,27.0,1.0,0.0973158950143676,0.0
"(0.01, 0.06, 0.06)",1.0,True,,B,,2035481.4918529012,0.1217662724008417,-0.3198364808735059,-0.33610993134483386,0.11610230187207186,0.12879999232862333,0.4740328488488119,1.0,161.0,86.0,65.0,10.0,0.15032658701277246,0.0
"(0.01, 0.06, 0.06)",1.0,True,,F,,4230303.943333372,0.09930052464817807,-0.3206413221111502,-0.3406039711413103,0.09532376709617443,0.10231660251524699,0.34515210431938115,1.0,231.0,128.0,92.0,11.0,0.12774764324063304,0.0
"(0.01, 0.08, 0.02)",1.0,True,,A,,1308294.7423524577,0.08051264662410462,-0.2097778298620246,-0.2564350282739504,0.07528874556555583,0.08637454530826474,0.21044606837417504,1.0,64.0,41.0,23.0,0.0,0.10242155904708175,0.0
"(0.01, 0.08, 0.02)",1.0,True,,B,,1950944.0743893252,0.11729922268624737,-0.33080267311667644,-0.33925841289940356,0.11102803112524202,0.1229819130586592,0.4927020762274814,1.0,148.0,87.0,60.0,1.0,0.15535002287359062,0.0
"(0.01, 0.08, 0.02)",1.0,True,,F,,4282767.911856888,0.09995754939821155,-0.3311519697059151,-0.3410961263161766,0.09582819147791322,0.10365296730801431,0.3571988295661663,1.0,212.5,128.0,83.0,1.0,0.1327677219516129,-9.541308732151578e-19
"(0.01, 0.08, 0.06)",1.0,True,,A,,1308294.7423524577,0.08051264662410462,-0.2097778298620246,-0.2564350282739504,0.07528874556555583,0.08637454530826474,0.21044606837417504,1.0,64.0,41.0,23.0,0.0,0.10242155904708175,0.0
"(0.01, 0.08, 0.06)",1.0,True,,B,,1950944.0743893252,0.11729922268624737,-0.33080267311667644,-0.33925841289940356,0.11102803112524202,0.1229819130586592,0.4927020762274814,1.0,148.0,87.0,60.0,1.0,0.15535002287359062,0.0
"(0.01, 0.08, 0.06)",1.0,True,,F,,4282767.911856888,0.09995754939821155,-0.3311519697059151,-0.3410961263161766,0.09582819147791322,0.10365296730801431,0.3571988295661663,1.0,212.5,128.0,83.0,1.0,0.1327677219516129,-9.541308732151578e-19
"(0.01, 0.1, 0.02)",1.0,True,,A,,1366835.562707,0.08522116373229838,-0.2062357661151869,-0.27721296595043227,0.07533419591794585,0.09548680354396573,0.21611659813749956,1.0,62.0,41.0,21.0,0.0,0.10745439564451514,0.0
"(0.01, 0.1, 0.02)",1.0,True,,B,,1966750.265924944,0.11814722634517694,-0.3159065071764969,-0.35021331377893294,0.10622944053061326,0.13475765141309692,0.49495917279802804,1.0,136.0,85.0,51.0,0.0,0.16057436557875693,0.0
"(0.01, 0.1, 0.02)",1.0,True,,F,,4606402.277990717,0.10384849613892078,-0.31873960768166915,-0.35413132716247764,0.09664631305397589,0.11126683427096302,0.36071982755673393,1.0,198.0,126.0,72.0,0.0,0.13792721646829917,-9.848006342694346e-19
"(0.01, 0.1, 0.06)",1.0,True,,A,,1366835.562707,0.08522116373229838,-0.2062357661151869,-0.27721296595043227,0.07533419591794585,0.09548680354396573,0.21611659813749956,1.0,62.0,41.0,21.0,0.0,0.10745439564451514,0.0
"(0.01, 0.1, 0.06)",1.0,True,,B,,1966750.265924944,0.11814722634517694,-0.3159065071764969,-0.35021331377893294,0.10622944053061326,0.13475765141309692,0.49495917279802804,1.0,136.0,85.0,51.0,0.0,0.16057436557875693,0.0
"(0.01, 0.1, 0.06)",1.0,True,,F,,4606402.277990717,0.10384849613892078,-0.31873960768166915,-0.35413132716247764,0.09664631305397589,0.11126683427096302,0.36071982755673393,1.0,198.0,126.0,72.0,0.0,0.13792721646829917,-9.848006342694346e-19
"(0.01, 0.12, 0.02)",1.0,True,,A,,1424147.3972942475,0.08965801706897425,-0.2160307575262238,-0.293600498237447,0.0802732485661426,0.1009230975572216,0.22228587724258272,1.0,59.0,41.0,18.0,0.0,0.11224917637657314,0.0
"(0.01, 0.12, 0.02)",1.0,True,,B,,2004078.9593466623,0.12012627564695566,-0.31809766575476606,-0.33775828840988753,0.10297731978829763,0.1390005191887409,0.4971852565736317,1.0,128.0,84.0,44.0,0.0,0.16480040117878594,0.0
"(0.01, 0.12, 0.02)",1.0,True,,F,,4820122.7015559,0.10627770849898488,-0.3261080972688984,-0.34050551769817744,0.09910731751991168,0.11819229106692285,0.36206652072753787,1.0,187.0,125.0,62.0,0.0,0.14199003022825224,-3.990371790628473e-18
"(0.01, 0.12, 0.06)",1.0,True,,A,,1424147.3972942475,0.08965801706897425,-0.2160307575262238,-0.293600498237447,0.0802732485661426,0.1009230975572216,0.22228587724258272,1.0,59.0,41.0,18.0,0.0,0.11224917637657314,0.0
"(0.01, 0.12, 0.06)",1.0,True,,B,,2004078.9593466623,0.12012627564695566,-0.31809766575476606,-0.33775828840988753,0.10297731978829763,0.1390005191887409,0.4971852565736317,1.0,128.0,84.0,44.0,0.0,0.16480040117878594,0.0
"(0.01, 0.12, 0.06)",1.0,True,,F,,4820122.7015559,0.10627770849898488,-0.3261080972688984,-0.34050551769817744,0.09910731751991168,0.11819229106692285,0.36206652072753787,1.0,187.0,125.0,62.0,0.0,0.14199003022825224,-3.990371790628473e-18
"(0.01, 0.15, 0.02)",1.0,True,,A,,1531503.170579658,0.09755299311791876,-0.2368918581797379,-0.3061505007663012,0.08218152677760984,0.11124915439407439,0.2300553707931849,1.0,58.0,41.0,17.0,0.0,0.12130242559315557,0.0
"(0.01, 0.15, 0.02)",1.0,True,,B,,1961003.4045368321,0.11783987152907771,-0.30994964695905936,-0.3206063364688773,0.09457907162574915,0.13841330751696546,0.49901163319833475,1.0,119.0,82.0,37.0,0.0,0.170342624489138,0.0
"(0.01, 0.15, 0.02)",1.0,True,,F,,5255700.193675945,0.11092519797440625,-0.30994190805906924,-0.3266556742708393,0.09913486137698982,0.12284883009245236,0.3674260257334194,1.0,176.0,122.0,54.0,0.0,0.14867797167019348,-1.2525626966464333e-18
"(0.01, 0.15, 0.06)",1.0,True,,A,,1531503.170579658,0.09755299311791876,-0.2368918581797379,-0.3061505007663012,0.08218152677760984,0.11124915439407439,0.2300553707931849,1.0,58.0,41.0,17.0,0.0,0.12130242559315557,0.0
"(0.01, 0.15, 0.06)",1.0,True,,B,,1961003.4045368321,0.11783987152907771,-0.30994964695905936,-0.3206063364688773,0.09457907162574915,0.13841330751696546,0.49901163319833475,1.0,119.0,82.0,37.0,0.0,0.170342624489138,0.0
"(0.01, 0.15, 0.06)",1.0,True,,F,,5255700.193675945,0.11092519797440625,-0.30994190805906924,-0.3266556742708393,0.09913486137698982,0.12284883009245236,0.3674260257334194,1.0,176.0,122.0,54.0,0.0,0.14867797167019348,-1.2525626966464333e-18
"(0.01, 0.18, 0.02)",1.0,True,,A,,1604910.1862371815,0.10265147529314933,-0.2401930589669572,-0.31436549931292734,0.08793620855799548,0.1184521594303575,0.2331839034101569,1.0,56.0,41.0,15.0,0.0,0.13070571817703042,0.0
"(0.01, 0.18, 0.02)",1.0,True,,B,,1934974.7828582202,0.11643574391930045,-0.29196427973466715,-0.32597451280786316,0.09825372860785228,0.13568535071180315,0.502764919728806,1.0,112.0,81.0,32.0,0.0,0.17588698650037446,0.0
"(0.01, 0.18, 0.02)",1.0,True,,F,,5396238.539050607,0.1123488719897936,-0.2919659033007069,-0.32348110901405697,0.10139188999794672,0.124501529090995,0.37017421680582574,1.0,168.0,121.0,47.0,0.0,0.15602289517568974,-3.294091590845831e-18
"(0.01, 0.18, 0.06)",1.0,True,,A,,1604910.1862371815,0.10265147529314933,-0.2401930589669572,-0.31436549931292734,0.08793620855799548,0.1184521594303575,0.2331839034101569,1.0,56.0,41.0,15.0,0.0,0.13070571817703042,0.0
"(0.01, 0.18, 0.06)",1.0,True,,B,,1934974.7828582202,0.11643574391930045,-0.29196427973466715,-0.32597451280786316,0.09825372860785228,0.13568535071180315,0.502764919728806,1.0,112.0,81.0,32.0,0.0,0.17588698650037446,0.0
"(0.01, 0.18, 0.06)",1.0,True,,F,,5396238.539050607,0.1123488719897936,-0.2919659033007069,-0.32348110901405697,0.10139188999794672,0.124501529090995,0.37017421680582574,1.0,168.0,121.0,47.0,0.0,0.15602289517568974,-3.294091590845831e-18
"(0.01, 0.2, 0.02)",1.0,True,,A,,1610459.4852434471,0.10304244595645773,-0.24357708244864457,-0.31274423116516026,0.08796892248223631,0.11937246170816693,0.23414095472354304,1.0,51.0,37.0,14.0,0.0,0.13314312039553677,0.0
"(0.01, 0.2, 0.02)",1.0,True,,B,,1920118.8792164135,0.11562666838046831,-0.33277761154707536,-0.3351823026435356,0.09075053463610579,0.13815654513368916,0.510240570058091,1.0,107.0,78.0,28.0,0.0,0.17811515414881413,0.0
"(0.01, 0.2, 0.02)",1.0,True,,F,,5340185.985831849,0.11178367928798527,-0.3351559582226623,-0.33518212127667435,0.09944972732352193,0.12809509705931024,0.37535874838009,1.0,157.0,114.0,42.0,0.0,0.15916445689201553,-3.0146008346178307e-18
"(0.01, 0.2, 0.06)",1.0,True,,A,,1610459.4852434471,0.10304244595645773,-0.24357708244864457,-0.31274423116516026,0.08796892248223631,0.11937246170816693,0.23414095472354304,1.0,51.0,37.0,14.0,0.0,0.13314312039553677,0.0
"(0.01, 0.2, 0.06)",1.0,True,,B,,1920118.8792164135,0.11562666838046831,-0.33277761154707536,-0.3351823026435356,0.09075053463610579,0.13815654513368916,0.510240570058091,1.0,107.0,78.0,28.0,0.0,0.17811515414881413,0.0
"(0.01, 0.2, 0.06)",1.0,True,,F,,5340185.985831849,0.11178367928798527,-0.3351559582226623,-0.33518212127667435,0.09944972732352193,0.12809509705931024,0.37535874838009,1.0,157.0,114.0,42.0,0.0,0.15916445689201553,-3.0146008346178307e-18
"(0.01, 0.25, 0.02)",1.0,True,,A,,1603360.733170494,0.1025629880002844,-0.24412263244037669,-0.31435635707664555,0.0861966984446239,0.12252195972944248,0.23738128370357447,1.0,48.0,37.0,11.0,0.0,0.1357227221250426,0.0
"(0.01, 0.25, 0.02)",1.0,True,,B,,1889762.0376676004,0.11395143003537067,-0.358874901798137,-0.38442383305358674,0.07461414531086683,0.14057469251933655,0.5246446671572269,1.0,99.0,76.5,23.0,0.0,0.18803313887839504,0.0
"(0.01, 0.25, 0.02)",1.0,True,,F,,5158651.0992249865,0.1099120194759321,-0.38439161480437445,-0.3844238330535866,0.0946611551328104,0.12999066212905905,0.38436879274975233,1.0,147.0,113.0,34.0,0.0,0.166388287206924,-1.1590891476063607e-18
"(0.01, 0.25, 0.06)",1.0,True,,A,,1603360.733170494,0.1025629880002844,-0.24412263244037669,-0.31435635707664555,0.0861966984446239,0.12252195972944248,0.23738128370357447,1.0,48.0,37.0,11.0,0.0,0.1357227221250426,0.0
"(0.01, 0.25, 0.06)",1.0,True,,B,,1889762.0376676004,0.11395143003537067,-0.358874901798137,-0.38442383305358674,0.07461414531086683,0.14057469251933655,0.5246446671572269,1.0,99.0,76.5,23.0,0.0,0.18803313887839504,0.0
"(0.01, 0.25, 0.06)",1.0,True,,F,,5158651.0992249865,0.1099120194759321,-0.38439161480437445,-0.3844238330535866,0.0946611551328104,0.12999066212905905,0.38436879274975233,1.0,147.0,113.0,34.0,0.0,0.166388287206924,-1.1590891476063607e-18
"(0.01, 0.3, 0.02)",1.0,True,,A,,1612955.0276372498,0.10321696377121048,-0.24488576889915598,-0.3339038923393986,0.0836033851609286,0.1306024260806094,0.23609997161915103,1.0,48.0,37.0,11.0,0.0,0.13745177756743632,0.0
"(0.01, 0.3, 0.02)",1.0,True,,B,,1805061.3492549218,0.10915994585929178,-0.3852799020285988,-0.3859502701559137,0.07509336003176485,0.13318805555084737,0.5387632924526566,1.0,96.0,76.0,21.0,0.0,0.19910485618478285,0.0
"(0.01, 0.3, 0.02)",1.0,True,,F,,4863488.704251442,0.10675834049885091,-0.385287361580146,-0.38570254952323135,0.09155570878213988,0.12779004934117108,0.38876022117340403,1.0,144.5,111.0,31.0,0.0,0.1722340322342561,-1.7024004136550555e-18
"(0.01, 0.3, 0.06)",1.0,True,,A,,1612955.0276372498,0.10321696377121048,-0.24488576889915598,-0.3339038923393986,0.0836033851609286,0.1306024260806094,0.23609997161915103,1.0,48.0,37.0,11.0,0.0,0.13745177756743632,0.0
"(0.01, 0.3, 0.06)",1.0,True,,B,,1805061.3492549218,0.10915994585929178,-0.3852799020285988,-0.3859502701559137,0.07509336003176485,0.13318805555084737,0.5387632924526566,1.0,96.0,76.0,21.0,0.0,0.19910485618478285,0.0
"(0.01, 0.3, 0.06)",1.0,True,,F,,4863488.704251442,0.10675834049885091,-0.385287361580146,-0.38570254952323135,0.09155570878213988,0.12779004934117108,0.38876022117340403,1.0,144.5,111.0,31.0,0.0,0.1722340322342561,-1.7024004136550555e-18
"(0.02, 0.04, 0.02)",1.0,True,,A,,1273109.0718768348,0.07759047608853398,-0.21621842543273384,-0.22840750171397878,0.07576824736396667,0.07919181639172686,0.21281390481756823,1.0,80.0,41.0,28.0,11.0,0.0942956115134337,0.0
"(0.02, 0.04, 0.02)",1.0,True,,B,,1998874.659960225,0.1198529651719955,-0.30502950601827256,-0.3167124533444633,0.11763785439896364,0.12154954163230913,0.4743884093203605,1.0,196.0,85.0,67.0,44.0,0.14408344381882168,0.0
"(0.02, 0.04, 0.02)",1.0,True,,F,,4230065.367059694,0.0992975517343836,-0.30585382929127564,-0.31706008477776376,0.0978708862251979,0.10034858656786798,0.34879844947709404,1.0,277.0,126.0,96.0,55.0,0.12287496354356926,0.0
"(0.02, 0.04, 0.06)",1.0,True,,A,,1274076.0498442822,0.07767175068211463,-0.2179698040993744,-0.24021983962695775,0.07440446488566846,0.08075241397445747,0.21349498465419856,1.0,72.0,41.0,27.0,4.0,0.09459686320528618,0.0
"(0.02, 0.04, 0.06)",1.0,True,,B,,2005659.308465564,0.12020995725495087,-0.30952996444287606,-0.32515059902603105,0.11379947391605398,0.1271425426973942,0.4744337598651027,1.0,164.5,83.0,66.0,16.0,0.1452646588794887,0.0
"(0.02, 0.04, 0.06)",1.0,True,,F,,4224157.936559008,0.0992230972296887,-0.30921405521679307,-0.32350607440346657,0.09535200597035265,0.10408642970132241,0.3502048804344798,1.0,237.0,125.0,93.0,20.0,0.12399377424602884,0.0
"(0.02, 0.06, 0.02)",1.0,True,,A,,1306745.2405409021,0.08038544170702822,-0.2142068296732167,-0.25206313922898693,0.07607779746058516,0.08268611095812975,0.22043145949032666,1.0,66.0,41.0,25.0,0.0,0.09965689828694035,0.0
"(0.02, 0.06, 0.02)",1.0,True,,B,,2007823.2222252176,0.1203235892443918,-0.31924165002518456,-0.3268083940120516,0.116815574241807,0.12370399206748531,0.5025106258262741,1.0,159.0,84.0,62.0,12.0,0.15112047301195453,0.0
"(0.02, 0.06, 0.02)",1.0,True,,F,,4340346.590402059,0.10066975636362419,-0.31849597823381215,-0.32905656268135913,0.09810137602342976,0.10338931955734856,0.36772301363267246,1.0,224.0,125.0,87.0,12.0,0.12895672124103966,0.0
"(0.02, 0.06, 0.06)",1.0,True,,A,,1306745.2405409021,0.08038544170702822,-0.2142068296732167,-0.25206313922898693,0.07607779746058516,0.08268611095812975,0.22043145949032666,1.0,66.0,41.0,25.0,0.0,0.09965689828694035,0.0
"(0.02, 0.06, 0.06)",1.0,True,,B,,2006535.3967306032,0.12025593675693436,-0.31509634211884663,-0.33528371249796585,0.11520315990057602,0.12521645567226955,0.5028020846248309,1.0,152.0,84.0,63.0,5.0,0.15130512754105824,0.0
"(0.02, 0.06, 0.06)",1.0,True,,F,,4349184.86087116,0.10077839668779098,-0.31801708853670196,-0.3362376283020607,0.09712592567591127,0.10335018323041482,0.3680325851550508,1.0,218.0,125.0,87.0,5.0,0.12911861438743788,0.0
"(0.02, 0.08, 0.02)",1.0,True,,A,,1364207.4232059247,0.08501347255675273,-0.21183544299988338,-0.2661416783713238,0.07745261081750401,0.09113630545357126,0.22750400601104448,1.0,62.0,41.0,21.0,0.0,0.10472848630151312,0.0
"(0.02, 0.08, 0.02)",1.0,True,,B,,1950620.2350013226,0.11728168031709629,-0.31697969821223043,-0.34898737446717326,0.11028009920890351,0.12753191255894197,0.5111656808761589,1.0,137.5,85.0,53.0,0.0,0.15558393949274218,0.0
"(0.02, 0.08, 0.02)",1.0,True,,F,,4414003.454473531,0.10156798998171646,-0.3210790966364803,-0.34980969046652693,0.09668222649826808,0.10738596507866294,0.3749639017601023,1.0,200.0,126.0,74.0,0.0,0.13377330431300566,0.0
"(0.02, 0.08, 0.06)",1.0,True,,A,,1364207.4232059247,0.08501347255675273,-0.21183544299988338,-0.2661416783713238,0.07745261081750401,0.09113630545357126,0.22750400601104448,1.0,62.0,41.0,21.0,0.0,0.10472848630151312,0.0
"(0.02, 0.08, 0.06)",1.0,True,,B,,1950620.2350013226,0.11728168031709629,-0.31697969821223043,-0.34898737446717326,0.11028009920890351,0.12753191255894197,0.5111656808761589,1.0,137.5,85.0,53.0,0.0,0.15558393949274218,0.0
"(0.02, 0.08, 0.06)",1.0,True,,F,,4414003.454473531,0.10156798998171646,-0.3210790966364803,-0.34980969046652693,0.09668222649826808,0.10738596507866294,0.3749639017601023,1.0,200.0,126.0,74.0,0.0,0.13377330431300566,0.0
"(0.02, 0.1, 0.02)",1.0,True,,A,,1414038.6162815604,0.08888717109574606,-0.21820562911638197,-0.27996374877983676,0.08058153320476551,0.09913985260608849,0.23186628897486872,1.0,59.0,41.0,18.0,0.0,0.10950900055471774,0.0
"(0.02, 0.1, 0.02)",1.0,True,,B,,1974465.853280786,0.11855902115440664,-0.30756241244320665,-0.33388318081919705,0.10315396267143309,0.13599401769569322,0.5150725915644363,1.0,128.0,82.0,45.0,0.0,0.15996471127474404,0.0
"(0.02, 0.1, 0.02)",1.0,True,,F,,4736446.507364658,0.10533889843382194,-0.31848949703687096,-0.3362876621714262,0.09929824199499271,0.11423852027760398,0.3776109233110944,1.0,187.0,124.0,63.0,0.0,0.13798948366673378,-1.6590609633930184e-18
"(0.02, 0.1, 0.06)",1.0,True,,A,,1414038.6162815604,0.08888717109574606,-0.21820562911638197,-0.27996374877983676,0.08058153320476551,0.09913985260608849,0.23186628897486872,1.0,59.0,41.0,18.0,0.0,0.10950900055471774,0.0
"(0.02, 0.1, 0.06)",1.0,True,,B,,1974465.853280786,0.11855902115440664,-0.30756241244320665,-0.33388318081919705,0.10315396267143309,0.13599401769569322,0.5150725915644363,1.0,128.0,82.0,45.0,0.0,0.15996471127474404,0.0
"(0.02, 0.1, 0.06)",1.0,True,,F,,4736446.507364658,0.10533889843382194,-0.31848949703687096,-0.3362876621714262,0.09929824199499271,0.11423852027760398,0.3776109233110944,1.0,187.0,124.0,63.0,0.0,0.13798948366673378,-1.6590609633930184e-18
"(0.02, 0.12, 0.02)",1.0,True,,A,,1480333.470009753,0.09385435320362823,-0.22674949620473195,-0.2950556164662383,0.08256032769504476,0.10525897814027312,0.2361112856116112,1.0,56.0,41.0,15.0,0.0,0.11448599033707159,0.0
"(0.02, 0.12, 0.02)",1.0,True,,B,,1949266.7298462742,0.11720869301286896,-0.31072917847741716,-0.32020662825580704,0.10116948104562477,0.13630597818571558,0.5179568603721836,1.0,121.0,82.0,39.0,0.0,0.1637274235329612,0.0
"(0.02, 0.12, 0.02)",1.0,True,,F,,5007812.226356419,0.10832788493933276,-0.31144749648645537,-0.3191958314167852,0.09951572032818812,0.1181107989392209,0.38021608523110306,1.0,178.0,122.0,55.0,0.0,0.14213360790613677,-2.555706600734309e-18
"(0.02, 0.12, 0.06)",1.0,True,,A,,1480333.470009753,0.09385435320362823,-0.22674949620473195,-0.2950556164662383,0.08256032769504476,0.10525897814027312,0.2361112856116112,1.0,56.0,41.0,15.0,0.0,0.11448599033707159,0.0
"(0.02, 0.12, 0.06)",1.0,True,,B,,1949266.7298462742,0.11720869301286896,-0.31072917847741716,-0.32020662825580704,0.10116948104562477,0.13630597818571558,0.5179568603721836,1.0,121.0,82.0,39.0,0.0,0.1637274235329612,0.0
"(0.02, 0.12, 0.06)",1.0,True,,F,,5007812.226356419,0.10832788493933276,-0.31144749648645537,-0.3191958314167852,0.09951572032818812,0.1181107989392209,0.38021608523110306,1.0,178.0,122.0,55.0,0.0,0.14213360790613677,-2.555706600734309e-18
"(0.02, 0.15, 0.02)",1.0,True,,A,,1554382.223086251,0.09916755827445212,-0.2373748664954467,-0.29990827694872474,0.08794176268647007,0.11396158160278669,0.24353984837969422,1.0,55.0,41.0,14.0,0.0,0.12314863517452078,0.0
"(0.02, 0.15, 0.02)",1.0,True,,B,,1932017.1828051563,0.116275038645821,-0.289045791148307,-0.3125513548971697,0.09853911116531362,0.1334309616937258,0.5209851429247401,1.0,112.5,81.0,33.0,0.0,0.16828289434935179,0.0
"(0.02, 0.15, 0.02)",1.0,True,,F,,5212169.059309373,0.11047913246003904,-0.2886208404980139,-0.31267079856479174,0.10060932194749919,0.12173627433691651,0.384284863288712,1.0,168.0,121.0,47.0,0.0,0.14820419906835597,-3.115550313723421e-18
"(0.02, 0.15, 0.06)",1.0,True,,A,,1554382.223086251,0.09916755827445212,-0.2373748664954467,-0.29990827694872474,0.08794176268647007,0.11396158160278669,0.24353984837969422,1.0,55.0,41.0,14.0,0.0,0.12314863517452078,0.0
"(0.02, 0.15, 0.06)",1.0,True,,B,,1932017.1828051563,0.116275038645821,-0.289045791148307,-0.3125513548971697,0.09853911116531362,0.1334309616937258,0.5209851429247401,1.0,112.5,81.0,33.0,0.0,0.16828289434935179,0.0
"(0.02, 0.15, 0.06)",1.0,True,,F,,5212169.059309373,0.11047913246003904,-0.2886208404980139,-0.31267079856479174,0.10060932194749919,0.12173627433691651,0.384284863288712,1.0,168.0,121.0,47.0,0.0,0.14820419906835597,-3.115550313723421e-18
"(0.02, 0.18, 0.02)",1.0,True,,A,,1600200.2991204956,0.1023458918483523,-0.24063524109635587,-0.3008051667253394,0.08908192867121445,0.11660996138258838,0.24665271902457608,1.0,51.0,38.0,13.0,0.0,0.13096768936857978,0.0
"(0.02, 0.18, 0.02)",1.0,True,,B,,1902001.5069884786,0.11462792158210622,-0.3271825894752796,-0.3341685878686107,0.09055247196913396,0.13658553363702478,0.5289160433759407,1.0,106.0,79.0,28.0,0.0,0.17164659496796147,-6.483275087471398e-18
"(0.02, 0.18, 0.02)",1.0,True,,F,,5187784.066255923,0.11022684276973849,-0.3341370187153498,-0.33416318817115837,0.09892820571305891,0.12673176351021784,0.3893155659841929,1.0,156.0,115.0,40.0,0.0,0.15451408371382147,-1.9419687854138908e-18
"(0.02, 0.18, 0.06)",1.0,True,,A,,1600200.2991204956,0.1023458918483523,-0.24063524109635587,-0.3008051667253394,0.08908192867121445,0.11660996138258838,0.24665271902457608,1.0,51.0,38.0,13.0,0.0,0.13096768936857978,0.0
"(0.02, 0.18, 0.06)",1.0,True,,B,,1902001.5069884786,0.11462792158210622,-0.3271825894752796,-0.3341685878686107,0.09055247196913396,0.13658553363702478,0.5289160433759407,1.0,106.0,79.0,28.0,0.0,0.17164659496796147,-6.483275087471398e-18
"(0.02, 0.18, 0.06)",1.0,True,,F,,5187784.066255923,0.11022684276973849,-0.3341370187153498,-0.33416318817115837,0.09892820571305891,0.12673176351021784,0.3893155659841929,1.0,156.0,115.0,40.0,0.0,0.15451408371382147,-1.9419687854138908e-18
"(0.02, 0.2, 0.02)",1.0,True,,A,,1590189.6828919342,0.10166035655164263,-0.24365466260610802,-0.3038716347882255,0.08892287790071665,0.11833282903100127,0.24845228366907962,1.0,50.0,38.0,12.0,0.0,0.13193645966344797,0.0
"(0.02, 0.2, 0.02)",1.0,True,,B,,1905163.5414759214,0.1148057904997174,-0.34091262313104165,-0.3678718403580955,0.07948094717142137,0.14132582357941403,0.5331060649533281,1.0,104.0,79.0,25.0,0.0,0.17626705118749858,0.0
"(0.02, 0.2, 0.02)",1.0,True,,F,,4967146.3153097145,0.10789016782071814,-0.36785082761189625,-0.3678791409675898,0.09496688378551887,0.12752653795021457,0.3939854372987418,1.0,154.0,115.0,38.0,0.0,0.15811931667387819,-2.8499600990733413e-18
"(0.02, 0.2, 0.06)",1.0,True,,A,,1590189.6828919342,0.10166035655164263,-0.24365466260610802,-0.3038716347882255,0.08892287790071665,0.11833282903100127,0.24845228366907962,1.0,50.0,38.0,12.0,0.0,0.13193645966344797,0.0
"(0.02, 0.2, 0.06)",1.0,True,,B,,1905163.5414759214,0.1148057904997174,-0.34091262313104165,-0.3678718403580955,0.07948094717142137,0.14132582357941403,0.5331060649533281,1.0,104.0,79.0,25.0,0.0,0.17626705118749858,0.0
"(0.02, 0.2, 0.06)",1.0,True,,F,,4967146.3153097145,0.10789016782071814,-0.36785082761189625,-0.3678791409675898,0.09496688378551887,0.12752653795021457,0.3939854372987418,1.0,154.0,115.0,38.0,0.0,0.15811931667387819,-2.8499600990733413e-18
"(0.02, 0.25, 0.02)",1.0,True,,A,,1601495.0991781869,0.10243578610006654,-0.24009088784306615,-0.3063734149597373,0.08707166653829197,0.12352033789083562,0.24667095414664109,1.0,48.0,38.0,10.0,0.0,0.1336311047234151,0.0
"(0.02, 0.25, 0.02)",1.0,True,,B,,1827949.4335661815,0.11047549614553098,-0.35102582468903953,-0.36819590626093285,0.0772703084020037,0.1318605787416694,0.5472205401091014,1.0,99.0,77.0,22.0,0.0,0.18423781003310963,0.0
"(0.02, 0.25, 0.02)",1.0,True,,F,,4854275.903865679,0.10665654380864342,-0.36814944127825316,-0.36818459336988846,0.09400856472906198,0.1256903119030012,0.39992256039227575,1.0,146.0,114.0,32.0,0.0,0.16193300497996632,-6.943541388477505e-18
"(0.02, 0.25, 0.06)",1.0,True,,A,,1601495.0991781869,0.10243578610006654,-0.24009088784306615,-0.3063734149597373,0.08707166653829197,0.12352033789083562,0.24667095414664109,1.0,48.0,38.0,10.0,0.0,0.1336311047234151,0.0
"(0.02, 0.25, 0.06)",1.0,True,,B,,1827949.4335661815,0.11047549614553098,-0.35102582468903953,-0.36819590626093285,0.0772703084020037,0.1318605787416694,0.5472205401091014,1.0,99.0,77.0,22.0,0.0,0.18423781003310963,0.0
"(0.02, 0.25, 0.06)",1.0,True,,F,,4854275.903865679,0.10665654380864342,-0.36814944127825316,-0.36818459336988846,0.09400856472906198,0.1256903119030012,0.39992256039227575,1.0,146.0,114.0,32.0,0.0,0.16193300497996632,-6.943541388477505e-18
"(0.02, 0.3, 0.02)",1.0,True,,A,,1620903.0598236078,0.1037557960358223,-0.24676884767159712,-0.3250231167664474,0.08355123182633631,0.12375980114850575,0.24534102256228862,1.0,44.0,37.0,7.0,0.0,0.13523226702389513,0.0
"(0.02, 0.3, 0.02)",1.0,True,,B,,1768992.5820402026,0.10705357275685479,-0.3753379491951264,-0.3809061169727486,0.0759954184706579,0.1349237928636894,0.5552738220787323,1.0,95.0,77.0,17.0,0.0,0.19081143819180538,0.0
"(0.02, 0.3, 0.02)",1.0,True,,F,,4820201.682695166,0.10627883225596968,-0.3753414989649193,-0.38023612673298823,0.09232655202236364,0.12660178064496652,0.40223893254933174,1.0,138.0,112.0,25.0,0.0,0.16563971923780801,-2.2858283773523043e-18
"(0.02, 0.3, 0.06)",1.0,True,,A,,1620903.0598236078,0.1037557960358223,-0.24676884767159712,-0.3250231167664474,0.08355123182633631,0.12375980114850575,0.24534102256228862,1.0,44.0,37.0,7.0,0.0,0.13523226702389513,0.0
"(0.02, 0.3, 0.06)",1.0,True,,B,,1768992.5820402026,0.10705357275685479,-0.3753379491951264,-0.3809061169727486,0.0759954184706579,0.1349237928636894,0.5552738220787323,1.0,95.0,77.0,17.0,0.0,0.19081143819180538,0.0
"(0.02, 0.3, 0.06)",1.0,True,,F,,4820201.682695166,0.10627883225596968,-0.3753414989649193,-0.38023612673298823,0.09232655202236364,0.12660178064496652,0.40223893254933174,1.0,138.0,112.0,25.0,0.0,0.16563971923780801,-2.2858283773523043e-18
"(0.03, 0.04, 0.02)",1.0,True,,A,,1309393.3223910104,0.08060273890183833,-0.21842453238942988,-0.24417655800079363,0.07821529548844261,0.08281788294321776,0.2299340522310741,1.0,72.0,41.0,25.0,6.0,0.09729478337749983,0.0
"(0.03, 0.04, 0.02)",1.0,True,,B,,1975629.2365687627,0.1186214377931436,-0.30743722031530374,-0.3122355403435787,0.11559905288516874,0.12137863120795632,0.5056387754815892,1.0,173.0,81.0,63.0,29.0,0.1471483074911684,0.0
"(0.03, 0.04, 0.02)",1.0,True,,F,,4289885.441565432,0.10004610603759079,-0.304118296607472,-0.3120392862492087,0.09844998106735744,0.10192756238647498,0.3737900743514109,1.0,246.0,123.0,88.0,35.0,0.12575835447599015,-1.7032222197659196e-18
"(0.03, 0.04, 0.06)",1.0,True,,A,,1306646.5360206703,0.0803772060889485,-0.218142253100166,-0.24989479629867437,0.0773915605574222,0.08324785474269336,0.23008256399754912,1.0,68.0,41.0,25.0,2.0,0.09765396935967335,0.0
"(0.03, 0.04, 0.06)",1.0,True,,B,,1967732.7341465126,0.11820009886288319,-0.3045368985881573,-0.3240704028666861,0.11257162453621854,0.12586385738459743,0.5051088150852241,1.0,153.0,80.0,63.0,10.0,0.14733472406558346,0.0
"(0.03, 0.04, 0.06)",1.0,True,,F,,4279417.219126344,0.09991583487569888,-0.30577417899559295,-0.32689863581425654,0.0958774333882472,0.10373526597029044,0.37427354393351875,1.0,222.0,121.0,88.0,12.0,0.1264789761816933,-3.485405588530659e-18
"(0.03, 0.06, 0.02)",1.0,True,,A,,1341124.3686390286,0.08317599320255875,-0.23337489847577136,-0.25684927464482826,0.07855323992289505,0.08835481850483631,0.23904315918817187,1.0,62.0,41.0,21.0,0.0,0.10315582704719889,0.0
"(0.03, 0.06, 0.02)",1.0,True,,B,,1893153.1654530629,0.1141434582512485,-0.3176334166326998,-0.3285942543906252,0.10917251269417827,0.11913460034963799,0.5296578455451807,1.0,139.0,83.0,55.0,1.0,0.1534032374013231,0.0
"(0.03, 0.06, 0.02)",1.0,True,,F,,4259447.545314325,0.09966642287664651,-0.3180557985224879,-0.32846228988725285,0.09702385910361147,0.10295773067578443,0.38994629564211614,1.0,201.0,124.0,76.0,1.0,0.13140932091042368,-1.5911049491951496e-18
"(0.03, 0.06, 0.06)",1.0,True,,A,,1341124.3686390286,0.08317599320255875,-0.23337489847577136,-0.25684927464482826,0.07855323992289505,0.08835481850483631,0.23904315918817187,1.0,62.0,41.0,21.0,0.0,0.10315582704719889,0.0
"(0.03, 0.06, 0.06)",1.0,True,,B,,1893153.1654530629,0.1141434582512485,-0.3176334166326998,-0.3285942543906252,0.10917251269417827,0.1190854415129091,0.5296578455451807,1.0,139.0,83.0,55.0,1.0,0.1534032374013231,0.0
"(0.03, 0.06, 0.06)",1.0,True,,F,,4259447.545314325,0.09966642287664651,-0.3180557985224879,-0.32846228988725285,0.09702385910361147,0.10284178688945586,0.38994629564211614,1.0,201.0,124.0,76.0,1.0,0.13150310406914534,-1.5911049491951496e-18
"(0.03, 0.08, 0.02)",1.0,True,,A,,1407825.946301983,0.08841029032557657,-0.22547527129627498,-0.26466324793841256,0.08077922928938105,0.09561178070982398,0.24145552226346656,1.0,59.0,41.0,18.0,0.0,0.10697023366456866,0.0
"(0.03, 0.08, 0.02)",1.0,True,,B,,1886213.9128412316,0.1137585173714486,-0.3070614675023272,-0.3302958871935515,0.1029015818004175,0.1284796451531688,0.5334087455866307,1.0,127.0,81.0,47.0,0.0,0.15638439683661676,0.0
"(0.03, 0.08, 0.02)",1.0,True,,F,,4532856.23235524,0.10298773821618945,-0.3078447988999915,-0.3305231920957143,0.09817287847636431,0.11063639644229765,0.3914811375219984,1.0,187.0,122.0,65.0,0.0,0.13507192408633162,0.0
"(0.03, 0.08, 0.06)",1.0,True,,A,,1407825.946301983,0.08841029032557657,-0.22547527129627498,-0.26466324793841256,0.08077922928938105,0.09561178070982398,0.24145552226346656,1.0,59.0,41.0,18.0,0.0,0.10697023366456866,0.0
"(0.03, 0.08, 0.06)",1.0,True,,B,,1886213.9128412316,0.1137585173714486,-0.3070614675023272,-0.3302958871935515,0.1029015818004175,0.1284796451531688,0.5334087455866307,1.0,127.0,81.0,47.0,0.0,0.15638439683661676,0.0
"(0.03, 0.08, 0.06)",1.0,True,,F,,4532856.23235524,0.10298773821618945,-0.3078447988999915,-0.3305231920957143,0.09817287847636431,0.11063639644229765,0.3914811375219984,1.0,187.0,122.0,65.0,0.0,0.13507192408633162,0.0
"(0.03, 0.1, 0.02)",1.0,True,,A,,1467370.2623258608,0.09289907367680439,-0.22327548181795454,-0.2747652115866998,0.08275275109290625,0.10093594629231102,0.245219103167664,1.0,57.0,41.0,16.0,0.0,0.11165813264782751,0.0
"(0.03, 0.1, 0.02)",1.0,True,,B,,1909744.0597768119,0.11505665111669006,-0.30397843563739235,-0.3168639195038726,0.10013005353514252,0.1288659224469829,0.5341711220113041,1.0,119.0,80.0,39.0,0.0,0.15927032077745465,0.0
"(0.03, 0.1, 0.02)",1.0,True,,F,,4780137.14244669,0.10583131197881723,-0.3057826357014002,-0.3151511919813424,0.09933830145080653,0.115421784187359,0.3934285906452065,1.0,177.0,121.0,55.0,0.0,0.1384406674971343,-1.6229032344723917e-18
"(0.03, 0.1, 0.06)",1.0,True,,A,,1467370.2623258608,0.09289907367680439,-0.22327548181795454,-0.2747652115866998,0.08275275109290625,0.10093594629231102,0.245219103167664,1.0,57.0,41.0,16.0,0.0,0.11165813264782751,0.0
"(0.03, 0.1, 0.06)",1.0,True,,B,,1909744.0597768119,0.11505665111669006,-0.30397843563739235,-0.3168639195038726,0.10013005353514252,0.1288659224469829,0.5341711220113041,1.0,119.0,80.0,39.0,0.0,0.15927032077745465,0.0
"(0.03, 0.1, 0.06)",1.0,True,,F,,4780137.14244669,0.10583131197881723,-0.3057826357014002,-0.3151511919813424,0.09933830145080653,0.115421784187359,0.3934285906452065,1.0,177.0,121.0,55.0,0.0,0.1384406674971343,-1.6229032344723917e-18
"(0.03, 0.12, 0.02)",1.0,True,,A,,1514581.6458958304,0.09634236175893862,-0.22588524539494031,-0.2845223427670089,0.08538371785401681,0.10747798121322914,0.25055063153091894,1.0,55.0,41.0,14.0,0.0,0.11703246310330169,0.0
"(0.03, 0.12, 0.02)",1.0,True,,B,,1870627.4459686242,0.11288969727223885,-0.2968230441924405,-0.30847855218659714,0.0963925225427696,0.12931736030225743,0.5365751922912492,1.0,112.0,80.0,33.0,0.0,0.16234713724604813,0.0
"(0.03, 0.12, 0.02)",1.0,True,,F,,4911076.428059174,0.10728068005947344,-0.290793994326662,-0.306057999643415,0.09820126844834723,0.11778664801240953,0.3956710266467644,1.0,167.0,120.0,47.0,0.0,0.1416275463713209,0.0
"(0.03, 0.12, 0.06)",1.0,True,,A,,1514581.6458958304,0.09634236175893862,-0.22588524539494031,-0.2845223427670089,0.08538371785401681,0.10747798121322914,0.25055063153091894,1.0,55.0,41.0,14.0,0.0,0.11703246310330169,0.0
"(0.03, 0.12, 0.06)",1.0,True,,B,,1870627.4459686242,0.11288969727223885,-0.2968230441924405,-0.30847855218659714,0.0963925225427696,0.12931736030225743,0.5365751922912492,1.0,112.0,80.0,33.0,0.0,0.16234713724604813,0.0
"(0.03, 0.12, 0.06)",1.0,True,,F,,4911076.428059174,0.10728068005947344,-0.290793994326662,-0.306057999643415,0.09820126844834723,0.11778664801240953,0.3956710266467644,1.0,167.0,120.0,47.0,0.0,0.1416275463713209,0.0
"(0.03, 0.15, 0.02)",1.0,True,,A,,1579549.7727623093,0.10092593851765275,-0.23179375435122673,-0.2891204904047602,0.09127209026727442,0.11454330423837758,0.2532655917498424,1.0,54.0,41.0,13.0,0.0,0.1264531171251918,0.0
"(0.03, 0.15, 0.02)",1.0,True,,B,,1862264.407456683,0.1124207379370008,-0.3109397122546028,-0.3160594854377861,0.0915415014357112,0.13157072688773372,0.5441423464209683,1.0,106.0,78.0,29.0,0.0,0.16576617769219454,0.0
"(0.03, 0.15, 0.02)",1.0,True,,F,,5050736.374889988,0.10878692602940776,-0.31094084806152983,-0.31424629629907125,0.09994521215426042,0.1221100360023917,0.4016667575817031,1.0,159.0,117.0,41.0,0.0,0.14845668175035315,-4.3016325047501404e-18
"(0.03, 0.15, 0.06)",1.0,True,,A,,1579549.7727623093,0.10092593851765275,-0.23179375435122673,-0.2891204904047602,0.09127209026727442,0.11454330423837758,0.2532655917498424,1.0,54.0,41.0,13.0,0.0,0.1264531171251918,0.0
"(0.03, 0.15, 0.06)",1.0,True,,B,,1862264.407456683,0.1124207379370008,-0.3109397122546028,-0.3160594854377861,0.0915415014357112,0.13157072688773372,0.5441423464209683,1.0,106.0,78.0,29.0,0.0,0.16576617769219454,0.0
"(0.03, 0.15, 0.06)",1.0,True,,F,,5050736.374889988,0.10878692602940776,-0.31094084806152983,-0.31424629629907125,0.09994521215426042,0.1221100360023917,0.4016667575817031,1.0,159.0,117.0,41.0,0.0,0.14845668175035315,-4.3016325047501404e-18
"(0.03, 0.18, 0.02)",1.0,True,,A,,1598967.7143041198,0.1022629324512605,-0.2321008768380427,-0.2943712520734521,0.09046158668304857,0.11650554255321025,0.25604611454461745,1.0,49.0,38.0,11.0,0.0,0.12917934659484795,0.0
"(0.03, 0.18, 0.02)",1.0,True,,B,,1850084.7867904864,0.11173430604904966,-0.31954914293115605,-0.3512076302068936,0.0815932492816217,0.1346336116591364,0.5521792759218982,1.0,101.0,77.0,24.0,0.0,0.1708416566130037,0.0
"(0.03, 0.18, 0.02)",1.0,True,,F,,4766690.83999141,0.10568035939166442,-0.3511822147902949,-0.35121605191813826,0.09536088845040488,0.12406483509798272,0.4065276056545427,1.0,149.0,113.5,35.0,0.0,0.15312128904424743,-2.4309344037533046e-18
"(0.03, 0.18, 0.06)",1.0,True,,A,,1598967.7143041198,0.1022629324512605,-0.2321008768380427,-0.2943712520734521,0.09046158668304857,0.11650554255321025,0.25604611454461745,1.0,49.0,38.0,11.0,0.0,0.12917934659484795,0.0
"(0.03, 0.18, 0.06)",1.0,True,,B,,1850084.7867904864,0.11173430604904966,-0.31954914293115605,-0.3512076302068936,0.0815932492816217,0.1346336116591364,0.5521792759218982,1.0,101.0,77.0,24.0,0.0,0.1708416566130037,0.0
"(0.03, 0.18, 0.06)",1.0,True,,F,,4766690.83999141,0.10568035939166442,-0.3511822147902949,-0.35121605191813826,0.09536088845040488,0.12406483509798272,0.4065276056545427,1.0,149.0,113.5,35.0,0.0,0.15312128904424743,-2.4309344037533046e-18
"(0.03, 0.2, 0.02)",1.0,True,,A,,1607824.5805456846,0.10286783402483635,-0.23517562628763494,-0.2870831001881996,0.0912735710268052,0.11740008119899743,0.25535198167194073,1.0,49.0,38.0,11.0,0.0,0.12981933659923509,0.0
"(0.03, 0.2, 0.02)",1.0,True,,B,,1817308.008811563,0.10986647311216469,-0.3261930870882517,-0.3513321910074292,0.08316491221722777,0.12912398378611584,0.5572943575815716,1.0,99.0,77.0,23.0,0.0,0.17369417062961334,0.0
"(0.03, 0.2, 0.02)",1.0,True,,F,,4840440.730886692,0.10650326916370911,-0.3512986926039995,-0.3513348740272545,0.09530862851598869,0.12388766476002415,0.4096485585519537,1.0,147.0,113.0,33.0,0.0,0.15446085775383744,-2.5758084714852674e-18
"(0.03, 0.2, 0.06)",1.0,True,,A,,1607824.5805456846,0.10286783402483635,-0.23517562628763494,-0.2870831001881996,0.0912735710268052,0.11740008119899743,0.25535198167194073,1.0,49.0,38.0,11.0,0.0,0.12981933659923509,0.0
"(0.03, 0.2, 0.06)",1.0,True,,B,,1817308.008811563,0.10986647311216469,-0.3261930870882517,-0.3513321910074292,0.08316491221722777,0.12912398378611584,0.5572943575815716,1.0,99.0,77.0,23.0,0.0,0.17369417062961334,0.0
"(0.03, 0.2, 0.06)",1.0,True,,F,,4840440.730886692,0.10650326916370911,-0.3512986926039995,-0.3513348740272545,0.09530862851598869,0.12388766476002415,0.4096485585519537,1.0,147.0,113.0,33.0,0.0,0.15446085775383744,-2.5758084714852674e-18
"(0.03, 0.25, 0.02)",1.0,True,,A,,1611657.4709704123,0.10312880262473367,-0.23381221258169238,-0.3090535805924495,0.08669269876789717,0.12148718587759248,0.2527761279656762,1.0,45.0,37.0,8.0,0.0,0.13090578477956424,0.0
"(0.03, 0.25, 0.02)",1.0,True,,B,,1759471.8595548654,0.10649477106793492,-0.35628243022973155,-0.36002188113176187,0.07878054230175682,0.1312343800864232,0.5670532147918204,1.0,95.0,77.0,18.0,0.0,0.18024491275091556,0.0
"(0.03, 0.25, 0.02)",1.0,True,,F,,4822759.257953012,0.10630627713839103,-0.3562822896263264,-0.35945359355390183,0.0929005872634869,0.12302452332628092,0.41292387281434584,1.0,139.0,112.0,27.0,0.0,0.15809261942095199,-2.5727217445218086e-18
"(0.03, 0.25, 0.06)",1.0,True,,A,,1611657.4709704123,0.10312880262473367,-0.23381221258169238,-0.3090535805924495,0.08669269876789717,0.12148718587759248,0.2527761279656762,1.0,45.0,37.0,8.0,0.0,0.13090578477956424,0.0
"(0.03, 0.25, 0.06)",1.0,True,,B,,1759471.8595548654,0.10649477106793492,-0.35628243022973155,-0.36002188113176187,0.07878054230175682,0.1312343800864232,0.5670532147918204,1.0,95.0,77.0,18.0,0.0,0.18024491275091556,0.0
"(0.03, 0.25, 0.06)",1.0,True,,F,,4822759.257953012,0.10630627713839103,-0.3562822896263264,-0.35945359355390183,0.0929005872634869,0.12302452332628092,0.41292387281434584,1.0,139.0,112.0,27.0,0.0,0.15809261942095199,-2.5727217445218086e-18
"(0.03, 0.3, 0.02)",1.0,True,,A,,1609921.449573698,0.10301065718478453,-0.24063132483537714,-0.318981696452199,0.08115678546547693,0.12393976042944126,0.25363832587334656,1.0,44.0,37.0,7.0,0.0,0.13263635758768455,0.0
"(0.03, 0.3, 0.02)",1.0,True,,B,,1812305.2276074006,0.10957819852400807,-0.3654050934580836,-0.3747591525342394,0.07778779160483121,0.13271878354109018,0.5677392997702112,1.0,93.0,77.0,17.0,0.0,0.184644285586332,0.0
"(0.03, 0.3, 0.02)",1.0,True,,F,,4768816.284019938,0.10570410410331799,-0.3654051585578826,-0.37474114334511915,0.09082318960956329,0.12290614127725781,0.4112626188596423,1.0,136.0,112.0,24.0,0.0,0.16049673752156302,-2.8767849735290027e-18
"(0.03, 0.3, 0.06)",1.0,True,,A,,1609921.449573698,0.10301065718478453,-0.24063132483537714,-0.318981696452199,0.08115678546547693,0.12393976042944126,0.25363832587334656,1.0,44.0,37.0,7.0,0.0,0.13263635758768455,0.0
"(0.03, 0.3, 0.06)",1.0,True,,B,,1812305.2276074006,0.10957819852400807,-0.3654050934580836,-0.3747591525342394,0.07778779160483121,0.13271878354109018,0.5677392997702112,1.0,93.0,77.0,17.0,0.0,0.184644285586332,0.0
"(0.03, 0.3, 0.06)",1.0,True,,F,,4768816.284019938,0.10570410410331799,-0.3654051585578826,-0.37474114334511915,0.09082318960956329,0.12290614127725781,0.4112626188596423,1.0,136.0,112.0,24.0,0.0,0.16049673752156302,-2.8767849735290027e-18
