w,cnp,win,final,cagr,max_dd,avg_exp,n0,n1,n2
"(0.01, 0.04, 0.02)",0.5,A,109.60651656299443,0.06168125079538467,-0.1824812187942158,0.15514033990133852,31.0,16.0,27.0
"(0.01, 0.04, 0.02)",0.5,B,149.4058745634755,0.08960640694789557,-0.27082705044952654,0.3541006050399748,62.0,41.0,89.0
"(0.01, 0.04, 0.02)",0.5,F,272.82277974404747,0.07617424999270916,-0.27038849558820927,0.25750145607642194,93.0,58.0,116.0
"(0.01, 0.04, 0.02)",0.6,A,109.74368477154951,0.06181315601111326,-0.19395470157190564,0.16327289289314897,34.0,19.0,22.0
"(0.01, 0.04, 0.02)",0.6,B,154.3772826866658,0.09296644651947239,-0.29018724573036736,0.37718925872612463,65.0,49.5,78.5
"(0.01, 0.04, 0.02)",0.6,F,282.54222147392,0.07800199043404876,-0.2901878299905321,0.27379590161710476,99.0,69.0,101.0
"(0.01, 0.04, 0.02)",0.7,A,110.67532988348859,0.0627051533057087,-0.19268047441483344,0.1681700397038375,35.0,22.0,18.0
"(0.01, 0.04, 0.02)",0.7,B,164.68869506739625,0.09963398067114138,-0.29018724573036736,0.39092036430759197,70.0,55.0,77.0
"(0.01, 0.04, 0.02)",0.7,F,304.301756618377,0.08188586712739354,-0.2901878299905323,0.2852995193639105,106.0,77.0,94.0
"(0.01, 0.04, 0.02)",0.8,A,114.2402243230368,0.06605701966442268,-0.20426209746651464,0.1795338692013997,41.0,24.0,18.0
"(0.01, 0.04, 0.02)",0.8,B,171.88222106506325,0.10406504011986839,-0.2932541128659271,0.404257539005058,73.0,60.0,73.0
"(0.01, 0.04, 0.02)",0.8,F,329.6834572750541,0.0860951477766978,-0.2930484385011262,0.2957782824580865,114.0,84.0,91.0
"(0.01, 0.04, 0.02)",0.9,A,119.4040843991803,0.07074847960459774,-0.19909162600704983,0.1889516991014117,41.0,27.0,18.0
"(0.01, 0.04, 0.02)",0.9,B,180.97995208530256,0.10943436735696299,-0.3108435413105702,0.4253788042044603,80.0,66.0,68.0
"(0.01, 0.04, 0.02)",0.9,F,357.5925255101553,0.09038200737018298,-0.3027803174636506,0.3116957287820689,121.5,93.0,85.0
"(0.01, 0.04, 0.02)",1.0,A,122.98678497747588,0.07389758503463517,-0.20998619505033955,0.19577797313327494,41.0,30.0,16.0
"(0.01, 0.04, 0.02)",1.0,B,197.86867587938062,0.11878398187012851,-0.3128494035966659,0.4431646538393036,86.0,72.0,58.5
"(0.01, 0.04, 0.02)",1.0,F,403.56381739000176,0.09679230909504433,-0.3122345298318833,0.3247460039679503,128.0,102.0,75.0
"(0.01, 0.04, 0.04)",0.5,A,108.78365720031799,0.06088682527757294,-0.1844026297719193,0.15529213545040987,26.5,16.0,15.0
"(0.01, 0.04, 0.04)",0.5,B,158.34351458733616,0.09557736104724546,-0.31030329853521077,0.3842883178630617,62.0,42.0,55.5
"(0.01, 0.04, 0.04)",0.5,F,289.60203577657006,0.07929189882557108,-0.31511562016790035,0.27615316673939444,90.0,58.0,71.0
"(0.01, 0.04, 0.04)",0.6,A,108.41366152897346,0.060527772703185434,-0.19999978700305915,0.1629216785921549,31.0,19.0,12.0
"(0.01, 0.04, 0.04)",0.6,B,165.0160051862078,0.09983905781270341,-0.3159161521081642,0.3948743941870604,64.0,50.0,48.0
"(0.01, 0.04, 0.04)",0.6,F,303.0775530359751,0.08167445570342613,-0.31591390856852175,0.28315463459382006,95.5,69.0,60.0
"(0.01, 0.04, 0.04)",0.7,A,109.86123038682153,0.061926045780542505,-0.19851995046838083,0.17405810535526756,34.0,22.0,10.0
"(0.01, 0.04, 0.04)",0.7,B,166.4561273262736,0.10073877200089443,-0.3159161521081642,0.3997998932992458,65.0,54.0,45.0
"(0.01, 0.04, 0.04)",0.7,F,311.7914085151274,0.08316098404944883,-0.3159139085685218,0.2930650467265763,99.0,75.5,55.0
"(0.01, 0.04, 0.04)",0.8,A,113.1046407369005,0.0649996215699834,-0.20734725574487917,0.18329712092292558,41.0,23.0,10.0
"(0.01, 0.04, 0.04)",0.8,B,169.34602140379255,0.1025223622294873,-0.31893998121792816,0.4090373944572119,67.5,57.0,41.0
"(0.01, 0.04, 0.04)",0.8,F,327.558379464747,0.08575501044742251,-0.3189397193854497,0.30199528889680816,109.0,81.0,51.0
"(0.01, 0.04, 0.04)",0.9,A,118.76570482967342,0.07017860335202086,-0.20808976037060856,0.19353554230236025,41.0,26.0,10.0
"(0.01, 0.04, 0.04)",0.9,B,189.9389461533717,0.11448817219044216,-0.3208429171086206,0.42332670821692747,78.0,63.0,38.0
"(0.01, 0.04, 0.04)",0.9,F,367.0063373456852,0.0917557357609361,-0.3166447345769813,0.31531605348206937,118.0,90.0,48.0
"(0.01, 0.04, 0.04)",1.0,A,122.35239115540972,0.07334616729152055,-0.2197618790751466,0.19601533690598624,41.0,29.0,8.0
"(0.01, 0.04, 0.04)",1.0,B,202.7285755327506,0.12134055410600342,-0.3162785071777816,0.4395630713419668,85.0,70.0,32.0
"(0.01, 0.04, 0.04)",1.0,F,410.7343316380486,0.09772983913377808,-0.3159623635229981,0.32435005466617783,126.0,99.0,40.0
"(0.01, 0.04, 0.06)",0.5,A,108.58268293767651,0.06069197993817821,-0.18971108020009336,0.16140647406841552,26.0,16.0,11.0
"(0.01, 0.04, 0.06)",0.5,B,158.30707465077066,0.09555375903581298,-0.3200297781633309,0.3889685511660499,62.0,42.0,40.0
"(0.01, 0.04, 0.06)",0.5,F,289.5927023515544,0.07929071139576238,-0.32217645583337706,0.28315736912599143,88.0,57.5,50.0
"(0.01, 0.04, 0.06)",0.6,A,107.5353410346718,0.05967125837842713,-0.19574594788932426,0.16383950313076873,29.0,18.0,9.0
"(0.01, 0.04, 0.06)",0.6,B,162.84335269585227,0.09846913558619474,-0.3278697505868746,0.3998395963355025,64.0,49.0,33.0
"(0.01, 0.04, 0.06)",0.6,F,301.6081003939587,0.08141745526662225,-0.3287126059449603,0.2871578530560959,93.0,68.5,42.5
"(0.01, 0.04, 0.06)",0.7,A,109.57720651805023,0.061653052353972115,-0.19418126437134592,0.17545991902274777,35.5,21.5,8.0
"(0.01, 0.04, 0.06)",0.7,B,163.74041346342096,0.09903649118186719,-0.3278697505868746,0.4099360518359629,65.0,53.0,30.0
"(0.01, 0.04, 0.06)",0.7,F,303.55790974956074,0.08175730497557299,-0.32905596450072966,0.29696042647455667,101.0,76.0,39.0
"(0.01, 0.04, 0.06)",0.8,A,114.98786759050381,0.06674799742179272,-0.20044370373606613,0.18690773640195674,41.0,24.0,8.0
"(0.01, 0.04, 0.06)",0.8,B,169.6935642381166,0.10273470405195528,-0.329260457456037,0.4149229358691014,69.0,56.5,29.0
"(0.01, 0.04, 0.06)",0.8,F,326.0110760420803,0.08550413619669306,-0.3300979076593377,0.30682188661515586,106.0,81.5,37.0
"(0.01, 0.04, 0.06)",0.9,A,120.66618457155244,0.07186779331993887,-0.199572162453378,0.19596919738248458,41.0,28.0,8.0
"(0.01, 0.04, 0.06)",0.9,B,185.68634808515213,0.11211657970552869,-0.32238189132726425,0.42523056674234105,78.0,62.0,25.0
"(0.01, 0.04, 0.06)",0.9,F,376.580568320091,0.09311642291223587,-0.32097953303492227,0.31713210425834815,120.0,92.0,33.0
"(0.01, 0.04, 0.06)",1.0,A,124.91633022685312,0.07555989431909327,-0.21710082028121835,0.19407774839754005,41.0,30.0,6.0
"(0.01, 0.04, 0.06)",1.0,B,196.33997583489773,0.11796824863356026,-0.31461175697033494,0.4434547184979274,85.0,69.0,21.0
"(0.01, 0.04, 0.06)",1.0,F,415.7096874740267,0.09837059869577658,-0.3146841996192385,0.3250152833619834,126.0,99.0,27.0
"(0.01, 0.04, 0.1)",0.5,A,108.21164041999415,0.06033138563808993,-0.1706199962186034,0.16452563411161608,26.0,16.0,7.0
"(0.01, 0.04, 0.1)",0.5,B,157.04710365687345,0.09473062577623526,-0.3314783537528929,0.39056869239711534,58.5,42.0,23.0
"(0.01, 0.04, 0.1)",0.5,F,294.00079532188147,0.08008054004268761,-0.32595765440584973,0.2768049369015251,86.0,58.0,30.0
"(0.01, 0.04, 0.1)",0.6,A,107.53557085485177,0.05967148229172836,-0.18861146931149597,0.1734696145688826,28.5,19.0,6.0
"(0.01, 0.04, 0.1)",0.6,B,161.08165747445213,0.09734485110939706,-0.3360232909975257,0.39818051523200637,63.0,49.0,22.0
"(0.01, 0.04, 0.1)",0.6,F,301.8438197206321,0.08146048063570388,-0.33579299944379604,0.28884088994428503,91.0,68.0,28.0
"(0.01, 0.04, 0.1)",0.7,A,108.86224464796814,0.060962769975227205,-0.19358166381692143,0.1813685542280717,33.0,21.0,6.0
"(0.01, 0.04, 0.1)",0.7,B,168.883071825248,0.10223848616556808,-0.3360232909975257,0.40954638300884233,65.0,53.0,20.0
"(0.01, 0.04, 0.1)",0.7,F,306.27823034270455,0.08222544207971982,-0.3357929994437961,0.29824571444328163,97.0,74.5,26.0
"(0.01, 0.04, 0.1)",0.8,A,113.32657581888363,0.06520704764948793,-0.20348608411135743,0.19380315044153162,38.0,24.0,6.0
"(0.01, 0.04, 0.1)",0.8,B,172.4562646976944,0.10441126175066251,-0.33452376976094256,0.4170729031730651,70.0,58.0,18.0
"(0.01, 0.04, 0.1)",0.8,F,343.0204199717321,0.08818519179642714,-0.3310256377861528,0.30570777232121205,109.0,82.0,24.0
"(0.01, 0.04, 0.1)",0.9,A,120.60825754767265,0.07181315853250902,-0.20301925242233376,0.19721689791106423,41.0,27.0,5.0
"(0.01, 0.04, 0.1)",0.9,B,184.0476205107393,0.11118914987248929,-0.3294791973680685,0.42886352354707113,80.0,64.0,16.0
"(0.01, 0.04, 0.1)",0.9,F,373.2296561444994,0.09264088993567532,-0.3242282450699413,0.3142468260579605,118.0,91.5,21.0
"(0.01, 0.04, 0.1)",1.0,A,123.56038479232927,0.0743940319831099,-0.2112036435634339,0.19752395977197268,41.0,30.0,4.0
"(0.01, 0.04, 0.1)",1.0,B,196.27449551608987,0.11791246254694943,-0.32075905612113903,0.4434049735581894,85.0,69.0,14.0
"(0.01, 0.04, 0.1)",1.0,F,416.16411879557086,0.09842887226473163,-0.3163121672957686,0.32369822488215383,126.0,99.0,18.0
"(0.01, 0.08, 0.02)",0.5,A,119.56786239869963,0.07089469352535638,-0.17199785537283208,0.16022511645505594,31.0,11.0,27.0
"(0.01, 0.08, 0.02)",0.5,B,147.0883284076958,0.08800171289850556,-0.2625457561165235,0.36770447389802186,63.0,23.0,89.0
"(0.01, 0.08, 0.02)",0.5,F,293.66628603307225,0.08002176913186321,-0.2645974069457231,0.2676503414530099,95.0,34.0,116.0
"(0.01, 0.08, 0.02)",0.6,A,120.19632814207701,0.0714525409990372,-0.18121189918191705,0.16966204531802304,32.5,13.0,22.0
"(0.01, 0.08, 0.02)",0.6,B,152.38995750600196,0.09163518871013765,-0.296240582715269,0.3931115480836075,64.0,29.0,77.5
"(0.01, 0.08, 0.02)",0.6,F,313.0374842044266,0.08336825277578919,-0.29366258088887454,0.2853757734148523,96.5,43.0,99.5
"(0.01, 0.08, 0.02)",0.7,A,120.07690534398402,0.07134571691304181,-0.1863973277101421,0.1795551823406492,34.5,14.0,17.0
"(0.01, 0.08, 0.02)",0.7,B,166.40968719487387,0.10070964216502187,-0.29645709335286347,0.4140239949494192,66.0,38.0,62.0
"(0.01, 0.08, 0.02)",0.7,F,334.16586567795724,0.08680620162287567,-0.2950464707338752,0.30314013264051515,101.5,52.0,79.0
"(0.01, 0.08, 0.02)",0.8,A,121.9119449394281,0.07296193527934702,-0.20747955751940578,0.19468861481264954,41.0,16.0,12.0
"(0.01, 0.08, 0.02)",0.8,B,171.59740628440346,0.10388750500852217,-0.2982926733815518,0.4369904374854311,72.0,44.5,45.0
"(0.01, 0.08, 0.02)",0.8,F,356.9004646231306,0.09027872466253029,-0.29731609397829245,0.32346338008622266,113.5,60.0,57.0
"(0.01, 0.08, 0.02)",0.9,A,127.75877196938286,0.07796643262184222,-0.20501850492814538,0.20949151198998273,41.0,20.0,7.0
"(0.01, 0.08, 0.02)",0.9,B,180.94960907980428,0.1094168463290236,-0.3210333431466448,0.4684147565624073,80.5,52.0,24.0
"(0.01, 0.08, 0.02)",0.9,F,384.2425916019072,0.09418776608062729,-0.31967739334501405,0.3403740375257247,119.5,73.0,31.0
"(0.01, 0.08, 0.02)",1.0,A,130.12159659328395,0.0799304732040843,-0.2076876568879707,0.21756755235238046,41.0,23.0,0.0
"(0.01, 0.08, 0.02)",1.0,B,195.3230344983607,0.11742233273652303,-0.3370796240233373,0.49433221274649053,87.0,60.0,1.0
"(0.01, 0.08, 0.02)",1.0,F,425.1790622689523,0.09957050014548408,-0.32191777806027594,0.36134342131932434,128.0,83.0,1.0
"(0.01, 0.08, 0.04)",0.5,A,118.57257958796758,0.07000529113249088,-0.17620918746818698,0.16090650225597347,27.0,11.0,15.0
"(0.01, 0.08, 0.04)",0.5,B,158.73291041890886,0.09582919266734224,-0.297592502380221,0.39228476637482246,62.0,23.0,56.0
"(0.01, 0.08, 0.04)",0.5,F,307.6727790638213,0.08246317715262685,-0.3055361045385789,0.28080156578652715,90.0,34.0,71.0
"(0.01, 0.08, 0.04)",0.6,A,118.82778367848962,0.07023407973183826,-0.19074457481400403,0.1722327748086418,32.0,12.0,12.0
"(0.01, 0.08, 0.04)",0.6,B,161.5252122803006,0.09762962281373788,-0.3062486019959196,0.40566778752772703,64.0,31.0,44.0
"(0.01, 0.08, 0.04)",0.6,F,322.0032605129845,0.08485280706207798,-0.3066303826712489,0.2951768139340333,96.5,44.0,57.0
"(0.01, 0.08, 0.04)",0.7,A,120.00341441447418,0.07128159594392969,-0.1953856976059068,0.1816561606827951,34.0,14.0,10.0
"(0.01, 0.08, 0.04)",0.7,B,159.98845084322704,0.09664245671955318,-0.31468918540133023,0.4228196127231662,65.0,37.5,36.0
"(0.01, 0.08, 0.04)",0.7,F,326.9913859867835,0.08566373142829886,-0.3081461624964907,0.30952675782236416,99.0,52.0,47.0
"(0.01, 0.08, 0.04)",0.8,A,122.90044708687643,0.07382239157852433,-0.2047151138306998,0.19660044955915834,41.0,16.0,7.0
"(0.01, 0.08, 0.04)",0.8,B,165.4751506808474,0.10012689823411514,-0.3202307567482633,0.4432392683643097,69.0,44.0,24.0
"(0.01, 0.08, 0.04)",0.8,F,337.6160037070052,0.08734775222791058,-0.31622559769758457,0.32574643879973336,109.5,60.0,31.0
"(0.01, 0.08, 0.04)",0.9,A,126.95803489127611,0.07729250048009095,-0.21578723875214467,0.2128487474962379,41.0,20.0,5.0
"(0.01, 0.08, 0.04)",0.9,B,185.581167232244,0.11205529194451536,-0.32825446608778863,0.46773799726922854,80.5,52.0,15.0
"(0.01, 0.08, 0.04)",0.9,F,383.92200254443406,0.09414307307313141,-0.3294423108576418,0.34120325151966835,119.0,72.5,20.0
"(0.01, 0.08, 0.04)",1.0,A,130.12159659328395,0.0799304732040843,-0.2076876568879707,0.21756755235238046,41.0,23.0,0.0
"(0.01, 0.08, 0.04)",1.0,B,195.3230344983607,0.11742233273652303,-0.3370796240233373,0.49433221274649053,87.0,60.0,1.0
"(0.01, 0.08, 0.04)",1.0,F,425.1790622689523,0.09957050014548408,-0.32191777806027594,0.36134342131932434,128.0,83.0,1.0
"(0.01, 0.08, 0.06)",0.5,A,116.62340524037616,0.06824378388544827,-0.18953688101176774,0.16771715369715284,26.0,11.0,11.0
"(0.01, 0.08, 0.06)",0.5,B,155.44347082516862,0.0936734508437791,-0.3003532335652893,0.39164281079969837,62.0,23.0,38.0
"(0.01, 0.08, 0.06)",0.5,F,308.342156493432,0.0825777206481364,-0.30004141413628155,0.2884634318626432,89.5,34.0,50.0
"(0.01, 0.08, 0.06)",0.6,A,117.71433220130908,0.06923406895712458,-0.1844439458157704,0.1735544105952926,31.0,13.0,9.0
"(0.01, 0.08, 0.06)",0.6,B,158.98132096951048,0.09599187727941227,-0.30553353631556485,0.4061532063729061,64.0,30.5,31.0
"(0.01, 0.08, 0.06)",0.6,F,318.21333846531354,0.08423246523154249,-0.30379497687990104,0.2951202400879813,94.0,43.0,41.0
"(0.01, 0.08, 0.06)",0.7,A,120.11285842059297,0.0713785868825153,-0.18768172264078192,0.18312053933576533,34.0,14.0,7.0
"(0.01, 0.08, 0.06)",0.7,B,162.47630156081436,0.09821672937823012,-0.3172636435890536,0.4258480024921441,65.0,37.0,23.0
"(0.01, 0.08, 0.06)",0.7,F,318.48383770655767,0.08427733810124771,-0.3162633969483788,0.3092153900581661,99.5,51.0,31.0
"(0.01, 0.08, 0.06)",0.8,A,121.53184342214851,0.0726292451962689,-0.20624625045732164,0.19956703839307727,38.0,16.0,6.0
"(0.01, 0.08, 0.06)",0.8,B,169.14957917029824,0.10240200301934532,-0.3240482699231341,0.4404702210293501,68.0,45.0,19.5
"(0.01, 0.08, 0.06)",0.8,F,337.66107250752236,0.08735451633806335,-0.32453226180114536,0.3273468958054705,106.5,60.5,26.0
"(0.01, 0.08, 0.06)",0.9,A,126.20936801550242,0.07666063253393995,-0.21602829476030477,0.21428266080581634,41.0,20.0,4.0
"(0.01, 0.08, 0.06)",0.9,B,189.2128678245487,0.11408096654431432,-0.3317667367764738,0.464329997435568,81.0,52.0,10.0
"(0.01, 0.08, 0.06)",0.9,F,382.4972081391002,0.09394615537904993,-0.33436135355138025,0.34298144215386317,120.0,72.0,14.0
"(0.01, 0.08, 0.06)",1.0,A,130.12159659328395,0.0799304732040843,-0.2076876568879707,0.21756755235238046,41.0,23.0,0.0
"(0.01, 0.08, 0.06)",1.0,B,195.3230344983607,0.11742233273652303,-0.3370796240233373,0.49433221274649053,87.0,60.0,1.0
"(0.01, 0.08, 0.06)",1.0,F,425.1790622689523,0.09957050014548408,-0.32191777806027594,0.36134342131932434,128.0,83.0,1.0
"(0.01, 0.08, 0.1)",0.5,A,116.77287368043112,0.06838155341133023,-0.16845264616771144,0.16656956678448875,26.0,11.0,7.0
"(0.01, 0.08, 0.1)",0.5,B,153.35231241848555,0.092279759028296,-0.3029866188045093,0.40088062502542526,57.5,23.0,22.0
"(0.01, 0.08, 0.1)",0.5,F,308.3188993890146,0.0825730201084317,-0.2994761897295138,0.28485868529049263,87.0,33.5,29.0
"(0.01, 0.08, 0.1)",0.6,A,118.06982703204444,0.06955428565891897,-0.18723758860753753,0.1775892618661537,27.5,12.0,6.0
"(0.01, 0.08, 0.1)",0.6,B,161.22173415020657,0.09740551660455521,-0.30624437714840413,0.4084554831245116,63.0,31.5,18.0
"(0.01, 0.08, 0.1)",0.6,F,322.63981270516257,0.08495898930260615,-0.30737805512089933,0.30350000710440594,91.5,43.0,25.0
"(0.01, 0.08, 0.1)",0.7,A,118.05495695821969,0.06954025397955144,-0.1969451120993817,0.1877889947360934,32.0,14.0,5.0
"(0.01, 0.08, 0.1)",0.7,B,164.53506156065757,0.09953713074173343,-0.32030353831766945,0.4192245647528301,65.0,38.0,14.5
"(0.01, 0.08, 0.1)",0.7,F,317.1060630063326,0.08404838209397558,-0.31648305220058365,0.31132690927874246,97.0,51.0,20.0
"(0.01, 0.08, 0.1)",0.8,A,118.70996327240965,0.0701282145294464,-0.2205488294205829,0.2055559208494676,38.0,16.0,4.0
"(0.01, 0.08, 0.1)",0.8,B,174.38138400076414,0.10556526796174204,-0.332189583022389,0.4434109879066791,71.5,44.5,10.0
"(0.01, 0.08, 0.1)",0.8,F,339.87094337045045,0.08769636604301057,-0.3350963266254948,0.32781940178360786,108.5,60.0,14.0
"(0.01, 0.08, 0.1)",0.9,A,124.7380042831956,0.07540724528266651,-0.2214786815742414,0.21325156756453412,41.0,20.0,2.0
"(0.01, 0.08, 0.1)",0.9,B,188.50256803221149,0.11369181300536124,-0.3403210611447158,0.46142244339166977,82.0,53.0,5.0
"(0.01, 0.08, 0.1)",0.9,F,365.4978839387091,0.09153833727627303,-0.346941526910975,0.34376387902356287,121.0,72.0,7.0
"(0.01, 0.08, 0.1)",1.0,A,130.12159659328395,0.0799304732040843,-0.2076876568879707,0.21756755235238046,41.0,23.0,0.0
"(0.01, 0.08, 0.1)",1.0,B,195.3230344983607,0.11742233273652303,-0.3370796240233373,0.49433221274649053,87.0,60.0,1.0
"(0.01, 0.08, 0.1)",1.0,F,425.1790622689523,0.09957050014548408,-0.32191777806027594,0.36134342131932434,128.0,83.0,1.0
"(0.01, 0.15, 0.02)",0.5,A,121.24937382259911,0.07238133870685726,-0.17768194522444197,0.16065323286618582,28.0,6.0,27.0
"(0.01, 0.15, 0.02)",0.5,B,150.4165972184963,0.0902976495352994,-0.30192579562725325,0.37849524481633534,62.0,13.5,89.0
"(0.01, 0.15, 0.02)",0.5,F,290.6146456257118,0.07947370065242687,-0.30192237291146823,0.2746597585852684,89.5,20.0,116.0
"(0.01, 0.15, 0.02)",0.6,A,126.93057234635246,0.07727026336052611,-0.17775013928401856,0.171832688049545,30.5,9.0,22.0
"(0.01, 0.15, 0.02)",0.6,B,159.29890783942145,0.09619755376126138,-0.3080838309046966,0.41361910160478293,64.0,18.0,77.5
"(0.01, 0.15, 0.02)",0.6,F,315.7780384444302,0.08382686241059822,-0.3181054465453207,0.296251653974063,93.5,27.5,99.5
"(0.01, 0.15, 0.02)",0.7,A,132.22077819938184,0.08164859124588453,-0.194533783516032,0.18334408247478767,32.0,12.0,17.0
"(0.01, 0.15, 0.02)",0.7,B,164.01437270137103,0.09920781406851531,-0.28250683938297,0.4367492498089115,65.0,22.0,62.0
"(0.01, 0.15, 0.02)",0.7,F,337.5122798520781,0.08733157597280639,-0.31036092197830817,0.319042280610245,98.0,34.0,79.0
"(0.01, 0.15, 0.02)",0.8,A,138.54016670170486,0.08667641329394116,-0.20823228841106506,0.20486470323102615,37.0,12.0,12.0
"(0.01, 0.15, 0.02)",0.8,B,168.65535394687976,0.10209659884995126,-0.29150311099853643,0.45881940309743985,66.0,26.0,44.5
"(0.01, 0.15, 0.02)",0.8,F,397.1671662097015,0.09594297133376162,-0.2958025195390863,0.33114226704372934,103.5,38.0,57.0
"(0.01, 0.15, 0.02)",0.9,A,146.2865925017932,0.0925453610856698,-0.23114047575958102,0.22169222487669493,41.0,14.0,7.0
"(0.01, 0.15, 0.02)",0.9,B,168.2653570875051,0.10185806413007303,-0.29217200423614836,0.4828898510931743,74.0,31.0,24.0
"(0.01, 0.15, 0.02)",0.9,F,433.0185375586496,0.10054479761113044,-0.2895096446514796,0.3533619898285352,114.5,45.0,31.0
"(0.01, 0.15, 0.02)",1.0,A,152.5405724768948,0.09711752134544027,-0.23691548317471328,0.233846866401546,41.0,16.0,0.0
"(0.01, 0.15, 0.02)",1.0,B,190.01968126819693,0.11452385026710399,-0.30994964695905936,0.5062347508034906,82.0,37.0,0.0
"(0.01, 0.15, 0.02)",1.0,F,492.118468588435,0.10738631057812353,-0.3099485731032529,0.37286870741456957,122.0,53.0,0.0
"(0.01, 0.15, 0.04)",0.5,A,120.87717882369463,0.07205367461664214,-0.17782647852459305,0.15753759478562165,26.0,6.0,15.0
"(0.01, 0.15, 0.04)",0.5,B,157.35034886664,0.09491840740035051,-0.3322543484820266,0.40200543935309047,62.0,14.0,55.5
"(0.01, 0.15, 0.04)",0.5,F,305.72322656878197,0.08213002340088638,-0.3333207831742508,0.2885444885503968,87.5,20.0,71.0
"(0.01, 0.15, 0.04)",0.6,A,125.33007402876756,0.07591321022231323,-0.19597171922739443,0.1726115373349285,28.5,9.0,12.0
"(0.01, 0.15, 0.04)",0.6,B,162.4575436734941,0.09822075171153821,-0.3271979199966911,0.4234621236044059,64.0,17.5,44.0
"(0.01, 0.15, 0.04)",0.6,F,319.27722269926863,0.08440698546059944,-0.3320315807002601,0.3048867475476207,93.0,26.0,56.0
"(0.01, 0.15, 0.04)",0.7,A,130.32363379514413,0.08009688331678988,-0.19446760917372008,0.18793901477564495,31.0,11.0,10.0
"(0.01, 0.15, 0.04)",0.7,B,164.00077186274208,0.09920032797738754,-0.2905922053872647,0.4452208620074104,65.0,21.5,35.5
"(0.01, 0.15, 0.04)",0.7,F,331.7257240757093,0.0864124876446013,-0.3146482087114879,0.32198274282775585,97.0,33.0,45.0
"(0.01, 0.15, 0.04)",0.8,A,137.72241379143335,0.08602734582962668,-0.21473098886415343,0.2073453626203238,34.0,12.0,7.0
"(0.01, 0.15, 0.04)",0.8,B,169.728696846174,0.10275478082873812,-0.3032071349211786,0.46502529880844273,66.0,26.0,22.5
"(0.01, 0.15, 0.04)",0.8,F,392.1656844439471,0.09526927615941072,-0.2921320670179535,0.33521652939276453,101.0,38.0,29.5
"(0.01, 0.15, 0.04)",0.9,A,144.95855845008774,0.09157341402627373,-0.22999816737641676,0.22489737876585725,41.0,14.0,5.0
"(0.01, 0.15, 0.04)",0.9,B,172.85693660110286,0.10462860986250844,-0.29231504234617495,0.4801163725144442,73.5,31.0,14.0
"(0.01, 0.15, 0.04)",0.9,F,430.39174132184087,0.10022024464712354,-0.2897920818235439,0.35374721487231936,113.5,45.0,20.0
"(0.01, 0.15, 0.04)",1.0,A,152.5405724768948,0.09711752134544027,-0.23691548317471328,0.233846866401546,41.0,16.0,0.0
"(0.01, 0.15, 0.04)",1.0,B,190.01968126819693,0.11452385026710399,-0.30994964695905936,0.5062347508034906,82.0,37.0,0.0
"(0.01, 0.15, 0.04)",1.0,F,492.118468588435,0.10738631057812353,-0.3099485731032529,0.37286870741456957,122.0,53.0,0.0
"(0.01, 0.15, 0.06)",0.5,A,120.36627112069377,0.07160285837005353,-0.19883495521410594,0.16554808408919164,23.0,6.0,11.0
"(0.01, 0.15, 0.06)",0.5,B,157.9714617763583,0.09533106814721926,-0.33375776859275136,0.4070489385013493,59.5,14.0,38.0
"(0.01, 0.15, 0.06)",0.5,F,317.36989983055,0.08409282115698824,-0.33424591087925315,0.2938588353469442,84.0,20.0,50.0
"(0.01, 0.15, 0.06)",0.6,A,125.12507318746883,0.07573829577171609,-0.1900449469709175,0.17536957426565622,26.0,9.0,9.0
"(0.01, 0.15, 0.06)",0.6,B,157.89406793760443,0.0952683154555819,-0.32747424074457104,0.42843254904423744,63.5,18.0,31.0
"(0.01, 0.15, 0.06)",0.6,F,318.11463744762017,0.08421265018436086,-0.32883390029108006,0.31067126365721126,89.5,27.0,40.0
"(0.01, 0.15, 0.06)",0.7,A,131.87942549833735,0.08137061528371115,-0.20029947350211336,0.18973309303025815,30.0,11.0,7.0
"(0.01, 0.15, 0.06)",0.7,B,162.30821961797182,0.09812102440113313,-0.30263546840501615,0.44715983353726363,65.0,21.5,22.5
"(0.01, 0.15, 0.06)",0.7,F,333.3023689461784,0.08666463024348847,-0.3136331699443136,0.3238732340910593,97.0,33.0,29.5
"(0.01, 0.15, 0.06)",0.8,A,137.15716734813708,0.08559410206393259,-0.21944685096228544,0.21136246976503553,33.5,12.0,6.0
"(0.01, 0.15, 0.06)",0.8,B,170.0302792357305,0.10293625393649775,-0.29851825055503495,0.45898478591480246,66.0,25.5,18.0
"(0.01, 0.15, 0.06)",0.8,F,387.35896305016854,0.09461632305911771,-0.29120227881371213,0.33417256542114815,100.5,37.5,24.0
"(0.01, 0.15, 0.06)",0.9,A,143.98535710380054,0.0908458278220936,-0.23152312791748497,0.22550541420562414,41.0,14.0,4.0
"(0.01, 0.15, 0.06)",0.9,B,173.32369992786982,0.10492535206854614,-0.29248030210674003,0.4808839744790667,74.0,31.0,10.0
"(0.01, 0.15, 0.06)",0.9,F,423.83871492987254,0.09940225050084373,-0.2938400046465621,0.3543917372437546,114.0,46.0,14.0
"(0.01, 0.15, 0.06)",1.0,A,152.5405724768948,0.09711752134544027,-0.23691548317471328,0.233846866401546,41.0,16.0,0.0
"(0.01, 0.15, 0.06)",1.0,B,190.01968126819693,0.11452385026710399,-0.30994964695905936,0.5062347508034906,82.0,37.0,0.0
"(0.01, 0.15, 0.06)",1.0,F,492.118468588435,0.10738631057812353,-0.3099485731032529,0.37286870741456957,122.0,53.0,0.0
"(0.01, 0.15, 0.1)",0.5,A,120.45992853984266,0.07168573652730992,-0.17078668916701545,0.16880462695138793,23.0,6.0,7.0
"(0.01, 0.15, 0.1)",0.5,B,152.91308773025867,0.09198610777193927,-0.33655048191678444,0.4136511301058581,57.5,14.5,22.0
"(0.01, 0.15, 0.1)",0.5,F,296.49280691712795,0.08052244402170339,-0.33663919059948894,0.2949431985991686,82.0,19.0,29.0
"(0.01, 0.15, 0.1)",0.6,A,124.6454437474959,0.07532791600923894,-0.17838186431158431,0.18115582029214572,28.0,8.0,6.0
"(0.01, 0.15, 0.1)",0.6,B,162.73602921526063,0.0984010103449604,-0.3311109881780248,0.4237854228617398,62.0,18.0,18.0
"(0.01, 0.15, 0.1)",0.6,F,314.84946645198085,0.08367385263956051,-0.3299122565932234,0.31242567407250676,88.5,26.0,24.0
"(0.01, 0.15, 0.1)",0.7,A,129.83077930890704,0.0796904827485031,-0.20292612953305028,0.19675974116339234,29.0,11.0,5.0
"(0.01, 0.15, 0.1)",0.7,B,161.62484862307986,0.09763487710058583,-0.29880569674573176,0.4384636007461974,64.0,22.5,14.0
"(0.01, 0.15, 0.1)",0.7,F,327.37431174638334,0.08572365933310888,-0.30962521903518875,0.32325613249600227,93.0,32.5,19.0
"(0.01, 0.15, 0.1)",0.8,A,134.9469141389128,0.08384248601614053,-0.22464124685660242,0.21517178708505733,30.0,11.5,4.0
"(0.01, 0.15, 0.1)",0.8,B,165.62512716742623,0.10015685114399808,-0.30246724357181054,0.45887805447050745,66.0,26.0,10.0
"(0.01, 0.15, 0.1)",0.8,F,389.61103978156876,0.09492164435480688,-0.298972928636668,0.337124402204903,97.0,37.0,13.0
"(0.01, 0.15, 0.1)",0.9,A,143.0574210073798,0.09014551999770914,-0.2375812923669801,0.22599888440685978,41.0,14.0,2.0
"(0.01, 0.15, 0.1)",0.9,B,181.67737305417756,0.1098355815556028,-0.2976834272293048,0.47941606545348425,74.0,32.0,5.0
"(0.01, 0.15, 0.1)",0.9,F,417.85639445069097,0.09863870400642549,-0.29879030032233905,0.3554306136198908,114.5,45.5,7.0
"(0.01, 0.15, 0.1)",1.0,A,152.5405724768948,0.09711752134544027,-0.23691548317471328,0.233846866401546,41.0,16.0,0.0
"(0.01, 0.15, 0.1)",1.0,B,190.01968126819693,0.11452385026710399,-0.30994964695905936,0.5062347508034906,82.0,37.0,0.0
"(0.01, 0.15, 0.1)",1.0,F,492.118468588435,0.10738631057812353,-0.3099485731032529,0.37286870741456957,122.0,53.0,0.0
"(0.02, 0.04, 0.02)",0.5,A,113.34842946013445,0.06522736905105808,-0.17344303679654627,0.16341920897024934,29.0,13.0,27.0
"(0.02, 0.04, 0.02)",0.5,B,142.35651886263287,0.08466397400991665,-0.2645488366467683,0.38083774404547005,62.0,31.0,89.0
"(0.02, 0.04, 0.02)",0.5,F,274.2669638721863,0.07644868134819438,-0.26454252637597825,0.2760720375109447,91.0,44.0,116.0
"(0.02, 0.04, 0.02)",0.6,A,113.64339513202208,0.06550230357286568,-0.18613148681327363,0.17290192497561713,32.0,16.0,22.0
"(0.02, 0.04, 0.02)",0.6,B,150.6978611122536,0.0904892613367112,-0.2798344695114441,0.4072838720825072,64.0,42.0,77.5
"(0.02, 0.04, 0.02)",0.6,F,285.02024653743393,0.07845566716811425,-0.27929584920109446,0.2927761230628149,96.5,58.5,99.5
"(0.02, 0.04, 0.02)",0.7,A,115.06477698597583,0.0668188720152455,-0.19870968212536538,0.1830696369914046,34.0,20.0,17.0
"(0.02, 0.04, 0.02)",0.7,B,159.51513667820674,0.09633744581423076,-0.2811694923658555,0.42273617848800693,67.0,53.0,64.0
"(0.02, 0.04, 0.02)",0.7,F,309.4348547562688,0.08276323762149407,-0.2813510363219322,0.30796081670124503,101.0,73.0,81.0
"(0.02, 0.04, 0.02)",0.8,A,117.28661308873384,0.068847420155426,-0.21283270139700988,0.19604094225137708,38.5,22.0,13.0
"(0.02, 0.04, 0.02)",0.8,B,171.24301940805464,0.10367709738948716,-0.2811694923658555,0.43318335670763075,71.0,57.0,60.0
"(0.02, 0.04, 0.02)",0.8,F,337.4940251391772,0.08732884261828311,-0.28269902601937863,0.31994436356515477,112.0,79.0,73.0
"(0.02, 0.04, 0.02)",0.9,A,121.3950080229622,0.07250848485046968,-0.2185280484671539,0.2075276467033416,41.0,24.0,13.0
"(0.02, 0.04, 0.02)",0.9,B,180.93523634134786,0.10940869504158113,-0.3038232100948368,0.45410936569559235,79.0,61.0,54.0
"(0.02, 0.04, 0.02)",0.9,F,368.85519299271505,0.09202224246389124,-0.3037911969755734,0.3357072410170294,119.5,85.0,67.5
"(0.02, 0.04, 0.02)",1.0,A,127.13686637312811,0.0774437981323578,-0.22126174945802235,0.21294533471934884,41.0,27.5,11.0
"(0.02, 0.04, 0.02)",1.0,B,200.02959522647046,0.11992783051126399,-0.3044411668370927,0.4752212182042744,85.0,67.0,44.0
"(0.02, 0.04, 0.02)",1.0,F,421.94482138786054,0.0991635734277293,-0.3055469898865902,0.34967007510951864,126.0,95.0,55.0
"(0.02, 0.04, 0.04)",0.5,A,112.64923239255394,0.06457291452129121,-0.1761312634871966,0.1645966900800392,27.0,13.0,15.0
"(0.02, 0.04, 0.04)",0.5,B,152.0943635488929,0.09143580139122442,-0.29842265599999374,0.40426787969030614,60.0,32.0,55.0
"(0.02, 0.04, 0.04)",0.5,F,294.0114137674746,0.08008303285446172,-0.29532333381592046,0.29071020433732064,89.0,44.0,70.5
"(0.02, 0.04, 0.04)",0.6,A,112.44847567010973,0.06438428189258694,-0.19298603942240755,0.1736076833670685,29.5,16.0,12.0
"(0.02, 0.04, 0.04)",0.6,B,156.5179149969403,0.09438167424439936,-0.29633808246467613,0.4164802144247014,64.0,40.5,45.0
"(0.02, 0.04, 0.04)",0.6,F,292.6233925821536,0.07983434182700666,-0.3008349472987856,0.30361280301106053,94.0,58.0,57.0
"(0.02, 0.04, 0.04)",0.7,A,113.40740999122767,0.06528249619339965,-0.20170569429499968,0.18558467025257708,34.0,19.0,10.0
"(0.02, 0.04, 0.04)",0.7,B,156.24862695139257,0.09420307806555939,-0.3029132762284703,0.4328348495728952,65.0,51.0,38.0
"(0.02, 0.04, 0.04)",0.7,F,305.6189261055133,0.08211211304750388,-0.3092588423502936,0.3157848632717915,99.0,70.5,48.0
"(0.02, 0.04, 0.04)",0.8,A,116.94843268569575,0.06854098967727607,-0.20708113493985075,0.19940487149874658,39.5,22.0,8.0
"(0.02, 0.04, 0.04)",0.8,B,164.92326381398507,0.09978129497106358,-0.3103972634012698,0.442853036355906,69.0,56.0,32.0
"(0.02, 0.04, 0.04)",0.8,F,325.1609391181222,0.08536846024993439,-0.31387660507654325,0.3280722520917281,107.5,78.5,41.0
"(0.02, 0.04, 0.04)",0.9,A,122.51134230557729,0.07348483982770626,-0.21053376041841865,0.21167965106777759,41.0,24.0,8.0
"(0.02, 0.04, 0.04)",0.9,B,183.54714491630315,0.11090527878231315,-0.3181390755809104,0.4582596931893195,75.5,60.0,30.0
"(0.02, 0.04, 0.04)",0.9,F,375.28913996850355,0.09293804850556409,-0.31834261034849193,0.34010413224856073,117.0,85.0,38.0
"(0.02, 0.04, 0.04)",1.0,A,127.90158828418204,0.07808600297682555,-0.2144839815123461,0.21218793511001616,41.0,28.0,6.0
"(0.02, 0.04, 0.04)",1.0,B,197.87784547292813,0.11878622539060557,-0.3093547320176543,0.47579218835031944,82.0,65.0,24.0
"(0.02, 0.04, 0.04)",1.0,F,428.919994686375,0.1000375575422412,-0.3088882645737097,0.34902972215310835,124.0,94.5,30.0
"(0.02, 0.04, 0.06)",0.5,A,112.2232936934148,0.06417238581519602,-0.18995221659614742,0.1727296296535329,26.0,13.0,11.0
"(0.02, 0.04, 0.06)",0.5,B,156.79077923800955,0.09456245499996341,-0.30406112530314694,0.4073984536518841,59.0,31.5,39.0
"(0.02, 0.04, 0.06)",0.5,F,287.73877322516137,0.07895454407938152,-0.3025575491504964,0.29652033248083143,87.0,44.0,50.0
"(0.02, 0.04, 0.06)",0.6,A,112.29881196649643,0.06424348400076463,-0.1865081129327792,0.17547915644268378,28.5,16.0,9.0
"(0.02, 0.04, 0.06)",0.6,B,152.19028308719467,0.09149353061415999,-0.31497704694364553,0.42662464689557533,63.0,41.0,32.0
"(0.02, 0.04, 0.06)",0.6,F,296.00063919379005,0.08043633053635524,-0.3121022274184108,0.3058989132981593,92.5,58.0,41.0
"(0.02, 0.04, 0.06)",0.7,A,113.41874035749217,0.06529306611729291,-0.1949493640505759,0.18698419799838156,33.0,19.0,7.0
"(0.02, 0.04, 0.06)",0.7,B,155.0829678023446,0.09342341296258039,-0.3201123653860024,0.43931165772098335,65.0,51.0,26.0
"(0.02, 0.04, 0.06)",0.7,F,298.2545780692608,0.08083039516432289,-0.31447522943426054,0.31491981945695124,98.0,70.0,33.0
"(0.02, 0.04, 0.06)",0.8,A,117.27815830544313,0.0688397551985549,-0.20591671836699732,0.20214441515616882,38.0,22.0,6.0
"(0.02, 0.04, 0.06)",0.8,B,164.238394223358,0.09935088907061818,-0.32221204562588535,0.44533253776249804,67.0,55.0,24.0
"(0.02, 0.04, 0.06)",0.8,F,317.69193953612705,0.08414163538296082,-0.3199764276981342,0.3286512764416507,106.0,77.0,30.0
"(0.02, 0.04, 0.06)",0.9,A,122.97243207850477,0.0738855315053748,-0.2118369709284788,0.21351530717290593,41.0,24.0,6.0
"(0.02, 0.04, 0.06)",0.9,B,181.96633983144105,0.11000185395692663,-0.31993610712864046,0.45793262949053565,76.0,60.5,20.0
"(0.02, 0.04, 0.06)",0.9,F,375.47824245015664,0.09296437400917734,-0.31306615496036877,0.3406619424115838,117.5,85.5,26.0
"(0.02, 0.04, 0.06)",1.0,A,127.72268697352395,0.07793618926023893,-0.21057786827254682,0.21394409896472505,41.0,27.0,4.0
"(0.02, 0.04, 0.06)",1.0,B,196.61601403178278,0.11811477548589988,-0.31043333619305696,0.477893466283922,83.0,65.5,16.0
"(0.02, 0.04, 0.06)",1.0,F,427.6668820525536,0.0998815377985246,-0.30390113790114925,0.35089591545293053,124.0,94.0,20.0
"(0.02, 0.04, 0.1)",0.5,A,112.46788326198212,0.06440255220283153,-0.16892866998207579,0.17040383239232454,26.0,13.0,7.0
"(0.02, 0.04, 0.1)",0.5,B,153.53720967328007,0.09240559801365189,-0.3123630720554782,0.41191701684581145,58.0,32.5,23.0
"(0.02, 0.04, 0.1)",0.5,F,293.90332166591594,0.080063225263874,-0.30786495036320516,0.2921095636043667,85.0,44.5,30.0
"(0.02, 0.04, 0.1)",0.6,A,112.16893164897388,0.06412117035640619,-0.1855582757060779,0.18160837076423225,28.0,16.0,6.0
"(0.02, 0.04, 0.1)",0.6,B,153.34365976403114,0.09227560197169282,-0.3179824713547402,0.4239186005854322,62.0,41.0,20.0
"(0.02, 0.04, 0.1)",0.6,F,293.5620341369448,0.08000168325533707,-0.32256236804542265,0.3077242121854259,91.0,58.0,26.0
"(0.02, 0.04, 0.1)",0.7,A,111.76990797618993,0.06374393009864743,-0.19360271061783968,0.19185880426633534,30.5,19.0,5.0
"(0.02, 0.04, 0.1)",0.7,B,163.40451939660466,0.09881722421477535,-0.32576871981859684,0.4364640501014625,65.0,51.0,17.0
"(0.02, 0.04, 0.1)",0.7,F,295.67378544598546,0.08037821692036407,-0.328969326302654,0.3152645743618063,95.0,70.0,22.0
"(0.02, 0.04, 0.1)",0.8,A,115.35602567141596,0.0670867937156675,-0.2099482588793823,0.20566627170712953,34.0,22.0,5.0
"(0.02, 0.04, 0.1)",0.8,B,170.8311352561481,0.10342821992718976,-0.32139280327925995,0.4464977535525474,70.0,57.0,14.0
"(0.02, 0.04, 0.1)",0.8,F,331.724598428407,0.08641822251033748,-0.3268587092982589,0.3288227735080178,105.0,78.0,19.0
"(0.02, 0.04, 0.1)",0.9,A,121.37705442383245,0.07249303798963525,-0.21682084667488943,0.21264784956853777,41.0,22.0,4.0
"(0.02, 0.04, 0.1)",0.9,B,181.85725979328123,0.10993900721291827,-0.32224292461389,0.457096295187895,76.5,60.5,12.0
"(0.02, 0.04, 0.1)",0.9,F,371.2001060112559,0.0923566723049849,-0.3244820411731182,0.33865098177263453,117.0,84.5,16.0
"(0.02, 0.04, 0.1)",1.0,A,125.98719927549166,0.07647227634007225,-0.21871561354640356,0.21258366693139286,41.0,26.0,3.0
"(0.02, 0.04, 0.1)",1.0,B,198.10881866507725,0.11891184317729309,-0.30977703149092334,0.47430706256196825,82.0,66.5,10.5
"(0.02, 0.04, 0.1)",1.0,F,423.0585401724952,0.09930019065751572,-0.3100905840225382,0.3486966684000692,124.5,94.0,13.0
"(0.02, 0.08, 0.02)",0.5,A,121.69741683063009,0.07277430046837752,-0.1742125752789982,0.16859771801989742,25.5,9.0,27.0
"(0.02, 0.08, 0.02)",0.5,B,144.24169444793299,0.08600524433605217,-0.26057160796817186,0.39174892376692105,62.0,17.0,89.0
"(0.02, 0.08, 0.02)",0.5,F,281.17578746078954,0.07774601831399419,-0.27003214204796167,0.2830239091838316,87.5,26.0,116.0
"(0.02, 0.08, 0.02)",0.6,A,123.7866205290749,0.0745894958707416,-0.17819980555632187,0.17665498924611175,32.5,12.0,22.0
"(0.02, 0.08, 0.02)",0.6,B,148.29495545000196,0.08882765958720962,-0.2721300137509098,0.4181532522607885,64.0,24.0,77.5
"(0.02, 0.08, 0.02)",0.6,F,301.64615549905335,0.08142348135812927,-0.27602877331300546,0.2995897925922718,96.5,35.0,99.5
"(0.02, 0.08, 0.02)",0.7,A,125.49325587060146,0.07605188725940537,-0.18343691534786039,0.19037615663783952,34.0,13.0,17.0
"(0.02, 0.08, 0.02)",0.7,B,152.54751430455843,0.09174098886061122,-0.2837966349004707,0.4391778788811128,66.0,31.0,62.0
"(0.02, 0.08, 0.02)",0.7,F,337.73644906162565,0.08736668812169068,-0.28263321709628453,0.31988830290653414,100.5,44.0,79.0
"(0.02, 0.08, 0.02)",0.8,A,126.7096792498564,0.07708388434693325,-0.19589472101263322,0.20642307211736272,38.0,15.0,12.0
"(0.02, 0.08, 0.02)",0.8,B,167.77732288589362,0.10155641820684558,-0.2991276515409944,0.45855885190145196,68.5,40.0,45.0
"(0.02, 0.08, 0.02)",0.8,F,352.99025438761544,0.08969757173511239,-0.2929559842564987,0.3376332667674813,108.0,54.0,57.0
"(0.02, 0.08, 0.02)",0.9,A,130.50255984745021,0.08024163649649829,-0.21607930241753304,0.22174969126483945,41.0,16.0,7.0
"(0.02, 0.08, 0.02)",0.9,B,173.31184088340473,0.10492542019301343,-0.30817109095097756,0.48890559236813047,76.0,45.0,24.0
"(0.02, 0.08, 0.02)",0.9,F,381.30111214288763,0.09378001666465874,-0.3045006708330633,0.35933300081244857,116.0,61.5,31.0
"(0.02, 0.08, 0.02)",1.0,A,136.05107025069486,0.08472011443496308,-0.20631189683049694,0.2349254887417057,41.0,21.0,0.0
"(0.02, 0.08, 0.02)",1.0,B,194.1309717281418,0.11677716711111885,-0.3184178692666505,0.5151024550116848,85.0,53.0,0.0
"(0.02, 0.08, 0.02)",1.0,F,439.42550332357257,0.10132863778273293,-0.31788069084764425,0.379619124919624,126.0,73.5,0.0
"(0.02, 0.08, 0.04)",0.5,A,120.27895754581019,0.07152559432419081,-0.17620964923121524,0.16987740579593885,25.0,9.0,15.0
"(0.02, 0.08, 0.04)",0.5,B,150.74725374578418,0.09050611223613747,-0.3059113525566623,0.41166084283033844,61.0,17.0,55.0
"(0.02, 0.08, 0.04)",0.5,F,301.1464584337747,0.08133937919106471,-0.31074198090186844,0.2973037660552542,86.0,26.0,70.0
"(0.02, 0.08, 0.04)",0.6,A,122.3535411374737,0.07334741925244193,-0.18844591752194867,0.18206613823142054,31.0,11.0,12.0
"(0.02, 0.08, 0.04)",0.6,B,153.02250689825533,0.09205950090724646,-0.2915913327505531,0.4302451081551519,64.0,23.0,44.0
"(0.02, 0.08, 0.04)",0.6,F,312.5097436236218,0.08328237107749792,-0.2934460144395278,0.31072636966298883,95.5,35.0,56.0
"(0.02, 0.08, 0.04)",0.7,A,124.04299275575401,0.07481056591469559,-0.19206724334564873,0.19201805210817757,34.0,13.0,10.0
"(0.02, 0.08, 0.04)",0.7,B,155.09009442180866,0.09343995200931943,-0.29820272107229484,0.44329561528756856,65.0,30.0,36.0
"(0.02, 0.08, 0.04)",0.7,F,328.63420511361295,0.0859275069134311,-0.2926508647027355,0.3261766652837682,99.0,43.5,46.0
"(0.02, 0.08, 0.04)",0.8,A,127.29217167534586,0.07757461578530533,-0.1943629557294574,0.20672489598748683,38.0,14.5,7.0
"(0.02, 0.08, 0.04)",0.8,B,160.78596629569893,0.09715616617753997,-0.30739758221333274,0.4648118750566477,67.0,39.5,24.0
"(0.02, 0.08, 0.04)",0.8,F,341.393731806444,0.08793294166388266,-0.3054507593321299,0.34328617092690206,106.5,53.5,31.0
"(0.02, 0.08, 0.04)",0.9,A,128.58488877095044,0.0786565962106186,-0.2184303996860883,0.22345815188915336,41.0,16.5,5.0
"(0.02, 0.08, 0.04)",0.9,B,175.1638400225188,0.10603088562668861,-0.3166623610372607,0.4818367607528849,76.0,46.0,15.0
"(0.02, 0.08, 0.04)",0.9,F,383.86215320579754,0.09413506365750635,-0.31596949709776867,0.3608713595535051,116.5,62.0,20.0
"(0.02, 0.08, 0.04)",1.0,A,136.05107025069486,0.08472011443496308,-0.20631189683049694,0.2349254887417057,41.0,21.0,0.0
"(0.02, 0.08, 0.04)",1.0,B,194.1309717281418,0.11677716711111885,-0.3184178692666505,0.5151024550116848,85.0,53.0,0.0
"(0.02, 0.08, 0.04)",1.0,F,439.42550332357257,0.10132863778273293,-0.31788069084764425,0.379619124919624,126.0,73.5,0.0
"(0.02, 0.08, 0.06)",0.5,A,120.08191478846413,0.0713506270918759,-0.18952157704292605,0.17520707208185543,23.5,9.0,11.0
"(0.02, 0.08, 0.06)",0.5,B,155.9998945954948,0.09404188069459773,-0.3118812809329568,0.4151354109241364,60.0,17.0,38.0
"(0.02, 0.08, 0.06)",0.5,F,299.8561557779918,0.0811131383951953,-0.3130623095245548,0.3034469330967443,84.5,26.0,50.0
"(0.02, 0.08, 0.06)",0.6,A,121.63679234663462,0.07272121701835199,-0.183000682535997,0.18240349063209804,30.0,11.0,9.0
"(0.02, 0.08, 0.06)",0.6,B,152.15447522236593,0.09146791168672774,-0.290995877309098,0.4274378529334758,63.0,23.0,31.0
"(0.02, 0.08, 0.06)",0.6,F,311.44508793120116,0.08310321923562514,-0.293758728566106,0.3129519208435893,93.5,35.0,41.0
"(0.02, 0.08, 0.06)",0.7,A,123.72775119216067,0.07453887166893225,-0.18354673775361402,0.1940116325723839,34.0,13.0,7.0
"(0.02, 0.08, 0.06)",0.7,B,151.23100983736546,0.09085142783822087,-0.29824936580718947,0.4484907665599042,64.0,30.0,23.0
"(0.02, 0.08, 0.06)",0.7,F,323.2691644669355,0.08505919760184022,-0.28884377950897394,0.32386801988455616,98.0,43.0,31.0
"(0.02, 0.08, 0.06)",0.8,A,125.43721667445011,0.07600413943092987,-0.1974169952109549,0.2099978817264208,37.0,14.0,6.0
"(0.02, 0.08, 0.06)",0.8,B,162.50487114178347,0.09825319150937972,-0.3086525966772391,0.4619687992238153,67.0,40.0,19.0
"(0.02, 0.08, 0.06)",0.8,F,335.74652737442426,0.08705493807401665,-0.30745888693883455,0.3436396471238541,104.5,53.0,26.0
"(0.02, 0.08, 0.06)",0.9,A,128.64306133639667,0.07870061474858292,-0.22292238390193553,0.22686393424296628,40.0,17.0,4.0
"(0.02, 0.08, 0.06)",0.9,B,180.61033232743242,0.10922114484778378,-0.3183067132867266,0.48173479425167176,77.0,46.0,10.0
"(0.02, 0.08, 0.06)",0.9,F,379.7407347793987,0.09356244141870473,-0.3207460628036372,0.36107862004953617,116.5,62.0,14.0
"(0.02, 0.08, 0.06)",1.0,A,136.05107025069486,0.08472011443496308,-0.20631189683049694,0.2349254887417057,41.0,21.0,0.0
"(0.02, 0.08, 0.06)",1.0,B,194.1309717281418,0.11677716711111885,-0.3184178692666505,0.5151024550116848,85.0,53.0,0.0
"(0.02, 0.08, 0.06)",1.0,F,439.42550332357257,0.10132863778273293,-0.31788069084764425,0.379619124919624,126.0,73.5,0.0
"(0.02, 0.08, 0.1)",0.5,A,119.99342507020484,0.07127274585275278,-0.16968851812882263,0.1784886379080426,23.0,9.0,7.0
"(0.02, 0.08, 0.1)",0.5,B,146.49792524858117,0.08759348550825041,-0.31432933294442084,0.41526556982700946,56.5,18.0,22.0
"(0.02, 0.08, 0.1)",0.5,F,295.06093594531956,0.08026490504753558,-0.30848413953791,0.3000597688867357,80.0,26.5,29.0
"(0.02, 0.08, 0.1)",0.6,A,122.46765488373269,0.07344684509187682,-0.18671826417839044,0.18496916055709975,28.5,11.0,6.0
"(0.02, 0.08, 0.1)",0.6,B,149.55693083943262,0.08970976813856035,-0.29277689024639697,0.4319176845201301,61.5,24.0,18.0
"(0.02, 0.08, 0.1)",0.6,F,317.5295565303664,0.08411965576295921,-0.29731029513887164,0.31754515763442503,91.0,34.0,24.0
"(0.02, 0.08, 0.1)",0.7,A,122.52219872901786,0.07349383509495011,-0.19582077841680562,0.19735366782770683,31.0,12.5,5.0
"(0.02, 0.08, 0.1)",0.7,B,156.72769220434438,0.09451889905481636,-0.30055025577319544,0.441822009789864,65.0,31.0,14.0
"(0.02, 0.08, 0.1)",0.7,F,328.62021476272764,0.08591738920729952,-0.3013609845573303,0.3250681848326378,96.0,43.0,20.0
"(0.02, 0.08, 0.1)",0.8,A,122.5222261236297,0.07349385580693113,-0.2133945708605436,0.21348304869520915,34.0,14.0,4.0
"(0.02, 0.08, 0.1)",0.8,B,168.7365190437079,0.10214234404459388,-0.3102998449376332,0.46307195188736355,68.0,39.5,10.0
"(0.02, 0.08, 0.1)",0.8,F,345.71453141893863,0.08859648084946847,-0.3184406737530331,0.34213217431753273,103.0,52.5,14.0
"(0.02, 0.08, 0.1)",0.9,A,129.00723042791034,0.07900293277502579,-0.22653472202747654,0.22571157977709028,38.5,17.0,2.0
"(0.02, 0.08, 0.1)",0.9,B,182.37294942159153,0.11023487846507951,-0.3271164315420351,0.4839883272552573,77.0,46.0,5.0
"(0.02, 0.08, 0.1)",0.9,F,366.5337537716547,0.09168767995347771,-0.3294658011061782,0.3610781260529852,116.0,62.0,7.0
"(0.02, 0.08, 0.1)",1.0,A,136.05107025069486,0.08472011443496308,-0.20631189683049694,0.2349254887417057,41.0,21.0,0.0
"(0.02, 0.08, 0.1)",1.0,B,194.1309717281418,0.11677716711111885,-0.3184178692666505,0.5151024550116848,85.0,53.0,0.0
"(0.02, 0.08, 0.1)",1.0,F,439.42550332357257,0.10132863778273293,-0.31788069084764425,0.379619124919624,126.0,73.5,0.0
"(0.02, 0.15, 0.02)",0.5,A,120.75095313227744,0.07194262320358624,-0.18453737048419944,0.1693226140701084,28.0,6.0,27.0
"(0.02, 0.15, 0.02)",0.5,B,146.71966591274665,0.08774841011775047,-0.28669889494762507,0.3857310916177693,61.5,10.0,89.0
"(0.02, 0.15, 0.02)",0.5,F,278.3888015477029,0.07722791920145111,-0.2849887611424779,0.28540680174826927,88.5,16.0,116.0
"(0.02, 0.15, 0.02)",0.6,A,126.89824033468422,0.07724280191351618,-0.18099092213971385,0.17798503943960003,29.0,7.0,22.0
"(0.02, 0.15, 0.02)",0.6,B,149.37011911421632,0.08956329800251683,-0.3112236346775965,0.4230126808380148,63.5,14.0,77.5
"(0.02, 0.15, 0.02)",0.6,F,303.6244025826412,0.08176481072795005,-0.31122325696163755,0.3092510484456357,93.0,22.0,99.5
"(0.02, 0.15, 0.02)",0.7,A,133.38950194781927,0.08259456632639839,-0.1914795396260966,0.1934890096249604,31.5,9.0,17.0
"(0.02, 0.15, 0.02)",0.7,B,157.7801378537438,0.09519398420919811,-0.3046503001396834,0.4557201701561365,65.0,19.0,62.0
"(0.02, 0.15, 0.02)",0.7,F,326.62206838606494,0.0856035020717667,-0.3114974945195224,0.3310867951820538,96.0,28.0,79.0
"(0.02, 0.15, 0.02)",0.8,A,140.218618483181,0.08797689093376582,-0.2036744227200215,0.21131099998162084,37.0,11.5,12.0
"(0.02, 0.15, 0.02)",0.8,B,164.59437311217076,0.09956611445364005,-0.27930926199296474,0.4813089924289819,67.0,22.5,45.0
"(0.02, 0.15, 0.02)",0.8,F,357.5602585733409,0.09037276995321075,-0.3073295807452783,0.3518181252522054,102.5,33.0,57.0
"(0.02, 0.15, 0.02)",0.9,A,146.81787319385722,0.09295796107296694,-0.22652814879934413,0.23217570937781112,40.0,12.0,7.0
"(0.02, 0.15, 0.02)",0.9,B,171.43630266281733,0.10378057198306978,-0.30134143682231374,0.5026725683987123,72.0,27.0,24.0
"(0.02, 0.15, 0.02)",0.9,F,422.6541802969163,0.09925266145452305,-0.2888417253775655,0.36826217803529054,110.5,38.0,31.0
"(0.02, 0.15, 0.02)",1.0,A,158.15154806367084,0.10106178967801105,-0.23940079396180086,0.24495395719610782,41.0,14.0,0.0
"(0.02, 0.15, 0.02)",1.0,B,184.400791442399,0.11138274606566267,-0.28891463859826505,0.5270297193371136,80.5,32.0,0.0
"(0.02, 0.15, 0.02)",1.0,F,490.3247796212295,0.10718994872584964,-0.2889448211654478,0.38916004630758994,120.5,46.0,0.0
"(0.02, 0.15, 0.04)",0.5,A,120.54875445632385,0.07176420398472172,-0.18149548527528558,0.16402256716042452,24.0,6.0,15.0
"(0.02, 0.15, 0.04)",0.5,B,146.8364382318007,0.08782660177697144,-0.3184780870282745,0.40950171166130434,59.5,11.0,55.0
"(0.02, 0.15, 0.04)",0.5,F,298.65232738658085,0.08090339859281814,-0.313508687263295,0.2981517546656204,83.5,17.0,70.5
"(0.02, 0.15, 0.04)",0.6,A,125.98246945241317,0.07646806619459678,-0.193788649785881,0.1785729757349477,28.5,7.0,12.0
"(0.02, 0.15, 0.04)",0.6,B,149.9270933286435,0.08996300116342948,-0.32579739518483514,0.4379656311724658,64.0,14.5,44.5
"(0.02, 0.15, 0.04)",0.6,F,311.74260074956186,0.08314716703052061,-0.3266104027600835,0.31770517740455395,91.5,21.5,56.0
"(0.02, 0.15, 0.04)",0.7,A,132.8328633975702,0.08214463976860364,-0.1906523363134054,0.19508714097255442,30.5,9.0,10.0
"(0.02, 0.15, 0.04)",0.7,B,154.93341137801917,0.09333533072791567,-0.3223141153854708,0.46582740099836767,65.0,18.0,36.0
"(0.02, 0.15, 0.04)",0.7,F,323.1673477176486,0.08504210378683208,-0.3214892442735859,0.33826341827958617,95.5,27.5,46.0
"(0.02, 0.15, 0.04)",0.8,A,139.84661118117538,0.08769007422598318,-0.20134449072971622,0.2151875941844601,35.0,11.0,7.0
"(0.02, 0.15, 0.04)",0.8,B,164.21528670659043,0.0993295496401636,-0.3027535228110593,0.4843848427980629,67.0,21.0,23.5
"(0.02, 0.15, 0.04)",0.8,F,361.9750004875559,0.09102598736580192,-0.30830695313927486,0.3543040200963,100.5,33.0,30.5
"(0.02, 0.15, 0.04)",0.9,A,146.2377971843062,0.09252239180004906,-0.23104547984681933,0.23537254858678427,39.0,12.0,5.0
"(0.02, 0.15, 0.04)",0.9,B,168.3287787533451,0.10189455496947342,-0.30443114466931614,0.5021192461077492,72.5,26.0,14.0
"(0.02, 0.15, 0.04)",0.9,F,428.7117077101713,0.1000113677757245,-0.2915065479103005,0.36797938320734724,111.0,38.0,20.0
"(0.02, 0.15, 0.04)",1.0,A,158.15154806367084,0.10106178967801105,-0.23940079396180086,0.24495395719610782,41.0,14.0,0.0
"(0.02, 0.15, 0.04)",1.0,B,184.400791442399,0.11138274606566267,-0.28891463859826505,0.5270297193371136,80.5,32.0,0.0
"(0.02, 0.15, 0.04)",1.0,F,490.3247796212295,0.10718994872584964,-0.2889448211654478,0.38916004630758994,120.5,46.0,0.0
"(0.02, 0.15, 0.06)",0.5,A,120.34692274034322,0.07158582463229146,-0.19787890802266755,0.17181657388537425,23.0,6.0,11.0
"(0.02, 0.15, 0.06)",0.5,B,153.51062855088836,0.09238542825550156,-0.32552122304054687,0.40987563370418084,58.5,11.0,39.0
"(0.02, 0.15, 0.06)",0.5,F,308.52489687402147,0.08260610322348239,-0.32359578477711,0.30357831189976003,81.0,16.5,49.0
"(0.02, 0.15, 0.06)",0.6,A,125.36694204767265,0.07594369481320862,-0.18606002510723169,0.18023709555303255,26.0,7.0,9.0
"(0.02, 0.15, 0.06)",0.6,B,151.67422141843295,0.09115181927945537,-0.3244482412349206,0.44062965099608725,62.0,14.5,31.0
"(0.02, 0.15, 0.06)",0.6,F,300.9301884232059,0.08130118650698359,-0.3246236331580749,0.3225837680024244,90.0,21.0,40.0
"(0.02, 0.15, 0.06)",0.7,A,131.96912327194266,0.0814430073457112,-0.19093743483178127,0.19635452580303306,30.0,9.0,7.0
"(0.02, 0.15, 0.06)",0.7,B,157.14044254644708,0.09477248863297649,-0.3227849352834627,0.46490688257089025,65.0,18.0,22.5
"(0.02, 0.15, 0.06)",0.7,F,322.5067655318386,0.08493626888895289,-0.32145740370414344,0.3389377932238,94.0,26.5,30.0
"(0.02, 0.15, 0.06)",0.8,A,139.43058162499474,0.0873680424610086,-0.20707451823602546,0.21711055675702592,32.0,11.0,6.0
"(0.02, 0.15, 0.06)",0.8,B,163.90640620485422,0.09912913305121207,-0.30325289132142896,0.48116194628918807,67.0,21.5,18.0
"(0.02, 0.15, 0.06)",0.8,F,355.82493375633845,0.09009911860695852,-0.30659013192175966,0.35267546911373077,100.5,32.5,25.0
"(0.02, 0.15, 0.06)",0.9,A,146.54395488942237,0.09274279342415326,-0.23304743245864112,0.23611959036980334,38.5,12.0,4.0
"(0.02, 0.15, 0.06)",0.9,B,169.28335883666477,0.10248373006991573,-0.30383029683346297,0.5000159351916809,72.5,26.0,10.0
"(0.02, 0.15, 0.06)",0.9,F,413.1650599424241,0.09804386036228763,-0.2940091331499487,0.36833200628561846,111.5,38.0,13.0
"(0.02, 0.15, 0.06)",1.0,A,158.15154806367084,0.10106178967801105,-0.23940079396180086,0.24495395719610782,41.0,14.0,0.0
"(0.02, 0.15, 0.06)",1.0,B,184.400791442399,0.11138274606566267,-0.28891463859826505,0.5270297193371136,80.5,32.0,0.0
"(0.02, 0.15, 0.06)",1.0,F,490.3247796212295,0.10718994872584964,-0.2889448211654478,0.38916004630758994,120.5,46.0,0.0
"(0.02, 0.15, 0.1)",0.5,A,120.4026631716662,0.07163503013364958,-0.17350202152352606,0.17551436994464786,23.0,6.0,7.0
"(0.02, 0.15, 0.1)",0.5,B,154.77901661712858,0.09323367446984443,-0.32830480794801026,0.4174206213651174,57.0,11.0,22.0
"(0.02, 0.15, 0.1)",0.5,F,305.9088743304887,0.08216078060507226,-0.32341905194610715,0.3014124528943003,80.5,16.5,29.0
"(0.02, 0.15, 0.1)",0.6,A,124.6591727056705,0.07533973624625878,-0.17354948638177708,0.18553776351925852,25.5,7.0,6.0
"(0.02, 0.15, 0.1)",0.6,B,152.4074160025893,0.09164125835992976,-0.33017976153858924,0.43661436250506347,61.5,14.5,18.0
"(0.02, 0.15, 0.1)",0.6,F,297.95359285092576,0.08078076504825604,-0.33028972315648,0.3235602938705078,88.0,20.5,24.0
"(0.02, 0.15, 0.1)",0.7,A,129.48574079471473,0.07940277803141127,-0.1909025076872598,0.20544998004115705,28.5,8.0,5.0
"(0.02, 0.15, 0.1)",0.7,B,150.35653583764335,0.0902553681501006,-0.33119624742306786,0.4606623777214254,64.0,18.5,14.0
"(0.02, 0.15, 0.1)",0.7,F,318.31747139272017,0.08424945594499489,-0.3258511929536551,0.33781957469789026,94.0,27.0,19.0
"(0.02, 0.15, 0.1)",0.8,A,135.12660297459993,0.08398615839015688,-0.2128795650430288,0.22066328420651482,31.0,11.0,4.0
"(0.02, 0.15, 0.1)",0.8,B,162.44376945398616,0.09812523779333693,-0.313817242938346,0.4834127515873795,66.5,22.0,10.0
"(0.02, 0.15, 0.1)",0.8,F,353.20939245686947,0.0897299847484978,-0.3135390790782526,0.3539947034192837,97.5,33.0,13.0
"(0.02, 0.15, 0.1)",0.9,A,145.40738152903427,0.09191014546856557,-0.2323081076547448,0.2377749193994223,38.5,12.0,2.0
"(0.02, 0.15, 0.1)",0.9,B,178.71604269851372,0.10812150493438288,-0.30116792623284055,0.5008237398582682,72.0,27.0,5.0
"(0.02, 0.15, 0.1)",0.9,F,401.112481003693,0.09646870025115839,-0.3030753754570271,0.3686853226890907,111.5,39.0,7.0
"(0.02, 0.15, 0.1)",1.0,A,158.15154806367084,0.10106178967801105,-0.23940079396180086,0.24495395719610782,41.0,14.0,0.0
"(0.02, 0.15, 0.1)",1.0,B,184.400791442399,0.11138274606566267,-0.28891463859826505,0.5270297193371136,80.5,32.0,0.0
"(0.02, 0.15, 0.1)",1.0,F,490.3247796212295,0.10718994872584964,-0.2889448211654478,0.38916004630758994,120.5,46.0,0.0
