win,drop,final,cagr,dd,base_final,base_cagr,base_dd,d_cagr,d_dd,rule
A,-,133.43774638108636,8.2633476016023,-17.464069925096776,130.6599618059563,8.037349576315211,-18.634671466934684,0.22599802528708857,1.1706015418379068,vol60>=0.36
B,-,204.6680754393528,12.234537875315842,-26.096066974037825,173.5429669338437,10.506306184925919,-26.81628433240249,1.7282316903899253,0.7202173583646665,vol60>=0.36
F,-,455.1492118799353,10.320712392332798,-25.903595894280663,382.6618471385981,9.396913078579871,-27.701190488316346,0.9237993137529266,1.7975945940356841,vol60>=0.36
B,2024-02,187.2340059296797,11.298541381148652,-26.096066974037825,174.64414262795,10.57218595754682,-26.81628433240249,0.7263554236018321,0.7202173583646665,vol60>=0.36
F,2012-01,435.0289485991259,10.079194734519737,-25.775654048553886,380.2031538933306,9.362746468659022,-26.780467548232938,0.7164482658607141,1.0048134996790525,vol60>=0.36
F,2018-02,439.23062789420345,10.130495514723382,-21.683080057946626,380.09362821878574,9.361218067926192,-23.522703448806602,0.7692774467971897,1.839623390859979,vol60>=0.36
F,2022-05,396.0258417249634,9.579110879243268,-25.903595894280663,353.6760986139979,8.980006338811197,-27.701190488316346,0.5991045404320716,1.7975945940356841,vol60>=0.36
F,2022-10,407.40903849213527,9.729729201136383,-25.903595894280663,345.6094628577307,8.858183143075793,-27.701190488316346,0.8715460580605905,1.7975945940356841,vol60>=0.36
F,2024-02,418.96706668126313,9.878637606161512,-25.903595894280663,385.39712336989686,9.434693883099177,-27.701190488316346,0.4439437230623344,1.7975945940356841,vol60>=0.36
A,-,135.21770940994077,8.405946465929915,-17.220813717598354,130.6599618059563,8.037349576315211,-18.634671466934684,0.36859688961470294,1.413857749336328,vol60>=0.38
B,-,207.79267784841693,12.394608920837836,-27.2907122107112,173.5429669338437,10.506306184925919,-26.81628433240249,1.8883027359119176,-0.4744278783087086,vol60>=0.38
F,-,469.7034573857961,10.489163374204935,-27.55219065952648,382.6618471385981,9.396913078579871,-27.701190488316346,1.0922502956250635,0.14899982878986417,vol60>=0.38
B,2024-02,187.826775133098,11.331648693976016,-27.2907122107112,174.64414262795,10.57218595754682,-26.81628433240249,0.759462736429195,-0.4744278783087086,vol60>=0.38
F,2012-01,450.2423657027892,10.262762707160157,-27.29086156119351,380.2031538933306,9.362746468659022,-26.780467548232938,0.9000162385011334,-0.5103940129605689,vol60>=0.38
F,2018-02,415.8062781757164,9.838310176034648,-25.16970035344129,380.09362821878574,9.361218067926192,-23.522703448806602,0.4770921081084567,-1.6469969046346844,vol60>=0.38
F,2022-05,399.33641632212095,9.623337562554934,-27.55219065952648,353.6760986139979,8.980006338811197,-27.701190488316346,0.6433312237437372,0.14899982878986417,vol60>=0.38
F,2022-10,416.8622340128636,9.851814750694366,-27.55219065952648,345.6094628577307,8.858183143075793,-27.701190488316346,0.9936316076185725,0.14899982878986417,vol60>=0.38
F,2024-02,424.05611298051014,9.942962556607604,-27.55219065952648,385.39712336989686,9.434693883099177,-27.701190488316346,0.5082686735084274,0.14899982878986417,vol60>=0.38
A,-,133.7478767357329,8.288316094205895,-16.95315531756552,130.6599618059563,8.037349576315211,-18.634671466934684,0.2509665178906828,1.681516149369161,vol60>=0.40
B,-,216.27851058130673,12.818573554039759,-27.551747301212338,173.5429669338437,10.506306184925919,-26.81628433240249,2.3122673691138407,-0.7354629688098469,vol60>=0.40
F,-,478.9866820912851,10.594035186934859,-27.551952313947965,382.6618471385981,9.396913078579871,-27.701190488316346,1.1971221083549866,0.14923817436838238,vol60>=0.40
B,2024-02,183.84013601696287,11.107207416422204,-27.551747301212338,174.64414262795,10.57218595754682,-26.81628433240249,0.5350214588753843,-0.7354629688098469,vol60>=0.40
F,2012-01,458.13748126747385,10.355709730759589,-27.551955149767977,380.2031538933306,9.362746468659022,-26.780467548232938,0.9929632621005657,-0.7714876015350369,vol60>=0.40
F,2018-02,433.16778079011755,10.056319508581257,-24.644472626653062,380.09362821878574,9.361218067926192,-23.522703448806602,0.695101440655066,-1.12176917784646,vol60>=0.40
F,2022-05,405.3665386812456,9.70300764254992,-27.551952313947965,353.6760986139979,8.980006338811197,-27.701190488316346,0.723001303738724,0.14923817436838238,vol60>=0.40
F,2022-10,442.8345085305158,10.174127750572847,-27.551952313947965,345.6094628577307,8.858183143075793,-27.701190488316346,1.3159446074970549,0.14923817436838238,vol60>=0.40
F,2024-02,409.32601845708973,9.75471087562264,-27.551952313947965,385.39712336989686,9.434693883099177,-27.701190488316346,0.32001699252346416,0.14923817436838238,vol60>=0.40
A,-,134.7213703901081,8.36635390352537,-18.412315956036696,130.6599618059563,8.037349576315211,-18.634671466934684,0.3290043272101584,0.22235551089798689,vol120>=0.35
B,-,209.54430850620793,12.483338570876823,-25.912870517918023,173.5429669338437,10.506306184925919,-26.81628433240249,1.9770323859509054,0.9034138144844661,vol120>=0.35
F,-,471.74067807047777,10.51234591341701,-25.153233638863558,382.6618471385981,9.396913078579871,-27.701190488316346,1.1154328348371378,2.5479568494527873,vol120>=0.35
B,2024-02,194.19093676646924,11.681151005290625,-25.568501232531236,174.64414262795,10.57218595754682,-26.81628433240249,1.108965047743804,1.2477830998712525,vol120>=0.35
F,2012-01,461.28845270599413,10.392384936342225,-25.982682161698307,380.2031538933306,9.362746468659022,-26.780467548232938,1.0296384676832027,0.7977853865346329,vol120>=0.35
F,2018-02,455.4306202644976,10.324015650126583,-21.550577144006215,380.09362821878574,9.361218067926192,-23.522703448806602,0.962797582200392,1.9721263048003868,vol120>=0.35
F,2022-05,419.4995321397135,9.885401875191825,-25.153233638863558,353.6760986139979,8.980006338811197,-27.701190488316346,0.9053955363806265,2.5479568494527873,vol120>=0.35
F,2022-10,416.98991915767414,9.853445672559037,-25.153233638863558,345.6094628577307,8.858183143075793,-27.701190488316346,0.9952625294832429,2.5479568494527873,vol120>=0.35
F,2024-02,434.71307136104184,10.07531875673312,-25.153233638863558,385.39712336989686,9.434693883099177,-27.701190488316346,0.6406248736339437,2.5479568494527873,vol120>=0.35
A,-,134.78176642936535,8.371177558464515,-17.233452175577003,130.6599618059563,8.037349576315211,-18.634671466934684,0.333827982149304,1.4012192913576804,vol60>=0.38_t12only
B,-,189.59796189414283,11.429982090649904,-25.288761607866622,173.5429669338437,10.506306184925919,-26.81628433240249,0.9236759057239863,1.527522724535868,vol60>=0.38_t12only
F,-,425.1046973617144,9.956123569239717,-25.288915375928767,382.6618471385981,9.396913078579871,-27.701190488316346,0.559210490659845,2.4122751123875794,vol60>=0.38_t12only
B,2024-02,189.04169495108508,11.399189066478566,-25.288761607866622,174.64414262795,10.57218595754682,-26.81628433240249,0.8270031089317453,1.527522724535868,vol60>=0.38_t12only
F,2012-01,411.53371361950764,9.783332084645002,-25.288822185010634,380.2031538933306,9.362746468659022,-26.780467548232938,0.42058561598598,1.4916453632223048,vol60>=0.38_t12only
F,2018-02,418.64506210078935,9.874542549939447,-22.58257430662126,380.09362821878574,9.361218067926192,-23.522703448806602,0.5133244820132554,0.9401291421853419,vol60>=0.38_t12only
F,2022-05,359.7971154913674,9.0706907713326,-25.288915375928767,353.6760986139979,8.980006338811197,-27.701190488316346,0.09068443252140401,2.4122751123875794,vol60>=0.38_t12only
F,2022-10,393.2076039794097,9.541179552750023,-25.288915375928767,345.6094628577307,8.858183143075793,-27.701190488316346,0.6829964096742303,2.4122751123875794,vol60>=0.38_t12only
F,2024-02,418.58110287492127,9.87372822675525,-25.288915375928767,385.39712336989686,9.434693883099177,-27.701190488316346,0.4390343436560751,2.4122751123875794,vol60>=0.38_t12only
