cap,thr,k,A_cagr,A_dd,A_final,B_cagr,B_dd,B_final
0.9,0,1.0,8.110748464840567,-17.700939442492402,131.55890980202093,10.428140439510358,-28.48366619213874,172.24079733791376
0.9,0,1.25,8.407592950508658,-20.780929676507494,135.23854928166202,10.042361989164561,-26.556838622446644,165.95701010463895
0.9,0,1.5,8.842443675543866,-20.286910167021077,140.80689448426617,9.825517511999704,-29.008083948156372,162.5130175395375
0.9,0,2.0,9.017313075584754,-20.10769676025179,143.0939027578,9.629215424746562,-27.00612875310542,159.4811470221946
0.9,0,3.0,9.015803726494575,-21.409291736385672,143.07394555992485,9.453429812669212,-28.064397173276046,156.74897918383144
0.9,0.38,1.0,8.408347210389843,-17.94324062325339,135.24786096756506,12.39666807512294,-27.217690147137375,207.8331555143476
0.9,0.38,1.25,9.373160085596954,-16.582731158187496,147.86637066897032,12.574733974714059,-26.69091188491827,211.36130372828302
0.9,0.38,1.5,9.748973671427407,-18.01386975347145,153.06181622833776,12.423344115228318,-26.554072635135178,208.35859498270972
0.9,0.38,2.0,10.237945486445154,-17.636492351148465,160.06705190125743,10.9502945411476,-27.566107734880426,181.1150317707094
0.9,0.38,3.0,11.140107340272321,-21.409073282808595,173.75576489288622,10.596400287576602,-32.23576934732423,175.07331791405352
0.9,0.4,1.0,8.285635212914567,-16.965176375271756,133.71454658084735,12.82822602927558,-27.55183959957572,216.4754268947038
0.9,0.4,1.25,9.058741443515018,-18.2301162796954,143.64226911227902,13.319689022328129,-26.692219389381844,226.71861802508147
0.9,0.4,1.5,10.122487959486204,-16.47676203961115,158.38732805527158,13.244409428852254,-25.487576886578406,225.11710032365283
0.9,0.4,2.0,9.853350363027447,-19.063846697454927,154.53326545973295,12.804667830079175,-25.922788626492878,216.00579764291788
0.9,0.4,3.0,10.397004121701913,-21.409291736385672,162.40950641315084,11.424216455639824,-30.931222788073075,189.49413004687239
1.0,0,1.0,8.267654756718146,-22.1664097509483,133.49153949542335,11.382298733262209,-30.42837424102735,188.73787532156277
1.0,0,1.25,8.863123552162,-21.660820756420335,141.08366245397002,11.10560860138985,-30.56079250715448,183.81228315681963
1.0,0,1.5,9.308186428713928,-23.302452829278515,146.98429086519894,10.782107279123954,-27.16442495332661,178.21534082952593
1.0,0,2.0,10.018968710024012,-21.840932278887625,156.89506739036923,9.955125355578765,-31.497125580781614,164.55766205572678
1.0,0,3.0,9.910542514566856,-22.05930087249356,155.34531896842742,9.368344453166522,-30.652551247010408,155.45837014559442
1.0,0.38,1.0,8.625232261694226,-19.35303538765955,137.99665780294112,13.018620483125643,-28.877011826894034,220.39058330634003
1.0,0.38,1.25,9.715591909451227,-18.374102452415613,152.59596759546292,13.711508050432686,-28.830164424667835,235.18833423603894
1.0,0.38,1.5,10.466380447728941,-19.085022797968236,163.437887191435,13.83149542267591,-30.076951561538102,237.8397993493841
1.0,0.38,2.0,11.132889547791326,-20.24770380778423,173.64102168975762,12.184329158899432,-31.35935478543111,203.6975362364592
1.0,0.38,3.0,9.56410303102684,-21.96995284762141,150.48562951515274,9.894334893300083,-38.822430613182846,163.60003864864632
1.0,0.4,1.0,8.783168918887519,-20.767092795090115,140.02989776679698,13.212949740712766,-28.383111558431523,224.4526696213755
1.0,0.4,1.25,9.499016154279904,-19.511110124309067,149.58807076834734,14.44102016387092,-28.193718577300288,251.73223508229847
1.0,0.4,1.5,10.44474795317879,-18.72772284680363,163.11578723210133,14.736131402525432,-28.842643899961466,258.7193706622591
1.0,0.4,2.0,10.767467765886629,-18.689457037779324,168.00511062059593,13.733456445945514,-30.93897201947435,235.6694525662577
1.0,0.4,3.0,11.880578559968491,-22.064581880542733,185.83793372069104,11.00263859035725,-37.45482569329092,182.0649884810952
0.9,0.38_keep_panic,1.0,8.404699088307854,-17.943240469765982,135.20204810424494,12.44174301970552,-26.44732938252577,208.7215008240095
0.9,0.4_keep_panic,1.0,8.285638069103884,-16.965176375271756,133.71458208656182,13.005902938283953,-26.44732938252577,220.1270680603593
