thr,k,A_cagr,A_dC,A_dd,B_cagr,B_dC,B_dd,Bx_cagr,Bx_dC,Bx_dd
0.36,1.0,8.2633476016023,0.22599802528708857,-17.464069925096776,12.234537875315842,1.7282316903899253,-26.096066974037825,11.298541381148652,0.7263554236018321,-26.096066974037825
0.36,1.25,8.781176226001108,0.743826649685897,-16.637793076778497,12.184612378324811,1.678306193398893,-27.37508727427481,11.498182344721176,0.9259963871743548,-26.886239139155503
0.36,1.5,9.4577101634575,1.4203605871422886,-18.319332084224598,11.317319829104699,0.8110136441787819,-28.178121948904455,11.230671186734886,0.6584852291880661,-25.891790863620745
0.37,1.0,8.514692127040757,0.47734255072554577,-17.22080687344639,12.020022429410682,1.513716244484764,-28.41284104658503,11.113958284625946,0.5417723270791264,-28.41284104658503
0.37,1.25,9.583498785737653,1.5461492094224427,-16.551903300527837,12.21774217979813,1.7114359948722124,-29.092161303885465,11.659528939251263,1.0873429817044422,-28.430865097712744
0.37,1.5,9.855911197773715,1.8185616214585032,-17.293915142923783,11.303399107877077,0.7970929229511592,-27.95906027286913,11.204709913957844,0.6325239564110241,-27.95815467062026
0.38,1.0,8.405946465929915,0.36859688961470294,-17.220813717598354,12.394608920837836,1.8883027359119176,-27.2907122107112,11.331648693976016,0.759462736429195,-27.2907122107112
0.38,1.25,9.361596853154897,1.3242472768396851,-16.613929193006605,12.664595279424995,2.1582890944990774,-25.967946257985762,12.094812014942546,1.5226260573957262,-25.960399769567534
0.38,1.5,9.698676290605713,1.6613267142905008,-17.3183432545816,12.534767409518343,2.028461224592426,-26.447500016507718,12.473806444175805,1.9016204866289854,-25.968053107939127
0.39,1.0,8.43283949013477,0.3954899138195578,-16.953098541170842,12.360604310822376,1.8542981258964586,-27.2907122107112,11.206264810712774,0.6340788531659536,-27.2907122107112
0.39,1.25,9.135811554235651,1.0984619779204396,-18.144399703182877,12.60702750668915,2.1007213217632326,-26.39380865324265,11.938606204764879,1.3664202472180587,-25.960399769567534
0.39,1.5,10.099980989284008,2.062631412968796,-16.866005906025755,12.650213476947458,2.1439072920215407,-26.467908600600193,12.436096416420394,1.8639104588735744,-25.968053107939127
0.4,1.0,8.288316094205895,0.2509665178906828,-16.95315531756552,12.818573554039759,2.3122673691138407,-27.551747301212338,11.107207416422204,0.5350214588753843,-27.551747301212338
0.4,1.25,9.045399314732027,1.0080497384168163,-18.144399703182877,13.38594774787073,2.8796415629448124,-25.960030295843676,11.970584547350338,1.3983985898035178,-25.959789233168866
0.4,1.5,10.035265828380924,1.9979162520657123,-16.85805682376068,13.378102389311719,2.8717962043858014,-25.321826259733278,12.225087599033236,1.652901641486415,-25.008370519241264
0.41,1.0,8.22740732102325,0.1900577447080387,-18.08990920974523,11.172076335380899,0.6657701504549807,-25.88404597649882,9.524867049782259,-1.0473189077645606,-25.883597537841553
0.41,1.25,9.154720154577001,1.1173705782617893,-17.748472353659718,11.482629075108541,0.9763228901826237,-28.187299202178245,10.535548048825493,-0.03663790872132644,-28.186995052919134
0.41,1.5,9.955653655889629,1.9183040795744177,-17.98022896993296,11.244897022930411,0.7385908380044937,-28.10648934624015,10.445282262332833,-0.1269036952139868,-27.226088410726
0.42,1.0,7.6614578434243015,-0.3758917328909095,-18.08990454776303,11.11421875909765,0.6079125741717317,-25.883787664531464,9.588176039066909,-0.9840099184799111,-25.883597537841553
0.42,1.25,8.442918234818354,0.4055686585031415,-17.77079399974572,11.630377099157307,1.1240709142313898,-28.187107858954324,10.479386130695156,-0.09279982685166388,-28.186995052919134
0.42,1.5,9.109528000549682,1.0721784242344712,-17.840882254544294,11.326172055670536,0.8198658707446183,-27.905893033621727,10.479385806830255,-0.09280015071656544,-27.226721021307
