rule,n_sig_A,n_sig_B,A_cagr,A_dd,A_final,B_cagr,B_dd,B_final,Bx_cagr,Bx_dd,Bx_final,A_dC,A_dDD,B_dC,B_dDD,Bx_dC,Bx_dDD
baseline,127,536,8.110748464840567,-17.700939442492402,131.55890980202093,10.428140439510358,-28.48366619213874,172.24079733791376,10.536403433109331,-28.48366619213874,174.04524373348087,0.0,0.0,0.0,0.0,0.0,0.0
no_board60,71,391,6.380434080591979,-19.307915587893238,111.83317539474866,11.832497877671111,-27.850864301163732,197.007060003924,11.701358238183325,-27.850864301163732,194.56479488625993,-1.7303143842485884,-1.6069761454008358,1.404357438160753,0.6328018909750099,1.164954805073993,0.6328018909750099
no_price>20,121,433,7.535626674979012,-21.499143280735062,124.67860988137498,10.424994040901769,-29.04302665167438,172.18868638883623,10.422259442265391,-29.04302665167438,172.14328285364914,-0.575121789861555,-3.79820383824266,-0.003146398608588896,-0.5593604595356396,-0.11414399084394056,-0.5593604595356396
no_price>10,88,269,7.889109604925759,-23.468284748122247,128.86648087682383,10.395404030840737,-27.873462159766415,171.69863408167996,9.523794389448136,-27.873462159766415,157.82247958572725,-0.22163885991480825,-5.767345305629846,-0.03273640866962069,0.6102040323723266,-1.012609043661195,0.6102040323723266
no_price<3,126,517,8.019870940700502,-21.653219272532958,130.44780848872009,10.366571276560544,-28.48366619213874,171.2246116099939,10.500712554408576,-28.48366619213874,173.4553448078413,-0.09087752414006545,-3.952279830040556,-0.06156916294981407,0.0,-0.03569087870075549,0.0
no_bars<500,99,468,7.729874217636857,-17.944500685011217,126.96435227634585,10.365235566480568,-28.48366619213874,171.20292273494243,10.27716985422339,-28.48366619213874,169.7563933002146,-0.3808742472037103,-0.2435612425188154,-0.06290487302979031,0.0,-0.2592335788859419,0.0
no_bars<1000,81,363,7.424731685630714,-23.48489713609283,123.39019660464507,10.295907781408332,-27.91157001408638,170.06054555736097,10.294209735605598,-27.91157001408638,170.03273918800505,-0.6860167792098526,-5.783957693600428,-0.13223265810202633,0.5720961780523623,-0.24219369750373332,0.5720961780523623
no_vol60>0.6,106,411,5.149522760883308,-22.460687363819176,99.46886224851589,10.370454668632123,-29.063992459231226,171.28871463244653,10.45879291090146,-29.063992459231226,172.75193588427388,-2.9612257039572594,-4.759747921326774,-0.05768577087823523,-0.5803262670924845,-0.07761052220787157,-0.5803262670924845
no_vol60<0.35,88,465,8.391406162631265,-17.16348084779501,135.0356756164873,12.551127780718696,-26.703036605796598,210.88973008621355,11.593138341338726,-26.703036605796598,192.575653460956,0.2806576977906978,0.5374585946973909,2.122987341208338,1.780629586342144,1.0567349082293944,1.780629586342144
no_rel250<-0.3,110,418,7.144875782753357,-21.82371718252323,120.19207657150757,9.73183122876674,-28.346949831036554,161.03903765944236,9.56091366508055,-28.346949831036554,158.39205206646346,-0.9658726820872099,-4.122777740030827,-0.6963092107436175,0.136716361102188,-0.9754897680287815,0.136716361102188
no_r250<-0.5,103,426,6.307967345424858,-21.3453429082269,111.06863196077994,10.193022628993486,-28.60468187470836,168.38231758486774,10.292964399558391,-28.60468187470836,170.01369590143617,-1.8027811194157088,-3.6444034657344986,-0.23511781051687208,-0.1210156825696167,-0.2434390335509402,-0.1210156825696167
no_dd250>-0.35,103,480,7.544943698556105,-18.121891664209468,124.78755077710235,10.568950187329706,-28.07801273719409,174.59887008100887,10.301409444863573,-28.07801273719409,170.15068570804397,-0.5658047662844616,-0.4209522217170658,0.14080974781934863,0.40565345494465177,-0.23499398824575835,0.40565345494465177
skip_idxdd>-0.10,116,524,7.292853677413125,-17.700939442492402,121.8757298791436,10.532691271903083,-28.48366619213874,173.9837131675375,10.532690353360795,-28.48366619213874,173.98369773408672,-0.8178947874274423,0.0,0.10455083239272511,0.0,-0.0037130797485360745,0.0
skip_idxdd>-0.15,112,492,6.796483514490292,-21.14693322540175,116.3152253686546,9.842980164571092,-28.48366619213874,162.7813760905519,9.739019056010957,-28.48366619213874,161.15783410682118,-1.3142649503502746,-3.4459937829093477,-0.5851602749392661,0.0,-0.7973843770983748,0.0
skip_idxdd>-0.20,110,460,7.229577562328693,-21.545300000457996,121.15203659727969,9.989948144894855,-26.958233611991112,165.1173443878901,9.8671500207945,-26.958233611991112,163.17299663342482,-0.8811709025118741,-3.8443605579655937,-0.4381922946155026,1.5254325801476298,-0.6692534123148306,1.5254325801476298
skip_idxdd>-0.25,100,404,7.39219252480815,-21.024344228191637,123.01445239349371,8.496418566518171,-19.74433596069313,142.77595195532706,8.653742131682463,-19.74433596069313,144.99232766796612,-0.7185559400324166,-3.3234047856992355,-1.9317218729921866,8.73933023144561,-1.882661301426868,8.73933023144561
skip_t0_idxdd>-0.15,113,504,7.1345950420152455,-21.14693322540175,120.07613429190167,10.871268622804187,-28.48366619213874,179.73250896669188,11.0821082377762,-28.48366619213874,183.40110673330756,-0.9761534228253215,-3.4459937829093477,0.44312818329382964,0.0,0.5457048046668689,0.0
skip_t0_idxdd>-0.20,111,488,7.579462829323735,-21.545300000457996,125.1911280296214,11.559913500828555,-26.958233611991112,191.961560408228,11.298585471860045,-26.958233611991112,187.235502984634,-0.5312856355168316,-3.8443605579655937,1.1317730613181975,1.5254325801476298,0.7621820387507139,1.5254325801476298
skip_hsdd>-0.10,123,457,7.933614681690349,-17.700939442492402,129.4050043061431,9.797772763908918,-22.19827637283988,162.07095145549332,10.034040647787467,-22.301501416725372,165.8179322602403,-0.177133783150218,0.0,-0.6303676756014394,6.28538981929886,-0.5023627853218642,6.182164775413369
skip_tier0,84,448,7.354847675680187,-18.156277648970093,122.60062912977943,10.364628763822004,-28.489643079516746,171.19209265496494,10.36065309284011,-28.489643079516746,171.1252042294546,-0.7559007891603802,-0.4553382064776912,-0.06351167568835336,-0.005976887378004392,-0.17575034026922154,-0.005976887378004392
