cand,win,eng,final,cagr,max_dd,n_trades,avg_exposure,avg_idx,n_idx,n_panic,cagr_p10,cagr_p90,dd_p10,dd_worst,final_p10,avg_total,max_exposure,vol,n_idx_trades,idx_fees,n_tp,n_sl,n_normal,n_adjust,dd_p90
base,A,v_daily,1306599.618059564,0.08037349576315223,-0.18634671466934677,58.0,0.20357609004628158,0.0,0.0,0.0,0.07222402324099712,0.0880209500584778,-0.24196701078311048,-0.25559075829764644,1210704.226582192,,,,,,,,,,
C1,A,their,7989593.984984674,0.29326692085928985,-0.29244327192225517,58.0,0.20447813729024147,0.3710227977451773,,0.0,0.28506719197622044,0.30263879156581097,-0.31537191716587953,,,0.5751755728258636,0.8913593421042871,0.1940583314452532,91.0,127061.69463091265,50.0,8.0,42.0,17.0,-0.2924404002941373
C1,A,v_event,7989593.984984668,0.29326692085928974,-0.2924432719222556,58.0,0.2044781372902415,0.37102279774517727,91.0,0.0,0.28506719197622044,0.30263879156581136,-0.31537191716587903,-0.32981661221074743,7494041.234133348,,,,,,,,,,
C1,A,v_daily,6983132.1901010685,0.2760852120830143,-0.2688731806117906,58.0,0.20447684584087283,0.35376230339329423,170.0,0.0,0.26807739288047877,0.2853746884930823,-0.3155358371941827,-0.3299770737420935,6554319.408300876,,,,,,,,,,
C2,A,their,10177548.63145015,0.3247377431987132,-0.3253812098985675,57.0,0.20404574668642397,0.4600941977425592,,0.0,0.3168648121031529,0.33502049342635787,-0.37045219274666025,,,0.6638728099325342,0.8912085966203347,0.22299479804221822,101.5,214879.44227683463,49.0,8.0,41.0,16.0,-0.30840960696931996
C2,A,v_event,10177548.63144089,0.3247377431985935,-0.32538120989856767,57.0,0.20404574668645736,0.46009419774278926,101.5,0.0,0.3168648121029605,0.3350204934261577,-0.37045219274666047,-0.3827822581910326,9584770.295241948,,,,,,,,,,
C2,A,v_daily,10177548.63144089,0.3247377431985935,-0.32538120989856767,57.0,0.20404574668645736,0.46012182656933864,101.5,0.0,0.3168648121029605,0.3350204934261577,-0.37045219274666047,-0.3827822581910326,9584770.295241948,,,,,,,,,,
C3,A,their,6127123.840040889,0.2596159158970728,-0.29272776234186926,58.0,0.20368891193207017,0.32820559688787965,,0.0,0.2505033945017643,0.26921235359802786,-0.33746727416549616,,,0.5321183576499778,0.8963564324701002,0.1809048712129236,81.5,88405.55722156483,50.0,8.0,42.0,16.0,-0.2883523577922429
C3,A,v_event,6127123.840040894,0.259615915897073,-0.29272776234186876,58.0,0.20368891193207025,0.32820559688787965,81.5,0.0,0.2505033945017643,0.26921235359802786,-0.3374672741654962,-0.3515712341432847,5695256.535763664,,,,,,,,,,
C3,A,v_daily,5010714.706907624,0.23469777612759402,-0.2950681720524826,58.0,0.20368893957977038,0.30391516636755567,185.5,0.0,0.2258972855907016,0.2441327107466236,-0.3396596379107929,-0.353716927008932,4662581.329919433,,,,,,,,,,
C4,A,their,18067896.687455386,0.4024593022217622,-0.28586882802763847,57.0,0.20299880310998375,0.5130546658635542,,0.0,0.3938791190253299,0.41331029078199355,-0.30764385349111173,,,0.7163673449380745,0.896192620585255,0.24708065642043153,152.5,434608.688073458,49.0,8.0,41.0,16.0,-0.2833277131992264
C4,A,v_event,18067896.6874172,0.40245930222146775,-0.2858688280276386,57.0,0.20299880311008597,0.5130546658636459,152.5,0.0,0.39387911902517075,0.4133102907815971,-0.3076438534911112,-0.32120509620579185,16985450.292643316,,,,,,,,,,
C4,A,v_daily,18031007.980823502,0.40217462093330647,-0.2858688280276386,57.0,0.20299880311008597,0.5130835317682937,153.0,0.0,0.39349956763513366,0.4133102907815971,-0.3076438534911112,-0.32120509620579185,16938941.177702382,,,,,,,,,,
base,B,v_daily,1735429.6693384366,0.10506306184925918,-0.2681628433240249,125.0,0.45623584673638395,0.0,0.0,0.0,0.09065594620720041,0.1188555444789248,-0.29488445792861356,-0.2950769347379558,1509429.2515036508,,,,,,,,,,
C1,B,their,2093845.143123795,0.1247531661451653,-0.27177884216211134,126.0,0.4558324036203404,0.23129225194330724,,0.0,0.11283287565302078,0.1387754435542085,-0.2940134853721006,,,0.6882557896516458,0.8971993496795105,0.15707442971332602,157.0,43208.801250410965,83.0,27.0,85.0,41.0,-0.24529014645011676
C1,B,v_event,2093845.1431238125,0.12475316614516618,-0.27177884216211096,126.0,0.45583240362034183,0.23129225194330716,157.0,0.0,0.11283287565302162,0.1387754435542092,-0.2940134853721008,-0.29661929194911885,1869612.120267987,,,,,,,,,,
C1,B,v_daily,2099179.3712235363,0.12502238937488952,-0.2717802640593831,126.0,0.45582032003852946,0.23106258578879413,165.0,0.0,0.11297778073084733,0.13894195425478878,-0.2940145479056978,-0.2966203472572202,1872201.8523415846,,,,,,,,,,
C2,B,their,2110558.8920301255,0.12559456898710286,-0.28510447942491907,124.5,0.45542958882624907,0.3372990592719699,,0.0,0.1154059172754293,0.141858477887946,-0.29697596848525176,,,0.794967763613294,0.8983273109735068,0.17364683589818872,195.0,68948.23110380874,82.0,27.0,84.0,41.5,-0.24974517038323651
C2,B,v_event,2110558.8920246353,0.12559456898682753,-0.28510447942514106,124.5,0.4554295888266763,0.3372990592744509,195.0,0.0,0.11540591727518593,0.1418584778877528,-0.29697596848749297,-0.3117169695031622,1916084.9903488504,,,,,,,,,,
C2,B,v_daily,2110558.8920246353,0.12559456898682753,-0.28510447942514106,124.5,0.4554295888266763,0.3372990592744509,195.0,0.0,0.11540591727518593,0.1418584778877528,-0.29697596848749297,-0.3117169695031622,1916084.9903488504,,,,,,,,,,
C3,B,their,2015885.5565650729,0.12074582504615339,-0.2682051436144553,125.0,0.4572885127957683,0.1846895511572132,,0.0,0.10886404297521983,0.13497787808380962,-0.2948115740825054,,,0.6414149272198899,0.8969903421093103,0.15188119568282965,145.0,32974.07349237928,83.0,27.0,85.0,41.0,-0.24619184729839605
C3,B,v_event,2015885.556565091,0.12074582504615439,-0.2682051436144555,125.0,0.45728851279576926,0.18468955115721322,145.0,0.0,0.10886404297522027,0.13497787808381065,-0.29481157408250513,-0.2950034071355043,1799931.074960805,,,,,,,,,,
C3,B,v_daily,2021300.3433489506,0.12102871413237437,-0.268205553893763,125.0,0.4572681719036197,0.18426892312010013,156.0,0.0,0.10913145642373971,0.13528295467821488,-0.2948106931756842,-0.2950025226481423,1804551.038112984,,,,,,,,,,
C4,B,their,1203872.9719901187,0.06769591951269671,-0.3529997139294707,124.0,0.46085987485775337,0.25897235543923247,,0.0,0.056291551554890004,0.0791402463905928,-0.37817708503689884,,,0.719258882186605,0.8933768624590159,0.18858244567815566,240.5,59679.11722144364,81.5,26.0,83.0,41.0,-0.3225771657181395
C4,B,v_event,1203872.9719856842,0.06769591951232679,-0.3529997139294715,124.0,0.4608598748579886,0.25897235543985236,240.5,0.0,0.05629155155454184,0.07914024639024057,-0.37817708503689945,-0.3828017724859655,1073986.2296157759,,,,,,,,,,
C4,B,v_daily,1203872.9719856842,0.06769591951232679,-0.3529997139294715,124.0,0.4608598748579886,0.25897235543985236,240.5,0.0,0.05629155155454184,0.07914024639024057,-0.37817708503689945,-0.3828017724859655,1073986.2296157759,,,,,,,,,,
base,F,v_daily,3826618.471385997,0.09396913078579894,-0.2770119048831634,184.0,0.3330018233732518,0.0,0.0,0.0,0.08756341369661143,0.10171054868091944,-0.2950726677168228,-0.29873996877551656,3389993.1848434885,,,,,,,,,,
C1,F,their,28441844.17578589,0.20568174995690125,-0.2926265671660443,184.0,0.3345504549845858,0.3014280980570668,,0.0,0.1994550602473198,0.21300453598939825,-0.31537191716587953,,,0.6349673543807868,0.8965612843899211,0.17645174168984673,248.0,721356.9525170142,134.0,34.5,127.0,58.0,-0.29244136292404244
C1,F,v_event,28441844.175786145,0.2056817499569018,-0.29262656716604424,184.0,0.3345504549845868,0.3014280980570667,248.0,0.0,0.19945506024732024,0.2130045359893985,-0.31537191716587903,-0.32981661221074743,25560402.17427654,,,,,,,,,,
C1,F,v_daily,24865160.23601301,0.1978527748934591,-0.29245845356807426,184.0,0.33454525322773787,0.2928608800398554,334.0,0.0,0.1917627641853113,0.2050785546000744,-0.3155358371941827,-0.3299770737420935,22383348.947544772,,,,,,,,,,
C2,F,their,37322069.32407682,0.22166678939958973,-0.32852251721166353,183.0,0.3326836131471619,0.40015453231892534,,0.0,0.21459506800576572,0.22893175596631163,-0.37045219274666025,,,0.733229174616475,0.8993502127140189,0.1996863694209423,297.0,1438157.5347622093,132.0,34.0,125.0,57.0,-0.30841121024736823
C2,F,v_event,37322069.32393494,0.22166678939936468,-0.32852251721129727,183.0,0.33268361314742,0.4001545323202301,297.0,0.0,0.21459506800553363,0.22893175596610477,-0.37045219274666047,-0.3827822581910326,33109187.842902564,,,,,,,,,,
C2,F,v_daily,37322069.32393494,0.22166678939936468,-0.32852251721129727,183.0,0.33268361314742,0.4001545323202301,297.0,0.0,0.21459506800553363,0.22893175596610477,-0.37045219274666047,-0.3827822581910326,33109187.842902564,,,,,,,,,,
C3,F,their,21013090.352536384,0.18811896677432094,-0.3137526757915467,185.0,0.33318296094822253,0.2563095929563598,,0.0,0.18225017508276775,0.19517829966445566,-0.33746727416549616,,,0.589528340492214,0.8987002967555962,0.16702334653382273,225.0,423600.64898568037,134.0,34.5,127.0,58.0,-0.2883538883967314
C3,F,v_event,21013090.352536492,0.18811896677432116,-0.31375267579154564,185.0,0.3331829609482234,0.2563095929563598,225.0,0.0,0.18225017508276836,0.19517829966445607,-0.3374672741654962,-0.3515712341432847,18972497.606885795,,,,,,,,,,
C3,F,v_daily,17252758.27841817,0.17681710309134613,-0.3159556418440428,185.0,0.33317787383489517,0.24423963161955237,340.5,0.0,0.17090650961396392,0.18371017092026523,-0.3396596379107929,-0.353716927008932,15550504.791200489,,,,,,,,,,
C4,F,their,36806541.7836376,0.2208439089427503,-0.4883027607032059,182.0,0.3348767838150444,0.3845686514596657,,0.0,0.2155366348649802,0.2292416610644201,-0.505440776775126,,,0.7185413831344507,0.8981562808010746,0.21951491093287467,394.0,2259186.712122091,131.0,34.0,124.0,57.0,-0.4619617919863905
C4,F,v_event,36806541.783376455,0.2208439089423304,-0.4883027607032052,182.0,0.3348767838152281,0.3845686514600717,394.0,0.0,0.21553663486466923,0.2292416610641336,-0.5054407767751262,-0.5117103701868133,33642953.15411672,,,,,,,,,,
C4,F,v_daily,36768537.50343293,0.22078284040870566,-0.48944329788097757,182.0,0.3348767838152281,0.38457941740522616,394.0,0.0,0.21541790553072895,0.2292416610641336,-0.5054582681033664,-0.5120172331195076,33575229.83586073,,,,,,,,,,
