cfg,win,final,cagr,max_dd,p10,p90,dd_p10
base,A,1306599.618059563,0.08037349576315211,-0.18634671466934682,0.07222402324099712,0.08802095005847763,-0.24196701078311023
base,B,1735429.669338437,0.10506306184925918,-0.2681628433240249,0.09065594620720038,0.11885554447892462,-0.29488445792861356
base,F,3826618.471385981,0.09396913078579872,-0.27701190488316346,0.0875634136966112,0.10171054868091922,-0.29507266771682295
base,B1,797329.7171965204,0.05858807323137061,-0.2681628433240249,0.046946123794513926,0.06907663524004988,-0.29488445792861356
base,B2,1353685.1127903303,0.1555155863830774,-0.23265279800938493,0.14384264588290271,0.17145297436628806,-0.26002137363920436
300_ma90_r0.0,A,7892322.57271112,0.2916939982922434,-0.43473397997070107,0.28358813525356663,0.3020801267902565,-0.4719094528001835
300_ma90_r0.0,B,1646407.5102571181,0.09960371599073081,-0.2823721687495577,0.0896472855270339,0.1151707644164679,-0.29482842629369854
300_ma90_r0.0,F,22284895.519867726,0.19150815592545722,-0.43473397997070107,0.18490313043358375,0.19747729258290886,-0.4719094528001835
300_ma90_r0.0,B1,894725.689640346,0.08330136819593625,-0.26791666551537013,0.07239888591832795,0.09328874527252072,-0.2946099506123491
300_ma90_r0.0,B2,1172468.7962897986,0.1263866681639625,-0.23978878393078396,0.11501159006103465,0.1387892506251514,-0.2662506930879703
300_ma90_r0.2,A,6271893.941102117,0.2625412086341741,-0.3683454555789502,0.25346309944201245,0.27150775868263355,-0.408727076344292
300_ma90_r0.2,B,1740959.7140388908,0.10539492972620867,-0.26846415897138765,0.09383062853038619,0.11970667605867194,-0.29417689080795556
300_ma90_r0.2,F,18595484.428233773,0.1811003195165347,-0.3683454555789502,0.17485549098748565,0.18712425399305183,-0.408727076344292
300_ma90_r0.2,B1,873036.841369126,0.07799110983503676,-0.26739682172334,0.06672538830637251,0.08795272883833788,-0.29417689080795545
300_ma90_r0.2,B2,1241497.9171734536,0.13789235761774088,-0.23431552015837231,0.12678667436420665,0.15011439969403403,-0.2597484324194901
300_ma120_r0.0,A,10177548.63145015,0.3247377431987132,-0.3253812098985675,0.3168648121031529,0.33502049342635787,-0.37045219274666025
300_ma120_r0.0,B,2110558.8920301255,0.12559456898710286,-0.28510447942491907,0.1154059172754293,0.141858477887946,-0.29697596848525176
300_ma120_r0.0,F,37322069.32407682,0.22166678939958973,-0.32852251721166353,0.21459506800576572,0.22893175596631163,-0.37045219274666025
300_ma120_r0.0,B1,1022938.1634369143,0.11274702330387687,-0.26832285708537534,0.10188932143864582,0.12492351452792648,-0.29673866030865237
300_ma120_r0.0,B2,1311590.3593371166,0.14904883340953357,-0.24791776801551763,0.13828782376513704,0.16317589346800737,-0.2756246163874533
300_ma120_r0.2,A,7989593.984984674,0.29326692085928985,-0.29244327192225517,0.28506719197622044,0.30263879156581097,-0.31537191716587953
300_ma120_r0.2,B,2093845.143123795,0.1247531661451653,-0.27177884216211134,0.11283287565302078,0.1387754435542085,-0.2940134853721006
300_ma120_r0.2,F,28441844.17578589,0.20568174995690125,-0.2926265671660443,0.1994550602473198,0.21300453598939825,-0.31537191716587953
300_ma120_r0.2,B1,959274.6565998864,0.09851816053437112,-0.267294938305808,0.08789700819585167,0.11156290133997626,-0.2940134853721006
300_ma120_r0.2,B2,1339439.54340656,0.153345802849984,-0.23501576908339716,0.14169662227473964,0.16798692534121878,-0.2638968674280095
300_ma150_r0.0,A,9329527.777370196,0.3133385443065324,-0.3572953334142279,0.30439340466661796,0.3223544472514124,-0.35732546777338137
300_ma150_r0.0,B,2092500.122270423,0.12468520183911336,-0.2961556038244782,0.11343502975541078,0.13876706756669527,-0.31224524131417053
300_ma150_r0.0,F,33262288.167664226,0.2148667207362126,-0.3860363360404048,0.20834493892051742,0.2216328898569278,-0.40624760083948225
300_ma150_r0.0,B1,1006459.5692907055,0.109134672714986,-0.27501259841787745,0.09890546080859641,0.12236653733235829,-0.3122409066277702
300_ma150_r0.0,B2,1304056.3023851458,0.14787365348046277,-0.2572740191355948,0.13607813017401277,0.1597029333863614,-0.28363423402080673
300_ma150_r0.2,A,7500606.968203157,0.2851789883129505,-0.29101357313069465,0.2762662515402657,0.2938761913816702,-0.2933604127401416
300_ma150_r0.2,B,2068142.7435178382,0.12344721983707863,-0.2752034760199311,0.11166627345489322,0.13757007049260592,-0.29426050080153693
300_ma150_r0.2,F,26326919.528854482,0.20117426969986096,-0.33421663112906885,0.19514192724673055,0.20836042220047163,-0.35825606175002417
300_ma150_r0.2,B1,945526.8108322802,0.09534865709387086,-0.26746372791832096,0.08496555062868213,0.10942073067144036,-0.29426050080153693
300_ma150_r0.2,B2,1340549.89222227,0.15351567219932505,-0.23617669135887082,0.1425984483636533,0.16765180359224907,-0.2655464516026669
300_ma250_r0.0,A,7007770.098133193,0.276531621546502,-0.355306800365985,0.2672322489774855,0.28672252894653893,-0.39640329845621247
300_ma250_r0.0,B,2121773.145304473,0.12615587930757644,-0.2876001417116133,0.11389627409674237,0.1403345413408242,-0.30616740047967134
300_ma250_r0.0,F,25221927.474296734,0.19867985149078082,-0.3845886306556027,0.19202204948846674,0.20654136328150752,-0.39640329845621247
300_ma250_r0.0,B1,979691.8612932474,0.10316417701184943,-0.2786061308264499,0.09346118211698443,0.11631594706220616,-0.30597756927648323
300_ma250_r0.0,B2,1340928.46197297,0.1535735137570392,-0.2471500043578615,0.14144779241568073,0.16710863512514504,-0.2746527992154582
300_ma250_r0.2,A,5880646.307842985,0.2544890711242198,-0.30811847789499647,0.24402218064036957,0.26377745174540357,-0.3471552234044814
300_ma250_r0.2,B,2084938.796979982,0.12430221438180278,-0.26954652762847575,0.11230892560647736,0.13877732562831974,-0.2935951181153086
300_ma250_r0.2,F,20716433.05123981,0.18730030810379172,-0.33240374122491384,0.18089300885008397,0.1946732103533294,-0.3471552234044814
300_ma250_r0.2,B1,936071.1928135771,0.09314668877872834,-0.2694857884511185,0.0835076655468967,0.10750452201921086,-0.2935951181153086
300_ma250_r0.2,B2,1356453.373764366,0.1559350386275743,-0.2342641201671341,0.14514150895516148,0.17175790475877423,-0.26086173961056475
300_ma120_r0.3_lag1,A,6127123.840040889,0.2596159158970728,-0.29272776234186926,0.2505033945017643,0.26921235359802786,-0.33746727416549616
300_ma120_r0.3_lag1,B,2015885.5565650729,0.12074582504615339,-0.2682051436144553,0.10886404297521983,0.13497787808380962,-0.2948115740825054
300_ma120_r0.3_lag1,F,21013090.352536384,0.18811896677432094,-0.3137526757915467,0.18225017508276775,0.19517829966445566,-0.33746727416549616
300_ma120_r0.3_lag1,B1,915793.0780343327,0.08836216983483114,-0.2682051436144553,0.07842858602992056,0.10123022540969705,-0.2948115740825054
300_ma120_r0.3_lag1,B2,1354632.1562248426,0.15565917010067376,-0.2330488764038275,0.14405165341510046,0.17070457505930356,-0.2614478548993308
300_ma90_r0.3_lag1,A,4879594.809745513,0.23144990150253442,-0.340197386210655,0.22200001822009763,0.2409524734500721,-0.38079270254451875
300_ma90_r0.3_lag1,B,1909284.0687015126,0.11503291315201258,-0.26767598186360203,0.10355096122659976,0.12817810459573167,-0.2942197902446688
300_ma90_r0.3_lag1,F,15857557.311984781,0.17201683082510755,-0.35868234073021676,0.1656637829982246,0.17824045356849394,-0.38079270254451875
300_ma90_r0.3_lag1,B1,860771.8454944452,0.07494114059409795,-0.2676226379269447,0.06381503029830644,0.08544229233010489,-0.2942197902446688
300_ma90_r0.3_lag1,B2,1365922.4342744653,0.1573644280051204,-0.23384125721010812,0.145862796740965,0.17180534846982715,-0.2614888868698674
300_ma150_r0.3_lag1,A,7108104.877890056,0.2783355978289782,-0.2563599657296162,0.2684656391396037,0.2874542612584077,-0.25653511546925206
300_ma150_r0.3_lag1,B,1980667.47353066,0.1188892270584434,-0.2679047911604659,0.1065881206262824,0.1333911856505926,-0.294494155304861
300_ma150_r0.3_lag1,F,23783150.406837806,0.19527207809754255,-0.31557875616675646,0.18942363996549774,0.20227882616868204,-0.33778476926509743
300_ma150_r0.3_lag1,B1,907955.990512017,0.08649114577968531,-0.2679047911604659,0.07730768665413743,0.10074467148873907,-0.294494155304861
300_ma150_r0.3_lag1,B2,1333061.5223717536,0.15236839004992964,-0.23380032249102706,0.141105704177726,0.1683174020244494,-0.26088179055669086
300_ma40_r0.0,A,13101631.451165881,0.3583915894799724,-0.2548618503104144,0.3505480277263919,0.3696745635345051,-0.28833089001789175
300_ma40_r0.0,B,1757064.3370386707,0.10635274476207812,-0.29016223348916964,0.09363931482023351,0.12071903816661107,-0.307496919143263
300_ma40_r0.0,F,39770852.70752591,0.22543652530335323,-0.2933994746533267,0.2186753625495429,0.23252083668848852,-0.3070990520712832
300_ma40_r0.0,B1,851252.7204064719,0.07255341401948834,-0.2863805719813269,0.06170163437797107,0.08237444782451497,-0.3070555027494592
300_ma40_r0.0,B2,1282439.6467740517,0.14447003928138724,-0.24869223310063754,0.13121643349926512,0.15821695010668807,-0.2748642468044284
sh000001_ma120_r0.0,A,6431696.661106124,0.26570036527876995,-0.3519782331784986,0.25896670388729315,0.27722166041251184,-0.3937097914280215
sh000001_ma120_r0.0,B,1615618.0117926986,0.09765306060354217,-0.28442862531536656,0.08518162794728648,0.11135881289869631,-0.29548477332744494
sh000001_ma120_r0.0,F,17948017.73700776,0.17907322690488225,-0.4287024600543309,0.17114835483052265,0.18541527300346677,-0.4483196500390855
sh000001_ma120_r0.0,B1,826047.733749451,0.0661171597983019,-0.2686098303533499,0.05504472764021149,0.07546497556096317,-0.2952990531672283
sh000001_ma120_r0.0,B2,1255174.5617266204,0.14010924039875927,-0.24096519593274485,0.1298975218662192,0.15486632023535563,-0.26500953796363363
sh000001_ma250_r0.0,A,4547960.937250419,0.22286994331387533,-0.39149518911475933,0.21572639846894195,0.23408062250977343,-0.4031918509032424
sh000001_ma250_r0.0,B,1587582.5748054634,0.0958467920467736,-0.28670261384296913,0.0829237348631029,0.11001933496005747,-0.300210076313881
sh000001_ma250_r0.0,F,12587674.770682806,0.15897044953526163,-0.49002609165661826,0.15130816495345428,0.1660841536386055,-0.5090918681875993
sh000001_ma250_r0.0,B1,772672.3802079221,0.05194893219409824,-0.26925636517313534,0.041106392852211515,0.061649359047615974,-0.2981511517478274
sh000001_ma250_r0.0,B2,1286007.3038466526,0.14503505464499633,-0.2571159374091897,0.13415757062449668,0.15908584172378024,-0.2903547187002415
sh000001_ma120_r0.2,A,5478684.291398279,0.2456971675011177,-0.29894306997470166,0.23775102105468554,0.2546927835744,-0.3361298671294039
sh000001_ma120_r0.2,B,1669582.7884813957,0.10105057878212498,-0.26975293532050054,0.08888688912021443,0.1150759964486497,-0.29519273508589505
sh000001_ma120_r0.2,F,15686532.383640267,0.17140094534149042,-0.37643063534509646,0.16334607916085445,0.1774814414875754,-0.3978394330889927
sh000001_ma120_r0.2,B1,820380.7654747389,0.06464878359362947,-0.2684988578845661,0.053046422176168576,0.07414574283267605,-0.29519273508589505
sh000001_ma120_r0.2,B2,1283607.0143221528,0.14465506570817954,-0.23383263299419715,0.1320784652991466,0.15877385244834644,-0.257783841473758
sh000001_ma250_r0.2,A,4102005.7716350947,0.21039811484814652,-0.370604252078708,0.20082201481045275,0.21955112893634912,-0.3706055548384902
sh000001_ma250_r0.2,B,1661701.2759482153,0.10056073760955242,-0.2793180692196619,0.0885058508526573,0.11398150569120721,-0.29496689795104025
sh000001_ma250_r0.2,F,11553203.125557069,0.15416209140022175,-0.4218079259145451,0.14701115900046197,0.16127867787230965,-0.4416564812322452
sh000001_ma250_r0.2,B1,788122.3533595421,0.05613027931293879,-0.2682266637227426,0.04454995605052057,0.06562607831720532,-0.29496689795104025
sh000001_ma250_r0.2,B2,1294616.8976306187,0.14639257306652753,-0.239849138515424,0.13384091607923207,0.16148256786575851,-0.26725936919688054
sz399001_ma120_r0.0,A,9633230.310817232,0.3175246718115603,-0.3811830163875706,0.3101782289353358,0.32773035533549616,-0.3811830163875708
sz399001_ma120_r0.0,B,1606442.557640045,0.09706517137977211,-0.2987467404368658,0.08737876815143619,0.11571621344261616,-0.33452637117920014
sz399001_ma120_r0.0,F,27229061.37593381,0.2031376507991396,-0.5427747341598107,0.19467144345237977,0.20908370450029867,-0.5609939861292648
sz399001_ma120_r0.0,B1,801807.2382594624,0.05977778078812013,-0.2987430375004829,0.050141427246646365,0.07221199282238755,-0.33452637117920014
sz399001_ma120_r0.0,B2,1260662.6046017464,0.14099282062768204,-0.25613254891455967,0.1270363831767328,0.15523246484147601,-0.27943903822988525
sz399001_ma250_r0.0,A,7513850.732960666,0.2854041516601237,-0.4242045920143228,0.2775183287535091,0.2969903667177182,-0.42420459201432303
sz399001_ma250_r0.0,B,1589948.1507521444,0.0959994064561227,-0.3745891637229672,0.08453553893904182,0.11014950736949157,-0.4035492984973164
sz399001_ma250_r0.0,F,20508106.66377274,0.1867188221206144,-0.635347799661306,0.17988207338495527,0.19411857795240484,-0.6477419063131177
sz399001_ma250_r0.0,B1,728828.136019479,0.03971744766694396,-0.3745891637229672,0.032062033223623644,0.05269072984465632,-0.40354929849731647
sz399001_ma250_r0.0,B2,1308792.5344775226,0.14861317223475312,-0.2366771863361974,0.13491603703203003,0.16439560152975127,-0.26089816056724097
sz399001_ma120_r0.2,A,7598960.88837139,0.28684284359820933,-0.30847839858768666,0.27922541171044757,0.2967164606003643,-0.3086353712503202
sz399001_ma120_r0.2,B,1667855.8214741624,0.10094180085427584,-0.2734925257687404,0.09013106879781022,0.11590866128920842,-0.3103744272505191
sz399001_ma120_r0.2,F,21709641.028669793,0.1899986458517814,-0.47518657514310364,0.1837258900157203,0.19670766961912123,-0.4946474387732096
sz399001_ma120_r0.2,B1,778227.6735660989,0.05346179888226532,-0.2734925257687404,0.04388421557218847,0.06679368335281308,-0.310374427250519
sz399001_ma120_r0.2,B2,1310951.2433499007,0.14894949525979306,-0.23430164121241975,0.1366515417321084,0.1662391618054064,-0.26218264882469633
sz399001_ma250_r0.2,A,6443170.582903562,0.2659247070346551,-0.33937908241281245,0.2561652442573859,0.2751107359143514,-0.33937935867240765
sz399001_ma250_r0.2,B,1614482.2383487895,0.09757999873558965,-0.329045779771506,0.08620931446714775,0.11095340539242932,-0.361933408175591
sz399001_ma250_r0.2,F,17484890.46257232,0.17757994631274499,-0.5506117021119794,0.1709829291938132,0.18509257470895893,-0.5680474331816548
sz399001_ma250_r0.2,B1,723835.7297100851,0.038288054323101894,-0.329045779771506,0.02996136721738756,0.052877763036039416,-0.3619334081755909
sz399001_ma250_r0.2,B2,1327346.481768014,0.15148917525117045,-0.23378752381210494,0.1401362525357867,0.16888225807473062,-0.2614687642011041
