plan,win,draw,d,cagr,base
P1 稳健 = S(换仓),B,0,1.4539348535194008,11.960241038445318,10.506306184925919
P2 进取 = S + C(满仓),B,0,2.3694188408331263,12.875725025759044,10.506306184925919
P3 激进 = S + C + I(不留现金),B,0,4.543465032334481,15.0497712172604,10.506306184925919
  P1 + E(移动止盈),B,0,0.3331914804761471,10.839497665402064,10.506306184925919
  P2 + E,B,0,1.223506054445167,11.729812239371086,10.506306184925919
  P3 + W + E(全部叠加),B,0,3.9274857490737225,14.43379193399964,10.506306184925919
P1 稳健 = S(换仓),F,0,1.098163646395478,10.49507672497535,9.396913078579871
P2 进取 = S + C(满仓),F,0,1.8827288517579643,11.279641930337835,9.396913078579871
P3 激进 = S + C + I(不留现金),F,0,13.606339844220972,23.003252922800844,9.396913078579871
  P1 + E(移动止盈),F,0,0.7357086663730028,10.132621744952875,9.396913078579871
  P2 + E,F,0,1.346854883493076,10.743767962072948,9.396913078579871
  P3 + W + E(全部叠加),F,0,12.816291954861603,22.213205033441476,9.396913078579871
P1 稳健 = S(换仓),B,1,1.4539348535194008,11.960241038445318,10.506306184925919
P2 进取 = S + C(满仓),B,1,2.3694188408331263,12.875725025759044,10.506306184925919
P3 激进 = S + C + I(不留现金),B,1,4.543465032334481,15.0497712172604,10.506306184925919
  P1 + E(移动止盈),B,1,-0.023420337910196043,10.482885847015721,10.506306184925919
  P2 + E,B,1,0.8651662997680609,11.371472484693978,10.506306184925919
  P3 + W + E(全部叠加),B,1,3.557781943453864,14.064088128379781,10.506306184925919
P1 稳健 = S(换仓),F,1,1.098163646395478,10.49507672497535,9.396913078579871
P2 进取 = S + C(满仓),F,1,1.8827288517579643,11.279641930337835,9.396913078579871
P3 激进 = S + C + I(不留现金),F,1,13.606339844220972,23.003252922800844,9.396913078579871
  P1 + E(移动止盈),F,1,0.24710829187356564,9.644021370453437,9.396913078579871
  P2 + E,F,1,0.8529882860507265,10.249901364630599,9.396913078579871
  P3 + W + E(全部叠加),F,1,12.450979374683513,21.847892453263384,9.396913078579871
P1 稳健 = S(换仓),B,2,1.4539348535194008,11.960241038445318,10.506306184925919
P2 进取 = S + C(满仓),B,2,2.3694188408331263,12.875725025759044,10.506306184925919
P3 激进 = S + C + I(不留现金),B,2,4.543465032334481,15.0497712172604,10.506306184925919
  P1 + E(移动止盈),B,2,-2.2169206564066846,8.289385528519233,10.506306184925919
  P2 + E,B,2,-1.4133862686875553,9.092919916238362,10.506306184925919
  P3 + W + E(全部叠加),B,2,1.2122209380648674,11.718527122990785,10.506306184925919
P1 稳健 = S(换仓),F,2,1.098163646395478,10.49507672497535,9.396913078579871
P2 进取 = S + C(满仓),F,2,1.8827288517579643,11.279641930337835,9.396913078579871
P3 激进 = S + C + I(不留现金),F,2,13.606339844220972,23.003252922800844,9.396913078579871
  P1 + E(移动止盈),F,2,-0.5554615728087131,8.841451505771158,9.396913078579871
  P2 + E,F,2,-0.14244175416224802,9.254471324417624,9.396913078579871
  P3 + W + E(全部叠加),F,2,11.329934698756094,20.726847777335966,9.396913078579871
P1 稳健 = S(换仓),B,3,1.4539348535194008,11.960241038445318,10.506306184925919
P2 进取 = S + C(满仓),B,3,2.3694188408331263,12.875725025759044,10.506306184925919
P3 激进 = S + C + I(不留现金),B,3,4.543465032334481,15.0497712172604,10.506306184925919
  P1 + E(移动止盈),B,3,0.09974239129681983,10.606048576222737,10.506306184925919
  P2 + E,B,3,1.0130758128287676,11.519381997754685,10.506306184925919
  P3 + W + E(全部叠加),B,3,3.9005650458024843,14.406871230728402,10.506306184925919
P1 稳健 = S(换仓),F,3,1.098163646395478,10.49507672497535,9.396913078579871
P2 进取 = S + C(满仓),F,3,1.8827288517579643,11.279641930337835,9.396913078579871
P3 激进 = S + C + I(不留现金),F,3,13.606339844220972,23.003252922800844,9.396913078579871
  P1 + E(移动止盈),F,3,0.4988088524664369,9.895721931046308,9.396913078579871
  P2 + E,F,3,1.0525175573901202,10.449430635969993,9.396913078579871
  P3 + W + E(全部叠加),F,3,12.575814036134147,21.97272711471402,9.396913078579871
P1 稳健 = S(换仓),B,4,1.4539348535194008,11.960241038445318,10.506306184925919
P2 进取 = S + C(满仓),B,4,2.3694188408331263,12.875725025759044,10.506306184925919
P3 激进 = S + C + I(不留现金),B,4,4.543465032334481,15.0497712172604,10.506306184925919
  P1 + E(移动止盈),B,4,-0.21198351122544423,10.294322673700474,10.506306184925919
  P2 + E,B,4,0.6897738089456595,11.196079993871578,10.506306184925919
  P3 + W + E(全部叠加),B,4,3.3537755080384146,13.860081692964332,10.506306184925919
P1 稳健 = S(换仓),F,4,1.098163646395478,10.49507672497535,9.396913078579871
P2 进取 = S + C(满仓),F,4,1.8827288517579643,11.279641930337835,9.396913078579871
P3 激进 = S + C + I(不留现金),F,4,13.606339844220972,23.003252922800844,9.396913078579871
  P1 + E(移动止盈),F,4,0.27245085201403896,9.66936393059391,9.396913078579871
  P2 + E,F,4,0.9031289496497119,10.300042028229583,9.396913078579871
  P3 + W + E(全部叠加),F,4,12.310238356992453,21.707151435572325,9.396913078579871
