name,win,final,cagr,dd,c10,c90,dd_worst,dd_p10,exp,n,npan
base,B,173.5429669338437,10.506306184925919,-26.81628433240249,9.065594620720038,11.885554447892462,-29.50769347379555,-29.488445792861356,45.6235846736384,125.0,0.0
base,A,130.6599618059563,8.037349576315211,-18.634671466934684,7.222402324099712,8.802095005847763,-25.5590758297646,-24.196701078311023,20.35760900462816,58.0,0.0
base,F,382.6618471385981,9.396913078579871,-27.701190488316346,8.75634136966112,10.171054868091922,-29.873996877551654,-29.507266771682296,33.30018233732518,184.0,0.0
C3,B,202.40439313897602,12.117178580571286,-29.135282865730566,10.539180504282756,13.517778984320508,-33.227823222003394,-30.89168993630978,55.17956134443745,103.0,0.0
C3,A,193.54036313783507,12.337079294817544,-24.044328622914417,10.437675413625861,12.699177359693985,-29.75910991720092,-27.41983619608052,28.537709249783127,53.0,0.0
C3,F,622.6979979986802,12.00956793632929,-29.52652535089554,10.975347685376795,12.936397554961761,-33.601701152270714,-30.79805292711398,42.62905982756989,155.0,0.0
C1,B,214.83637663350268,12.747462558146438,-28.805617588798494,11.464661760624592,14.060923454166588,-30.911041350589088,-29.99164121778266,54.857355643835646,103.0,0.0
C1,A,157.35941968962658,10.051288556206629,-24.120452486612376,9.458084135460606,10.591521832605014,-29.835212720226867,-27.49664633225169,27.32061225011203,53.0,0.0
C1,F,557.7422416476892,11.413102971118205,-28.904224299273835,10.419192378351685,12.117936153108143,-30.80642052082433,-30.35904727368234,41.808045277678715,154.0,0.0
C2,B,180.9331955188183,10.940746252158618,-27.68202120324067,9.92823852924846,12.316023475444272,-29.55163783247132,-29.53240969524742,46.482620852340496,123.0,0.0
C2,A,141.06078002918392,8.86245699328272,-23.512782740385973,8.290081899001152,9.810423027041082,-28.88356388264066,-26.676362213252546,23.686061273969628,55.0,0.0
C2,F,447.13112707332334,10.225704918571111,-28.5276909148589,9.584332884714964,10.685783807449377,-29.918225316149936,-29.55121111617471,35.25267633053128,177.5,0.0
C4,B,163.34520311119678,9.878712619414332,-31.423847781896708,9.395233128680648,10.42770925644459,-35.4773344439645,-32.818690859817956,67.21382556548858,72.0,0.0
C4,A,315.25245133202225,17.915414890122506,-25.801502373347585,16.49929630181885,19.75683523750857,-30.349014944329568,-28.092520544986566,40.9196367942467,43.0,0.0
C4,F,984.3779600932509,14.523909947345814,-33.419818884521874,13.788143607482043,15.40782767102304,-39.858029971891476,-35.94732105359177,55.56738227078644,122.0,0.0
