name,win,drop,xlag,lag,slip,final,cagr,dd,c10,c90,dd_worst,dd_p10,exp,n,npan
base,A,,0,,,130.6599618059563,8.037349576315211,-18.634671466934684,7.222402324099712,8.802095005847763,-25.5590758297646,-24.196701078311023,20.35760900462816,58.0,0.0
base,B,,0,,,173.5429669338437,10.506306184925919,-26.81628433240249,9.065594620720038,11.885554447892462,-29.50769347379555,-29.488445792861356,45.6235846736384,125.0,0.0
base,F,,0,,,382.6618471385981,9.396913078579871,-27.701190488316346,8.75634136966112,10.171054868091922,-29.873996877551654,-29.507266771682296,33.30018233732518,184.0,0.0
C1,A,,0,,,157.35941968962658,10.051288556206629,-24.120452486612376,9.458084135460606,10.591521832605014,-29.835212720226867,-27.49664633225169,27.32061225011203,53.0,0.0
C1,B,,0,,,214.83637663350268,12.747462558146438,-28.805617588798494,11.464661760624592,14.060923454166588,-30.911041350589088,-29.99164121778266,54.857355643835646,103.0,0.0
C1,F,,0,,,557.7422416476892,11.413102971118205,-28.904224299273835,10.419192378351685,12.117936153108143,-30.80642052082433,-30.35904727368234,41.808045277678715,154.0,0.0
C1_a45,A,,0,,,149.74780850154636,9.5106250290514,-24.139991326119837,9.036854725828158,9.956978395253179,-30.086636883840846,-27.750407343358464,26.05693981788779,54.0,0.0
C1_a45,B,,0,,,195.49876740321497,11.751685393370948,-28.805617588798494,10.223279318584282,13.16463662488592,-30.20933110269598,-29.758506111944776,52.727540571370355,105.5,0.0
C1_a45,F,,0,,,482.7633345524203,10.636133660295567,-28.821189849447716,9.860950414999241,11.427035878146802,-30.514203803949545,-30.113342677260142,40.13825255915374,157.0,0.0
C1_a55,A,,0,,,165.79565063034966,10.623671109810973,-23.474680320355773,10.141338851428321,11.14996264442272,-29.185717894900122,-26.87191210978444,27.894011713834267,51.0,0.0
C1_a55,B,,0,,,203.04052775100791,12.15025473495881,-29.61008342901116,10.828918717204195,13.78368971866898,-33.0811548716144,-30.515056334598007,57.48668966706396,97.5,0.0
C1_a55,F,,0,,,568.2967972737378,11.51434268531597,-29.083967935733334,10.738033774143965,12.338615149566337,-33.65368818688472,-30.467324733905947,43.52583898058978,145.0,0.0
C1_a40,A,,0,,,141.2171042197878,8.874429897291359,-22.344780438984518,8.35158062674325,9.251139213063368,-27.010882645072385,-25.27846416408746,23.59456601394069,57.0,0.0
C1_a40,B,,0,,,190.2781008045357,11.467519842780971,-28.805617588798494,10.040245391735318,12.786307991856955,-30.20933110269598,-29.732513412245638,52.39914809306018,105.0,0.0
C1_a40,F,,0,,,443.712676093298,10.184708505407913,-28.564152998182134,9.31801602800367,11.01412041648426,-30.55247360735972,-30.153081805721115,38.590085560700345,163.0,0.0
C1_a60,A,,0,,,173.0534666080058,11.095479032857869,-24.023254361853123,10.650157059166817,11.671870285403422,-29.190395795826984,-26.972342167993364,27.700214423539382,46.0,0.0
C1_a60,B,,0,,,189.10059084011186,11.402439243814122,-31.06359993333588,10.367362364466828,12.605214891588751,-32.475083627108106,-31.818163893948693,59.29856261784509,92.0,0.0
C1_a60,F,,0,,,550.7875395503326,11.345366978302396,-30.828586100310723,10.604198201186406,12.007866368452277,-31.917455017732088,-31.55889137083394,44.058397548025674,137.5,0.0
C1_t075,A,,0,,,156.4855285777001,9.990428425320964,-24.044328622914414,9.471426196215283,10.343761714637969,-29.75910991720092,-27.41983619608052,26.675688962749923,53.0,0.0
C1_t075,B,,0,,,202.56010750447987,12.125290945217449,-28.55917983796067,10.970809009184412,13.762025512130355,-30.498647846313776,-29.730208018236205,54.0325798181685,103.0,0.0
C1_t075,F,,0,,,537.5709018331986,11.214346182639224,-28.700815186258826,10.141911494777089,12.038884419552257,-30.547830511301267,-30.131188987240755,41.113092875191,155.0,0.0
C1_t125,A,,0,,,152.5067624254161,9.709399359442884,-24.291538566405187,9.289743103570885,10.157151599034218,-29.901556760197067,-27.646178230718384,28.11617417602019,53.0,0.0
C1_t125,B,,0,,,195.8653621708855,11.77131404285845,-29.29826749517886,10.450643707174676,13.209805741380839,-32.243390398012295,-30.167291924000338,55.20750872163178,98.0,0.0
C1_t125,F,,0,,,506.57097468594003,10.894330955599763,-29.07765104673294,9.835125806640743,11.52790924794173,-31.122385012354226,-30.39074812806953,42.4878017579553,149.0,0.0
C1_sl60,A,,0,,,155.33968085451698,9.91015837362188,-24.12115580354944,9.43131479524898,10.411543220213815,-29.835905907167948,-27.497345961979093,27.534940935808688,54.0,0.0
C1_sl60,B,,0,,,192.42085850440287,11.5849952035045,-29.249966699809633,10.186081424937903,13.186097355117221,-32.39440617268505,-30.20865653643193,54.09317156290563,105.0,0.0
C1_sl60,F,,0,,,514.2276009408413,10.975278923158903,-29.0522747647449,10.028763198471397,11.841062486965983,-33.486845431963964,-30.412288888815997,41.7609305178026,158.0,0.0
C1_slNone,A,,0,,,157.35941968962658,10.051288556206629,-24.120452486612376,9.458084135460606,10.591521832605014,-29.835212720226867,-27.49664633225169,27.32061225011203,53.0,0.0
C1_slNone,B,,0,,,214.73018824884446,12.742256050231992,-28.805617588798494,11.342940563757086,14.0240638141017,-30.936223118515148,-29.991988975867073,55.028488081493855,102.0,0.0
C1_slNone,F,,0,,,562.5201268882522,11.459176178252473,-28.916402929826695,10.447211460929918,12.204287686628694,-30.80642052082433,-30.414004197016382,41.90914902585888,154.0,0.0
C1_sl40,A,,0,,,144.59210068687744,9.130161797089864,-23.921012213790316,8.471342453849122,9.971268628674112,-28.601025158128092,-26.665306812880967,26.27435679536974,54.0,0.0
C1_sl40,B,,0,,,173.96953241113388,10.531909970325803,-28.32671107324233,9.674902832442763,11.622868613132217,-30.75360783316755,-29.80604583397799,50.828946008336416,118.0,0.0
C1_sl40,F,,0,,,431.47021675238767,10.035372287902089,-28.378271830796255,9.223543481710236,10.770359852056629,-33.20188430474518,-29.81064620516392,39.0939146302521,172.5,0.0
C1_a45_t075,A,,0,,,151.9447248497821,9.669167361149988,-24.12109947419986,9.158578229540042,10.026741346645546,-30.010790540114275,-27.673856050132894,25.256024612539484,55.0,0.0
C1_a45_t075,B,,0,,,199.8920578494915,11.9855378327963,-28.38662579022096,10.305010400348,13.48643895548337,-30.538627013171283,-29.59641784284478,51.864677229042,105.0,0.0
C1_a45_t075,F,,0,,,504.27262118634695,10.870158684501863,-28.555562579002814,10.068387590052422,11.695853850563529,-30.25639453254917,-29.857296640936415,39.1470708763954,157.0,0.0
C1_a55_t125,A,,0,,,163.19974169763458,10.45039166743489,-23.904168598563796,10.029858395279497,10.984551375442553,-29.251931922131202,-27.03495238182285,28.770559972405778,51.0,0.0
C1_a55_t125,B,,0,,,192.7004705903454,11.600238946900387,-29.79291606274359,10.490583766652957,13.103258108344038,-33.48552528850108,-30.689465725495584,58.127785712855484,96.0,0.0
C1_a55_t125,F,,0,,,530.0645572667788,11.138568489124124,-29.51720441879173,10.33884484029162,11.994379377069844,-33.81606665854944,-30.663133902154154,44.25658889993951,145.0,0.0
C1_a45_t125,A,,0,,,148.37533786640466,9.410511621873374,-24.55048998534229,8.983311750176117,9.720550441513916,-30.17231862653641,-27.836885450105576,26.815750387206734,54.0,0.0
C1_a45_t125,B,,0,,,201.64461757951423,12.077528388531766,-28.766972320809163,9.739086493951769,13.373780983241112,-30.281805414173924,-29.719345772790806,53.60085588239383,100.0,0.0
C1_a45_t125,F,,0,,,458.6065649423408,10.361175055981553,-28.782839333717924,9.392819992847885,11.485219141373806,-31.198466946270276,-30.078382503668895,40.70486173238734,152.0,0.0
C1_a55_t075,A,,0,,,168.3538515874078,10.792057713126436,-23.40723311947577,10.277246623159138,11.13252922284242,-29.112299615625346,-26.84934501065373,27.295755142997148,51.0,0.0
C1_a55_t075,B,,0,,,187.1181542682902,11.292039750070714,-29.210856949088544,9.584002237725342,13.188115392399846,-31.25241643239174,-30.248081471831934,57.024045754521936,97.0,0.0
C1_a55_t075,F,,0,,,533.5023560051199,11.17313075373736,-29.191356022429837,10.250960918162455,11.970213363175052,-31.38540628603431,-30.51726297461496,43.08958629370084,145.0,0.0
C2,A,,0,,,141.06078002918392,8.86245699328272,-23.512782740385973,8.290081899001152,9.810423027041082,-28.88356388264066,-26.676362213252546,23.686061273969628,55.0,0.0
C2,B,,0,,,180.9331955188183,10.940746252158618,-27.68202120324067,9.92823852924846,12.316023475444272,-29.55163783247132,-29.53240969524742,46.482620852340496,123.0,0.0
C2,F,,0,,,447.13112707332334,10.225704918571111,-28.5276909148589,9.584332884714964,10.685783807449377,-29.918225316149936,-29.55121111617471,35.25267633053128,177.5,0.0
C2_a40,A,,0,,,135.9757050089136,8.466119091595935,-19.51480189428037,7.704524181719445,9.160238983702039,-25.82492989499481,-24.518262556594486,21.06304750852685,58.0,0.0
C2_a40,B,,0,,,184.65056087806374,11.153182783586313,-27.305471430237517,9.701392012110702,12.29540265362606,-29.55163783247132,-29.532409695247424,45.854554891855834,125.0,0.0
C2_a40,F,,0,,,419.4799977337217,9.885074961451934,-27.98011239497862,9.451886366520664,10.458081548190313,-29.91822531614997,-29.55121111617471,33.71242023142413,183.0,0.0
C2_a50,A,,0,,,146.19459807309502,9.24969755900742,-23.407319639931394,8.532854649428517,10.09061496428309,-28.52091437175266,-26.32231295176038,25.089402336538626,54.0,0.0
C2_a50,B,,0,,,176.6180767761962,10.689070615319263,-27.4919095505393,9.504468707267836,11.824499779149718,-30.913933336870258,-29.53473416815949,49.55607236831281,118.0,0.0
C2_a50,F,,0,,,433.26721542943596,10.05754338410152,-28.354792715260373,9.357861990888523,10.85993724173784,-29.919892335360522,-29.552855495554812,37.692788860189864,173.0,0.0
C2_t025,A,,0,,,137.9391992343444,8.620738359797297,-23.595980403385365,8.023220172016401,9.6069352906314,-28.80209925168302,-26.59341989950433,23.55310776749916,54.5,0.0
C2_t025,B,,0,,,190.3091858113668,11.469217237734808,-27.49734119819585,10.249783424553423,12.562302933556454,-29.551975786525308,-29.532748892474952,46.28851903275834,124.0,0.0
C2_t025,F,,0,,,458.16454526192183,10.356000215698236,-28.528211706185775,9.64162968237975,10.845509800988033,-29.91856792148859,-29.5515490686251,35.2497001363273,178.0,0.0
C2_t075,A,,0,,,137.44235242900132,8.581802774095715,-23.981404640927593,8.007746309697398,9.53306571851388,-28.88356388264065,-26.805100901662875,23.97815240890032,54.5,0.0
C2_t075,B,,0,,,182.1974695366876,11.013441773738663,-27.687491052531314,9.864304588821822,12.34182111158049,-29.55174683331846,-29.532519097056326,47.03104060208631,123.0,0.0
C2_t075,F,,0,,,433.9832467092143,10.066268929858813,-28.52785888679566,9.478661503042755,10.596897945230918,-29.91833581718066,-29.551320116504627,35.71177523100375,177.5,0.0
C2_sl35,A,,0,,,135.3778590227178,8.41869158023325,-24.098607380565845,7.7971056927994,9.039717160752208,-30.19801139922699,-27.52999337862209,23.465172480214306,56.0,0.0
C2_sl35,B,,0,,,163.3201331616708,9.877045540277985,-27.45023245123165,8.36095060645989,11.251157798671459,-30.46095317717813,-29.162262227672976,44.20516307629697,127.0,0.0
C2_sl35,F,,0,,,376.0612219996343,9.304690266903737,-27.762827205361024,8.633419747495852,9.99446263799653,-30.85014834567631,-29.33933006516994,34.304886835427126,182.5,0.0
C2_sl45,A,,0,,,149.14890380238955,9.467039318133663,-23.682987611290862,9.051373225046952,10.082311576941882,-29.091083098755956,-26.887840485302917,24.27451944755301,54.0,0.0
C2_sl45,B,,0,,,194.10644817033275,11.676519795605977,-27.792883476463853,9.85794300543666,12.920793779701567,-29.500238163194403,-29.250783409960558,46.69395251323509,119.0,0.0
C2_sl45,F,,0,,,490.74391223199757,10.724111644200185,-28.317561985615363,9.834378749923333,11.511161043648324,-29.650989345813706,-29.27584253795439,35.61507636671405,173.0,0.0
C2_sl50,A,,0,,,148.24014075998178,9.40059989895311,-23.750050640585098,9.007015036707589,9.697420339665166,-29.727837389341282,-27.408024994076115,24.09035534367081,56.0,0.0
C2_sl50,B,,0,,,181.87207267798522,10.994735213219242,-28.062642456380622,9.430951474168607,12.316567126800058,-29.862617498471955,-29.387734791947878,49.11035817912939,115.5,0.0
C2_sl50,F,,0,,,454.34371100752224,10.311224713899014,-28.459158973044584,9.478243191640356,11.11186275691534,-30.015392286763777,-29.64177891400672,37.14172504376846,170.0,0.0
C3,A,,0,,,193.54036313783507,12.337079294817544,-24.044328622914417,10.437675413625861,12.699177359693985,-29.75910991720092,-27.41983619608052,28.537709249783127,53.0,0.0
C3,B,,0,,,202.40439313897602,12.117178580571286,-29.135282865730566,10.539180504282756,13.517778984320508,-33.227823222003394,-30.89168993630978,55.17956134443745,103.0,0.0
C3,F,,0,,,622.6979979986802,12.00956793632929,-29.52652535089554,10.975347685376795,12.936397554961761,-33.601701152270714,-30.79805292711398,42.62905982756989,155.0,0.0
C3_a45,A,,0,,,185.21500044028585,11.847508126976102,-24.121099474199863,9.885112752379314,12.216152329071308,-30.010790540114275,-27.673856050132883,26.95269934420613,55.0,0.0
C3_a45,B,,0,,,196.16219279216244,11.787291401339605,-29.119866476486816,10.125389589585755,12.96717307749792,-34.867014467458205,-29.949687830793142,52.74563030623787,106.0,0.0
C3_a45,F,,0,,,574.9301470344311,11.577150030897055,-29.27585444893119,10.267824940911966,12.42132867320447,-31.683001529502384,-30.526635468209008,40.40381714499543,158.0,0.0
C3_a55,A,,0,,,213.89578255904027,13.458554389608501,-23.414147768613535,11.579960324286146,13.881664073229057,-29.118803910340507,-26.855875238579728,30.089791939671606,52.0,0.0
C3_a55,B,,0,,,183.81795371901953,11.105916500187751,-29.60621883627087,9.543019164538972,12.648789852985912,-33.408074504273046,-30.523250474401525,58.0675770539588,96.0,0.0
C3_a55,F,,0,,,626.4422933754201,12.042216508313375,-30.219289137079098,11.164390849394445,13.109593601484207,-32.67903887407114,-31.503833935172032,44.77174215895792,145.0,0.0
C3_t05,A,,0,,,190.13322405318925,12.139057489668737,-23.733673185205806,10.230432498732027,12.514750982049957,-29.754430523225107,-27.415113309745315,27.941686209503835,54.0,0.0
C3_t05,B,,0,,,207.11002305876178,12.359818986097915,-29.135523070387286,11.418511891789613,13.711808676247689,-33.115229575084626,-30.746316891049375,54.68759487883471,103.0,0.0
C3_t05,F,,0,,,634.0714925192711,12.107978761907068,-29.473946943288727,11.02831474447515,13.009855507430487,-32.853098417253946,-30.561822480821547,42.24375800704011,155.0,0.0
C3_t10,A,,0,,,195.96375700335832,12.476023501678545,-24.120452486612376,10.474202340724755,13.070966832321535,-29.835212720226867,-27.49664633225169,29.02917896241065,53.0,0.0
C3_t10,B,,0,,,200.35257397669528,12.009780992433816,-29.40742775504776,10.215063542136019,13.335923789793489,-33.74504879847036,-30.91932551297066,56.207759889652294,103.0,0.0
C3_t10,F,,0,,,620.3304256292641,11.988906436813163,-29.731257018642133,10.869653629025041,12.946190010050815,-33.31744758513155,-32.22398958870336,43.59125052013579,154.0,0.0
C3_x80,A,,0,,,192.8964092618779,12.29988120539225,-24.044328622914428,10.453355883460185,12.77927872369099,-29.75910991720093,-27.419836196080492,28.95917948164883,53.0,0.0
C3_x80,B,,0,,,195.892105384342,11.772812281073541,-29.135282865730566,9.802595181256065,13.100963587528081,-32.670872125739606,-29.994199878242007,55.89932562352611,102.0,0.0
C3_x80,F,,0,,,610.6655676845947,11.90335456348638,-29.589414422876885,10.633909031392186,12.82569962853588,-33.37616308628768,-32.357811910948,43.15132637722574,154.0,0.0
C3_x120,A,,0,,,184.34760548873405,11.795366266869822,-24.044328622914414,9.797330686436615,12.168072448277051,-29.75910991720092,-27.41983619608052,28.04159430714951,53.0,0.0
C3_x120,B,,0,,,203.94354820268305,12.197106237206324,-29.146607409269638,10.605000342775499,13.622904987847594,-33.329039338419406,-30.76543713073816,54.885325250000136,103.0,0.0
C3_x120,F,,0,,,598.3267171220348,11.793077448431855,-29.3238450016926,10.67735328012733,12.745224155023049,-32.99756849940453,-30.529222427591606,42.24829960080356,155.0,0.0
C3_w25,A,,0,,,165.689463135704,10.616629648033326,-24.044328622914417,10.211122776090988,10.815353541088122,-29.75910991720092,-27.41983619608052,27.816780330596654,53.0,0.0
C3_w25,B,,0,,,202.30270497041155,12.111852107201038,-29.11594775820012,10.68277659705413,13.648963505969453,-31.838052253971625,-30.498135416127546,54.643128344211654,103.0,0.0
C3_w25,F,,0,,,567.0686738917109,11.502708563708119,-29.070522179826902,10.542762505131364,12.163812428432044,-31.848619633632758,-30.297574714868624,42.13596410340327,154.5,0.0
C3_w35,A,,0,,,187.24058849012047,11.968419590557545,-24.044328622914424,10.313267693901436,12.337105617479223,-29.75910991720092,-27.41983619608052,28.582839234276413,53.0,0.0
C3_w35,B,,0,,,209.47048504224048,12.479660522655866,-29.474413401420186,10.708722611515997,14.453755676705748,-35.81291681332647,-32.79575571342874,56.26124606323255,103.0,0.0
C3_w35,F,,0,,,670.3625612656062,12.41083271501886,-30.769259602203725,10.911060687573118,13.364108166782504,-33.79483658913467,-32.83726007646751,43.39755284959265,155.0,0.0
C3_sl60,A,,0,,,191.28864592910978,12.206567723301365,-24.045031929782247,10.224527739398601,12.61288669459435,-29.75980310414199,-27.420535825807924,28.711944734955086,54.0,0.0
C3_sl60,B,,0,,,183.93831656663338,11.112709091169116,-29.394775034116744,9.36753726855382,12.878041281341519,-33.90998616582937,-31.07564492721015,54.75197203428146,105.0,0.0
C3_sl60,F,,0,,,569.709844324687,11.527824902089169,-29.830612757558605,10.23893760288487,12.654207421376778,-35.008225928735826,-31.65353604090142,42.36316512851979,158.0,0.0
C3_slNone,A,,0,,,193.54036313783507,12.337079294817544,-24.044328622914417,10.437675413625861,12.699177359693985,-29.75910991720092,-27.41983619608052,28.537709249783127,53.0,0.0
C3_slNone,B,,0,,,204.64777633308856,12.23349199815239,-29.135282865730566,10.798978275832468,13.623126371597936,-32.80041800522105,-30.845916310278156,55.39614676757609,102.0,0.0
C3_slNone,F,,0,,,631.7931067494998,12.08839844624594,-29.569805647437263,10.977160718101873,13.087667066904471,-33.92435101800935,-30.79805292711398,42.71612912723434,155.0,0.0
C3_sl40,A,,0,,,176.61758693373991,11.320678450251254,-23.875573377209257,9.386886698386231,12.257245299360358,-28.5255548735597,-26.589454679471103,27.469469696351556,54.0,0.0
C3_sl40,B,,0,,,172.94310046603496,10.470421208681902,-29.223400775739027,9.054599564190854,11.668560449447995,-33.262771926632794,-31.300417244719263,51.57417864028477,118.0,0.0
C3_sl40,F,,0,,,505.9122043007167,10.887613936048835,-29.76292348679565,9.834801731834002,11.844194944193779,-34.08052569744461,-31.48778932976734,39.82071634666878,173.0,0.0
C4,A,,0,,,315.25245133202225,17.915414890122506,-25.801502373347585,16.49929630181885,19.75683523750857,-30.349014944329568,-28.092520544986566,40.9196367942467,43.0,0.0
C4,B,,0,,,163.34520311119678,9.878712619414332,-31.423847781896708,9.395233128680648,10.42770925644459,-35.4773344439645,-32.818690859817956,67.21382556548858,72.0,0.0
C4,F,,0,,,984.3779600932509,14.523909947345814,-33.419818884521874,13.788143607482043,15.40782767102304,-39.858029971891476,-35.94732105359177,55.56738227078644,122.0,0.0
C4_a80,A,,0,,,313.29398566676133,17.842445787936335,-25.795462178111727,16.51254487181499,19.625438422764745,-30.090860147959297,-28.117301328253415,40.416194494333915,43.0,0.0
C4_a80,B,,0,,,167.23743103959012,10.122373381219962,-31.47368816247196,9.26548449017661,11.172018103208394,-35.5816722977447,-33.3176163712817,67.5038503058771,78.0,0.0
C4_a80,F,,0,,,943.6176645031192,14.289383149417024,-36.768112114782056,13.48909239366121,15.129811557347717,-42.59050364833057,-38.90231897550683,54.284082221430985,128.0,0.0
C4_a120,A,,0,,,324.29205348578023,18.247011945387925,-27.268342996357585,16.753855350565644,19.992104559577957,-31.8098012698508,-29.321295072815808,42.00073838928324,38.0,0.0
C4_a120,B,,0,,,160.12005644516688,9.672793455140006,-31.557263962553773,9.161403618522733,10.385866506858914,-36.360916299176914,-33.1609177162553,67.9165126366809,69.0,0.0
C4_a120,F,,0,,,1036.4152775478042,14.81023870638074,-35.21359936633934,13.696353737383655,15.565437769081178,-40.822867698326945,-37.883634071146304,56.24733655709879,117.0,0.0
C4_t25,A,,0,,,276.5712540360995,16.39205360523609,-23.96593740775172,14.479988443364105,17.729047720262336,-29.664275069814572,-27.519912944078456,38.85875600943864,45.0,0.0
C4_t25,B,,0,,,169.90577792515128,10.286418432633814,-31.402170945037106,9.306192976629541,11.181846408771587,-34.793995995709636,-32.4866409239989,66.5925072642516,71.0,0.0
C4_t25,F,,0,,,855.8559916146755,13.749845127417103,-31.34430377335834,12.872464742588615,14.408782735440322,-34.262014839669575,-33.02146157455052,54.12853110669751,120.0,0.0
C4_t35,A,,0,,,280.5221836434614,16.556141411520787,-28.746177613354888,15.248997882377047,18.40149021201364,-33.68629555941665,-31.119686262730344,43.66431829925302,40.0,0.0
C4_t35,B,,0,,,146.62966380530662,8.768570355450489,-32.85536460159456,8.266410132649169,9.84544527083592,-36.33394171400044,-34.368314586451945,69.17663020507007,66.0,0.0
C4_t35,F,,0,,,876.4104107437328,13.880756874292388,-35.946050167924064,12.940859994682183,14.809199303774562,-42.306311534026555,-38.830549486879534,57.99326789187398,115.0,0.0
C4_sl60,A,,0,,,311.7424430170675,17.784348462343715,-25.93903730660202,16.401231050498097,19.6236553726052,-30.06352190737053,-28.114780718416625,41.1653538640781,44.0,0.0
C4_sl60,B,,0,,,148.61341570079307,8.906141305459636,-32.350802738521416,8.051460025171739,10.043368904593251,-35.324118666138325,-34.519443666304355,67.50215165559959,73.0,0.0
C4_sl60,F,,0,,,892.1481957648467,13.979063934867819,-34.15382413067196,13.17978237096121,14.820434730845744,-41.84666652406709,-36.72998888768827,55.70400458513072,125.0,0.0
C4_slNone,A,,0,,,315.25245133202225,17.915414890122506,-25.801502373347585,16.49929630181885,19.75683523750857,-30.349014944329568,-28.092520544986566,40.9196367942467,43.0,0.0
C4_slNone,B,,0,,,159.17058936087503,9.611455796910706,-31.42305505202931,8.74740433662752,10.329955907465168,-35.47572805029383,-32.817057682975474,67.44697940004392,70.0,0.0
C4_slNone,F,,0,,,984.550173175319,14.524848333288876,-33.41981888452188,13.817451497305907,15.40917839333332,-39.858029971891476,-35.94732105359177,55.68820891676819,121.0,0.0
C4_sl40,A,,0,,,305.1106125951752,17.533040568664447,-25.508269763684588,16.10611701594343,18.59630491846815,-30.172860291492086,-28.308504883910267,39.8666068630722,44.0,0.0
C4_sl40,B,,0,,,130.6840240469828,7.597018622723006,-32.44020645118446,6.596526552017626,8.732324041715005,-38.708535406404934,-35.751092702030434,67.92903550415069,92.0,0.0
C4_sl40,F,,0,,,782.2258035776073,13.254684242108949,-33.290791660848924,12.031747677727573,14.045270656589057,-38.031102154637495,-36.00401136430133,54.74242368351232,143.0,0.0
fx_tp40_sl70,A,,0,,,144.11241439216212,9.094144382549773,-20.418275782082457,8.393849451090965,9.869273714395835,-26.78304790937256,-24.71784678726561,21.613382391592552,58.0,0.0
fx_tp40_sl70,B,,0,,,177.02712928641728,10.713233950118228,-28.501990097524377,9.339812681024888,12.003554949611498,-31.33812155723016,-29.684579262589555,50.73546003321978,105.0,0.0
fx_tp40_sl70,F,,0,,,426.55556883924174,9.974284958610314,-28.34461840157977,9.275379165088307,10.54730798663481,-30.255778532004097,-29.857428233926814,36.79956843917789,161.0,0.0
fx_tp50_sl70,A,,0,,,152.18223065718803,9.686185598838815,-23.465600565679235,9.10849770141597,10.05338429294795,-29.654430626145167,-27.314183969347745,25.71048688193553,54.0,0.0
fx_tp50_sl70,B,,0,,,184.78620370816702,11.160828986145388,-28.609556365150983,9.889308344674763,12.482219670781102,-31.069911187922973,-29.566533411571825,53.523079293940356,103.0,0.0
fx_tp50_sl70,F,,0,,,471.1667115541086,10.505786706800569,-28.682069680687682,9.699672500040377,11.264044066819833,-30.42394493817654,-30.012835685062683,40.445544907770916,155.0,0.0
base,A,2012-01,0,,,128.4585519537438,7.8551505096417955,-13.49298090980483,7.367218633593868,7.899553368011411,-13.493636576673019,-13.493511140715409,17.034691122553294,56.0,3.0
base,F,2012-01,0,,,380.2031538933306,9.362746468659022,-26.780467548232938,8.795835951312212,9.973558466182556,-29.87394270599959,-29.269851096431314,31.633707000453278,181.5,3.0
base,B,2018-02,0,,,178.38052917217001,10.792572709224512,-23.00227610371846,9.692553665966967,11.623782176266868,-28.52622290201754,-25.383194434481982,43.889004718373755,113.5,2.0
base,F,2018-02,0,,,380.09362821878574,9.361218067926192,-23.522703448806602,8.660860082472684,10.075637651782428,-28.517405091765603,-25.61266301610331,32.56948903714642,171.0,2.0
base,B,2022-05,0,,,162.15022688143495,9.80284767885199,-26.828425658595755,8.569098899199156,10.831892147123808,-29.50769347379555,-29.488445792861356,43.91782910912138,122.0,0.0
base,F,2022-05,0,,,353.6760986139979,8.980006338811197,-27.701190488316346,8.354197643849393,9.561343012521398,-29.873996877551654,-29.507266771682296,32.64441376989385,181.0,0.0
base,B,2022-10,0,,,159.23032185939246,9.615324594949348,-26.81628433240249,8.659889591837794,10.43587302599365,-29.50769347379555,-29.488445792861356,42.50158937022219,121.0,0.0
base,F,2022-10,0,,,345.6094628577307,8.858183143075793,-27.701190488316346,8.349740056551877,9.45295017207604,-29.873996877551654,-29.507266771682296,31.970343807579493,179.0,0.0
base,B,2024-02,0,,,174.64414262795,10.57218595754682,-26.81628433240249,9.249507175242833,12.047734639981865,-29.50769347379555,-29.488445792861356,44.68346634359158,126.0,0.0
base,F,2024-02,0,,,385.39712336989686,9.434693883099177,-27.701190488316346,8.805796995775268,10.082768449980007,-29.873996877551654,-29.507266771682296,32.95490615149602,184.0,0.0
base,A,2012-01|2018-02|2022-05|2022-10|2024-02,0,,,128.4585519537438,7.8551505096417955,-13.49298090980483,7.367218633593868,7.899553368011411,-13.493636576673019,-13.493511140715409,17.034691122553294,56.0,3.0
base,A,,0,1.0,0.005,125.49404521353192,7.60526988653144,-18.496017196406545,6.821226918196979,8.406353779241801,-25.655179053005906,-24.172324160030985,21.05801597320246,58.0,0.0
base,A,,1,1.0,0.005,124.97950497133824,7.561373136389305,-18.424746307608498,6.882918385836301,8.524803925585918,-25.629248817180116,-24.008987524286283,21.32726822326305,58.0,0.0
base,B,2012-01|2018-02|2022-05|2022-10|2024-02,0,,,138.78390167174925,8.207348735747422,-22.356102129560902,7.630076311405527,9.024077665692943,-23.843582205383385,-23.73354157072961,39.24887882182349,105.0,3.0
base,B,,0,1.0,0.005,167.0255498291044,10.10923977921352,-26.097886460014326,8.79402830371257,11.396818260530447,-28.71813163963466,-28.495247731040457,45.583226257016044,125.0,0.0
base,B,,1,1.0,0.005,169.59118546016362,10.267241697065721,-26.53345399669287,9.065762063032716,11.533558112710212,-28.700597115019434,-28.518345774818055,45.73871976086015,125.0,0.0
base,F,2012-01|2018-02|2022-05|2022-10|2024-02,0,,,290.31603074336124,7.94212420559639,-22.453138884080204,7.725372675820208,8.251506780854527,-23.80270161439456,-23.74190979061387,28.479611864273153,161.0,6.0
base,F,,0,1.0,0.005,342.84369100691947,8.815805656964482,-26.72567551206015,8.387564809376599,9.627058924198668,-29.057901273554588,-28.71771871582085,33.72089581099429,183.0,0.0
base,F,,1,1.0,0.005,354.9968408888111,8.99970308444631,-27.151966222817077,8.49914154229188,9.706591264334365,-29.17413187492667,-28.700249037989433,33.86157193967091,183.0,0.0
C1,A,2012-01,0,,,151.47117736205774,9.6351714497119,-15.902107796570691,9.188019382218593,9.793994861309063,-16.89086286395164,-16.89038147227072,24.345776342431446,56.0,3.0
C1,F,2012-01,0,,,545.087293877196,11.289220540746037,-28.698602444741244,10.741977397307316,12.1098649872541,-30.81981951478484,-30.441445011045627,40.53922061546126,159.0,3.0
C1,B,2018-02,0,,,201.381334832706,12.063748267415875,-25.530059928506404,11.130461057132246,13.274833979350701,-30.020582057893265,-28.302700298330567,49.655375410909,96.0,2.0
C1,F,2018-02,0,,,538.8964025557005,11.227629669768346,-26.605607216191718,10.610657252924357,11.933070398355383,-30.900978909343902,-29.120448700622596,38.89226149571012,151.0,2.0
C1,B,2022-05,0,,,209.36887042975175,12.474499328698485,-29.37763326090137,10.954951793111881,13.634353586573896,-30.965649676111905,-29.992138324683616,54.2579068802036,102.0,0.0
C1,F,2022-05,0,,,538.211829595917,11.220715652520186,-28.96484171704854,10.408234321625683,11.991168097766616,-30.80642052082433,-30.13359235863148,41.62025223723414,154.0,0.0
C1,B,2022-10,0,,,209.24154327742252,12.468085278129703,-28.734599128340093,11.1215325312373,13.674831437426704,-31.209675233447033,-29.761090213882756,53.44753550302763,100.0,0.0
C1,F,2022-10,0,,,543.7658480996223,11.276079368281898,-29.01760426893933,10.368984879083676,11.902898060845402,-30.80642052082433,-30.13359235863148,41.293074491737855,152.0,0.0
C1,B,2024-02,0,,,216.6709149048551,12.837811671648492,-28.907697434059358,11.448709400969195,14.076416564841585,-30.911041350589088,-29.99164121778266,54.80745972894835,103.0,0.0
C1,F,2024-02,0,,,562.3316344666904,11.45725617306267,-28.904224299273835,10.501929942950413,12.186674241074073,-30.80642052082433,-30.35904727368234,41.794629113520855,155.5,0.0
C1,A,2012-01|2018-02|2022-05|2022-10|2024-02,0,,,151.47117736205774,9.6351714497119,-15.902107796570691,9.188019382218593,9.793994861309063,-16.89086286395164,-16.89038147227072,24.345776342431446,56.0,3.0
C1,A,,0,1.0,0.005,165.75410811717902,10.62091745582846,-24.063717336490875,10.037209627321515,11.162853042718016,-29.798932859990778,-27.45647230045262,27.082343504747886,53.0,0.0
C1,A,,1,1.0,0.005,164.02997283686184,10.506079924809208,-24.132495386080215,9.932536141543194,11.056234496126248,-29.86662947840939,-27.524934723673745,27.192197016150573,53.0,0.0
C1,B,2012-01|2018-02|2022-05|2022-10|2024-02,0,,,190.46491767682508,11.477810943376932,-24.978533089559356,10.402822581334739,12.44065156054879,-28.66823319831192,-27.06967388699671,46.78081223358138,92.0,2.0
C1,B,,0,1.0,0.005,189.948745204134,11.449353080322277,-29.094562087816005,10.226905068552847,12.814093992629939,-31.548882027702984,-30.387152190477106,56.12716998989053,99.0,0.0
C1,B,,1,1.0,0.005,190.0568471823819,11.45532188550834,-29.296071329761343,10.286142393858373,12.841343946229355,-31.799260926879057,-30.804002394440527,56.503999607266266,99.0,0.0
C1,F,2012-01|2018-02|2022-05|2022-10|2024-02,0,,,493.1267215009656,10.750112072827356,-25.4234235700937,10.135945754386258,11.172858045327185,-28.62452746671008,-26.664545730168015,36.517497606299386,150.0,5.0
C1,F,,0,1.0,0.005,527.7358600682478,11.114848907176212,-28.84144964543211,10.218289042467296,11.838524271529332,-31.060982571799546,-30.322654871270043,42.31536342876131,149.0,0.0
C1,F,,1,1.0,0.005,524.3001129084876,11.079656871730315,-29.23495677875322,10.289539687392717,11.784875063644476,-31.298447288034616,-30.558867411501993,42.43922772836901,149.0,0.0
C2,A,2012-01,0,,,137.15075202489527,8.558906432744672,-14.447935629929926,8.05966779396108,8.617079410002463,-15.187007698054423,-15.186706384554066,20.135077699922622,58.0,3.0
C2,F,2012-01,0,,,421.72454155407155,9.913582530055276,-27.369220565577844,9.270984553806912,10.403388090282668,-29.94561461187616,-29.53247357155588,33.67065050500382,181.0,3.0
C2,B,2018-02,0,,,186.5091682677682,11.257948765918046,-23.147694003513042,9.722764033415032,12.264246329029985,-28.824791789976867,-25.787467889605427,44.282878855534534,110.0,2.0
C2,F,2018-02,0,,,437.9072478847025,10.114385891074374,-24.629813436576498,9.26746540559891,10.829730245513586,-30.273577942451592,-27.00104670726857,34.251008022124054,165.0,2.0
C2,B,2022-05,0,,,167.427519185017,10.134089795785627,-27.305702758887147,9.346494597615381,11.022498641452499,-29.55163783247132,-29.53240969524742,44.69432473056925,119.5,0.0
C2,F,2022-05,0,,,390.0255562418471,9.497935367165978,-28.35127097533377,9.033166222780967,10.081887269681895,-29.918225316149936,-29.55121111617471,34.500711538685266,174.0,0.0
C2,B,2022-10,0,,,171.262664655241,10.369015503054936,-27.305471430237517,9.513263065494817,11.186935506982278,-29.55163783247132,-29.53240969524742,43.67656885884816,117.0,0.0
C2,F,2022-10,0,,,408.39150055784313,9.742535925356222,-28.35127097533377,9.237248419769237,10.317078644205457,-29.918225316149936,-29.55121111617471,33.90567213225032,172.0,0.0
C2,B,2024-02,0,,,184.75707908253335,11.159217524795896,-27.305471430237517,10.056905227091203,12.334746563539092,-29.55163783247132,-29.53240969524742,46.20783365900037,124.5,0.0
C2,F,2024-02,0,,,452.2670276637705,10.286745973635869,-28.35127097533377,9.639528123531635,10.809444014999151,-29.918225316149936,-29.55121111617471,35.10369994218095,179.0,0.0
C2,A,2012-01|2018-02|2022-05|2022-10|2024-02,0,,,137.15075202489527,8.558906432744672,-14.447935629929926,8.05966779396108,8.617079410002463,-15.187007698054423,-15.186706384554066,20.135077699922622,58.0,3.0
C2,A,,0,1.0,0.005,138.60310663177583,8.67255604312902,-23.617508335412847,8.120273889919265,9.613703370273512,-28.96182466272046,-26.747313065697494,23.679648752628086,55.0,0.0
C2,A,,1,1.0,0.005,140.76001348417495,8.839378254485663,-23.579172697305502,8.21731743788356,9.743210421614549,-28.935152615327254,-26.720295163042184,23.728193100971627,54.5,0.0
C2,B,2012-01|2018-02|2022-05|2022-10|2024-02,0,,,152.47619619231625,9.169325471542923,-22.356229672733914,8.208657128507738,9.695058373997792,-23.92319816395133,-23.80806427193514,39.37697180134849,104.0,3.0
C2,B,,0,1.0,0.005,170.08836544022307,10.297574326263813,-27.63257036634346,9.17538805228725,11.404515507037788,-29.93417897365105,-29.69621132128337,47.44259048351476,122.0,0.0
C2,B,,1,1.0,0.005,161.73932322445117,9.776645730859645,-27.977933601358735,8.895090706828764,10.992668035844291,-30.123022343363292,-29.923612103664716,47.58828762981846,121.0,0.0
C2,F,2012-01|2018-02|2022-05|2022-10|2024-02,0,,,336.49361661106076,8.717236598948574,-22.40887767445719,8.314147559383382,9.026713132472704,-23.98197737427512,-23.881774713413996,30.130023639111194,162.0,6.0
C2,F,,0,1.0,0.005,399.1612497479653,9.621005796596316,-28.189430892857242,9.07307343103884,10.23900963405954,-30.25662195058525,-29.930412310729558,35.98514298713651,177.0,0.0
C2,F,,1,1.0,0.005,392.6134823369653,9.533153041276766,-28.446426662217483,8.93434065157078,10.070899971418736,-30.581170542302804,-30.119789281590652,36.02433470720314,176.0,0.0
C3,A,2012-01,0,,,163.70151295340804,10.48407940526026,-15.18294560934198,10.068980432395394,10.636451445234666,-16.172648718129267,-16.17211583910376,24.582441550214856,56.0,3.0
C3,F,2012-01,0,,,552.3166705587595,11.360307142032578,-29.04413897839411,10.640184993228404,12.113564187315795,-31.09862290837223,-30.400504223970888,40.923012409508885,158.5,3.0
C3,B,2018-02,0,,,196.6155473358632,11.811578688175162,-27.988464687133323,10.94293181955605,12.555370635540248,-32.12512592539446,-30.425427426971662,49.822681028847235,97.0,2.0
C3,F,2018-02,0,,,611.4775874384817,11.910967685598795,-28.945603552762574,11.268518071707383,12.549064422398454,-33.237586669561956,-30.42148392616706,39.77534283187353,151.0,2.0
C3,B,2022-05,0,,,202.10761746487879,12.101703913606055,-29.11594775820012,10.312768753603134,13.054219161488914,-32.89270313975249,-30.069602306840764,54.418592544842035,103.0,0.0
C3,F,2022-05,0,,,620.0618649635866,11.986615199505547,-29.548053151756683,10.926015756492573,12.865958553947326,-31.758867008823856,-30.7418434553345,42.411945033077,155.0,0.0
C3,B,2022-10,0,,,198.98082201682445,11.937419344257538,-29.124048285331945,11.018349003700914,13.07489401356047,-31.846720221395465,-29.95637090756489,53.941929783569684,100.0,0.0
C3,F,2022-10,0,,,623.9270513098497,12.020320597644485,-29.52652535089554,10.951074681188175,12.718849059662052,-31.928577313956207,-30.7418434553345,42.03062573671653,153.0,0.0
C3,B,2024-02,0,,,205.19663033718396,12.261771277865153,-29.135282865730566,10.885805828855961,13.539005378649236,-33.227823222003394,-30.89168993630978,55.14607810349319,104.0,0.0
C3,F,2024-02,0,,,642.6321282891082,12.180867251315652,-29.52652535089554,10.994242374906788,13.041175427830353,-33.22138868020208,-30.79805292711398,42.65682441232921,155.5,0.0
C3,A,2012-01|2018-02|2022-05|2022-10|2024-02,0,,,163.70151295340804,10.48407940526026,-15.18294560934198,10.068980432395394,10.636451445234666,-16.172648718129267,-16.17211583910376,24.582441550214856,56.0,3.0
C3,A,,0,1.0,0.005,208.20819204505986,13.155227007649128,-23.980784223047134,11.214771585828828,13.551197774628996,-29.721278523303607,-27.377939514215697,28.987649681343363,53.0,0.0
C3,A,,1,1.0,0.005,200.30232719948427,12.72095006216114,-23.992827292293995,10.971362318976272,13.134750991172453,-29.740375696912956,-27.397252720879646,29.08278379231702,53.0,0.0
C3,B,2012-01|2018-02|2022-05|2022-10|2024-02,0,,,181.89882824628612,10.996313942853053,-26.10851659287651,9.869342131247857,11.685888323851808,-30.4072857209588,-29.062182404929803,46.72207785164688,93.0,2.0
C3,B,,0,1.0,0.005,181.73052534714088,10.98662485192694,-29.60559944201295,9.757053227084773,12.448308843542481,-32.60706176661545,-30.50218583554885,56.73851286998931,99.0,0.0
C3,B,,1,1.0,0.005,180.4631035826772,10.913605467638332,-29.48693477895194,9.84407482573149,12.090750666089289,-31.6898211194497,-30.58545467889472,56.761034800289046,98.5,0.0
C3,F,2012-01|2018-02|2022-05|2022-10|2024-02,0,,,501.74378569015136,10.843149973750698,-27.14122602866194,10.43087031746028,11.256611671467116,-30.79876744914536,-28.924322368921995,36.76050770444367,151.0,5.0
C3,F,,0,1.0,0.005,624.7050637678489,12.027131696020598,-29.850981579743134,10.93650995582676,12.782763769806014,-33.21499462059225,-32.23303448702065,43.6711956727989,149.0,0.0
C3,F,,1,1.0,0.005,586.3523507798698,11.683595073094367,-31.967201581680932,10.571489389570969,12.469938387441147,-36.03818545099347,-35.16209477474641,43.90283107263205,148.0,0.0
C4,A,2012-01,0,,,257.0407066799094,15.548433200942224,-21.4579059329822,15.460084964570001,15.704965983495677,-22.870682448332857,-22.87038395430496,40.21383321792478,49.0,2.0
C4,F,2012-01,0,,,784.2206831991474,13.268890895274444,-30.42886352918846,13.021958705769526,13.701126606235064,-33.973843188496424,-32.70569788785195,55.090533583216896,128.0,2.0
C4,B,2018-02,0,,,142.87646431315798,8.503537933137784,-27.33039444587495,7.1144363770110575,9.773652225288492,-31.552700494294406,-28.757175035471004,67.1005613993666,73.0,2.0
C4,F,2018-02,0,,,886.5546120420189,13.944324965206988,-31.0112062119931,12.95341477873583,14.927694642964617,-35.55177662475203,-33.42696033756467,55.27209539496742,122.0,1.0
C4,B,2022-05,0,,,166.11531883112374,10.052658298328543,-31.464181745982128,9.52139553030847,10.568825055141241,-33.9657222111959,-32.90334500368859,66.8290347349171,72.0,0.0
C4,F,2022-05,0,,,988.2180382714896,14.545524994607772,-33.68256219337713,13.838108813297758,15.458008117970062,-39.858029971891476,-35.94732105359177,55.44060687775488,122.0,0.0
C4,B,2022-10,0,,,162.01485936518955,9.794223368153299,-31.596616712975273,9.273273084864313,10.527778564756987,-35.58927056039399,-33.036571996066684,67.04930262711437,72.0,0.0
C4,F,2022-10,0,,,954.0305769059461,14.350199486787375,-33.53801368479081,13.764652467562188,15.103021453676671,-39.858029971891476,-35.94732105359177,55.53111042107929,121.0,0.0
C4,B,2024-02,0,,,163.09183045260806,9.862668482954739,-31.423847781896708,9.378337355256141,10.427711600417247,-35.4773344439645,-32.818690859817956,67.21371970135768,72.0,0.0
C4,F,2024-02,0,,,984.3779708567519,14.5239100071353,-33.419818884521874,13.85908483152062,15.40782643047081,-39.858029971891476,-35.94732105359177,55.56731662995571,122.0,0.0
C4,A,2012-01|2018-02|2022-05|2022-10|2024-02,0,,,257.0407066799094,15.548433200942224,-21.4579059329822,15.460084964570001,15.704965983495677,-22.870682448332857,-22.87038395430496,40.21383321792478,49.0,2.0
C4,A,,0,1.0,0.005,314.71067787382947,17.895286861884408,-27.04616144393166,16.633444634683926,19.658795310381443,-30.612220131365564,-28.853907115984583,41.154670759947244,43.0,0.0
C4,A,,1,1.0,0.005,303.0838781677789,17.455260168304232,-28.653778434245126,16.11383805165188,19.237095261892144,-34.109938040036845,-31.626784126294556,41.295954330535125,43.0,0.0
C4,B,2012-01|2018-02|2022-05|2022-10|2024-02,0,,,143.0930487407936,8.51905816958708,-26.807277584891764,7.643691999647633,9.482549753333,-29.761684842406165,-28.280214965260917,66.54347596811796,76.0,2.0
C4,B,,0,1.0,0.005,158.87571586861176,9.592339898474112,-31.550462091729642,9.065096537020114,10.129020975916905,-35.609907376573325,-32.927842794417316,67.21906955818919,72.0,0.0
C4,B,,1,1.0,0.005,155.41080959933603,9.365263390805056,-31.588812572088408,8.84746194921107,9.99288487665293,-36.560333409173616,-33.364733634661825,67.3351642831686,72.0,0.0
C4,F,2012-01|2018-02|2022-05|2022-10|2024-02,0,,,727.7028723152762,12.858956066978255,-27.798665674028513,12.412534320474125,13.489388437441981,-30.65309238316054,-29.164949634737162,54.02790384101694,130.0,3.0
C4,F,,0,1.0,0.005,888.7835883650448,13.95818627271781,-38.699373639188885,13.149250369995332,14.731669577666276,-43.791137634753376,-40.836622240809305,55.181952536669975,118.0,0.0
C4,F,,1,1.0,0.005,836.3137039418938,13.622562429753849,-40.71877423159067,12.830916892587943,14.573482319552125,-45.53321171062689,-43.21585711200978,55.37359863725509,118.0,0.0
