name,start,end,final,cagr,dd
base,2016-01-01,2018-12-31,54.46135878641659,-3.193368083836401,-26.81628433240248
base,2016-01-01,2019-12-31,69.23503249837437,3.6511811986352116,-26.816284332402486
base,2016-01-01,2020-12-31,79.73297171965204,5.858807323137061,-26.81628433240249
base,2016-01-01,2021-12-31,96.38627686423641,8.230532614901476,-26.81628433240249
base,2016-01-01,2022-12-31,109.20438766336888,8.945692625057777,-26.81628433240249
base,2016-01-01,2023-12-31,131.4350594454714,10.316904912929637,-26.81628433240249
base,2016-01-01,2024-12-31,132.67564780522397,9.224346192886568,-26.81628433240249
base,2016-01-01,2025-06-30,143.84883426466567,9.652585434897754,-26.81628433240249
base,2016-01-01,2025-12-31,155.60865512523478,10.006056282257958,-26.81628433240249
base,2006-01-04,2008-12-31,64.32238090517475,2.351832819549693,-10.697577703284743
base,2006-01-04,2010-12-31,80.54443365687828,6.077299292770311,-10.697577703284743
base,2006-01-04,2012-12-31,86.05740144446845,5.2932878819547335,-18.634671466934684
base,2006-01-04,2014-12-31,121.57390615698309,8.170807092635645,-18.634671466934684
base,2006-01-04,2015-06-12,127.1418192079101,8.282444003355549,-18.634671466934684
base,2006-01-04,2015-12-31,130.48127050545895,8.086649149592384,-18.634671466934684
base,2006-01-04,2018-12-31,116.59392143883517,5.250324172914644,-27.701190488316342
base,2006-01-04,2019-12-31,148.06509646884106,6.669612328489705,-27.701190488316342
base,2006-01-04,2020-12-31,170.68385024458476,7.2221221240793,-27.701190488316346
base,2006-01-04,2021-12-31,205.491401257962,8.002054441800844,-27.701190488316346
base,2006-01-04,2022-12-31,237.69336455102257,8.440787995926746,-27.701190488316346
base,2006-01-04,2023-12-31,288.66294051530326,9.127428894723078,-27.701190488316346
base,2006-01-04,2024-12-31,293.3238280953915,8.714596441493661,-27.701190488316346
base,2006-01-04,2025-06-30,320.24942221685706,8.973842193574722,-27.701190488316346
base,2006-01-04,2025-12-31,344.6074481324971,9.13756103700919,-27.701190488316346
C1,2016-01-01,2018-12-31,54.615786643950976,-3.1014948744573223,-28.66327583730035
C1,2016-01-01,2019-12-31,65.40829868018506,2.185576512028775,-28.663275837300343
C1,2016-01-01,2020-12-31,92.89268415225173,9.147252733794886,-28.663275837300358
C1,2016-01-01,2021-12-31,114.18356993510186,11.334192499284622,-28.66327583730036
C1,2016-01-01,2022-12-31,116.86489288983861,10.007510948830046,-28.66327583730036
C1,2016-01-01,2023-12-31,142.7359345764568,11.462393526272285,-28.66327583730036
C1,2016-01-01,2024-12-31,157.7657858608011,11.348144761986834,-28.805617588798476
C1,2016-01-01,2025-06-30,175.98190874501736,12.007273268073337,-28.805617588798476
C1,2016-01-01,2025-12-31,197.27892595246217,12.64925962574962,-28.805617588798476
C1,2006-01-04,2008-12-31,63.492893561131716,1.9088496108033204,-10.962458213560522
C1,2006-01-04,2010-12-31,81.71598399043312,6.384654328482087,-10.962458213560533
C1,2006-01-04,2012-12-31,82.05030073037621,4.577757258368809,-24.120452486612347
C1,2006-01-04,2014-12-31,131.65864981273543,9.133857512174547,-24.120452486612376
C1,2006-01-04,2015-06-12,155.3150879367522,10.603480866839643,-24.120452486612376
C1,2006-01-04,2015-12-31,157.5693207514608,10.146893377082344,-24.120452486612376
C1,2006-01-04,2018-12-31,139.55837993425695,6.717956164031014,-28.894294857654284
C1,2006-01-04,2019-12-31,169.7902380123111,7.718619253811488,-28.89429485765428
C1,2006-01-04,2020-12-31,241.61763179042953,9.736744101346451,-28.89429485765428
C1,2006-01-04,2021-12-31,296.1624602725815,10.499020970560125,-28.894294857654273
C1,2006-01-04,2022-12-31,306.86740643107083,10.083604376363485,-28.894294857654273
C1,2006-01-04,2023-12-31,374.17532625441225,10.713202105826758,-28.894294857654273
C1,2006-01-04,2024-12-31,403.0137818697923,10.548394729869582,-28.90422429927384
C1,2006-01-04,2025-06-30,459.28554492186083,11.008869326372373,-28.904224299273835
C1,2006-01-04,2025-12-31,510.2732210901776,11.301665311567621,-28.904224299273828
C2,2016-01-01,2018-12-31,55.25323091599826,-2.7239629319305347,-27.30547143023752
C2,2016-01-01,2019-12-31,67.05214627226724,2.822979480829857,-27.30547143023752
C2,2016-01-01,2020-12-31,77.89743303196018,5.366450235429698,-27.305471430237517
C2,2016-01-01,2021-12-31,93.08027213526884,7.602075162358457,-27.305471430237517
C2,2016-01-01,2022-12-31,103.8998589179381,8.17235217934289,-27.305471430237517
C2,2016-01-01,2023-12-31,131.7092385760824,10.345914102065535,-27.305471430237517
C2,2016-01-01,2024-12-31,137.90738401717095,9.694968293239015,-27.68202120324067
C2,2016-01-01,2025-06-30,152.82849502999179,10.354541149394713,-27.68202120324067
C2,2016-01-01,2025-12-31,165.76746517327334,10.704435705166226,-27.68202120324067
C2,2006-01-04,2008-12-31,63.86070662935091,2.1057507882402793,-10.697577703284743
C2,2006-01-04,2010-12-31,80.65864844395556,6.10742010813321,-10.697577703284743
C2,2006-01-04,2012-12-31,80.60117076423674,4.311595627426302,-23.512782740385944
C2,2006-01-04,2014-12-31,124.19149076095088,8.42745074120862,-23.512782740385973
C2,2006-01-04,2015-06-12,137.68572752772315,9.200436927393374,-23.512782740385973
C2,2006-01-04,2015-12-31,140.86786451103902,8.918491606648015,-23.512782740385973
C2,2006-01-04,2018-12-31,129.87121625311738,6.128261351105257,-28.35127097533377
C2,2006-01-04,2019-12-31,155.99185926592602,7.067986498809287,-28.35127097533377
C2,2006-01-04,2020-12-31,182.58940469216319,7.705480433530621,-28.35127097533377
C2,2006-01-04,2021-12-31,217.3581185701453,8.38195471379044,-28.35127097533377
C2,2006-01-04,2022-12-31,246.09653496267907,8.662774592399069,-28.35127097533377
C2,2006-01-04,2023-12-31,316.44468213794704,9.686414468493343,-28.35127097533377
C2,2006-01-04,2024-12-31,338.38500823051146,9.535689873531794,-28.5276909148589
C2,2006-01-04,2025-06-30,371.97773995824065,9.814354511584057,-28.5276909148589
C2,2006-01-04,2025-12-31,401.55797945793586,9.975718322903193,-28.5276909148589
C3,2016-01-01,2018-12-31,55.067629239619315,-2.8336028153395088,-28.148693228425063
C3,2016-01-01,2019-12-31,65.86238573156018,2.362833192375957,-28.14869322842506
C3,2016-01-01,2020-12-31,89.0256314210173,8.221867383016225,-28.14869322842507
C3,2016-01-01,2021-12-31,108.43346965943198,10.378444211982252,-28.14869322842507
C3,2016-01-01,2022-12-31,111.11297786219058,9.216096225974802,-28.14869322842507
C3,2016-01-01,2023-12-31,131.66878478061636,10.341677266776816,-28.14869322842507
C3,2016-01-01,2024-12-31,140.3643022692075,9.910654405714393,-29.135282865730574
C3,2016-01-01,2025-06-30,158.97514364365423,10.814056093990686,-29.135282865730574
C3,2016-01-01,2025-12-31,176.80806496870196,11.42103509713105,-29.135282865730566
C3,2006-01-04,2008-12-31,63.7976085550388,2.0720262849291293,-10.962458213560522
C3,2006-01-04,2010-12-31,81.67890060566864,6.3749797130875585,-10.962458213560533
C3,2006-01-04,2012-12-31,82.0859184672109,4.584248295850668,-24.044328622914424
C3,2006-01-04,2014-12-31,129.9130731938935,8.971980800823243,-24.044328622914424
C3,2006-01-04,2015-06-12,220.64372348939557,14.795698034890247,-24.044328622914424
C3,2006-01-04,2015-12-31,193.70197338215414,12.446798053267315,-24.044328622914417
C3,2006-01-04,2018-12-31,172.79829280618156,8.488605840716756,-29.047532755133883
C3,2006-01-04,2019-12-31,207.15314359357546,9.260936258957875,-29.047532755133883
C3,2006-01-04,2020-12-31,283.200581756075,10.905245895844217,-29.047532755133883
C3,2006-01-04,2021-12-31,341.8247113937371,11.494261250870652,-29.047532755133883
C3,2006-01-04,2022-12-31,352.0550538952875,10.977374885146718,-29.047532755133883
C3,2006-01-04,2023-12-31,418.8993697080961,11.410426626778492,-29.047532755133883
C3,2006-01-04,2024-12-31,446.5974560304137,11.14771792784881,-29.52652535089554
C3,2006-01-04,2025-06-30,495.93566027239615,11.447056925068289,-29.52652535089554
C3,2006-01-04,2025-12-31,547.6465643509407,11.695887534191929,-29.52652535089554
C4,2016-01-01,2018-12-31,53.46172732659562,-3.792483948458619,-31.01666769847299
C4,2016-01-01,2019-12-31,60.27446419881093,0.11439947178516485,-31.01666769847299
C4,2016-01-01,2020-12-31,77.11473342137937,5.153591438819383,-31.016667698472983
C4,2016-01-01,2021-12-31,101.82266591164576,9.22597306288484,-31.016667698472983
C4,2016-01-01,2022-12-31,90.34316049360274,6.030131749603019,-31.016667698472983
C4,2016-01-01,2023-12-31,103.5309539877656,7.069465149524357,-31.016667698472983
C4,2016-01-01,2024-12-31,106.93170011255904,6.635790626807491,-31.423847781896686
C4,2016-01-01,2025-06-30,132.80109689595284,8.733082893326138,-31.423847781896697
C4,2016-01-01,2025-12-31,154.3578003014267,9.917246417801673,-31.423847781896697
C4,2006-01-04,2008-12-31,63.4338290918299,1.8771599423486274,-10.962458213560522
C4,2006-01-04,2010-12-31,111.58156669003174,13.235945716698328,-16.48387749011141
C4,2006-01-04,2012-12-31,108.48655637517055,8.83924230970341,-23.942066066917523
C4,2006-01-04,2014-12-31,211.23568797788863,15.025784920712438,-23.942066066917526
C4,2006-01-04,2015-06-12,413.16889677211003,22.68554510622063,-23.942066066917526
C4,2006-01-04,2015-12-31,323.2347170138038,18.360493486639207,-25.801502373347585
C4,2006-01-04,2018-12-31,306.27485886043473,13.378343013719308,-33.41981888452187
C4,2006-01-04,2019-12-31,355.71485788375315,13.566066483284622,-33.41981888452187
C4,2006-01-04,2020-12-31,459.6102202482484,14.545686138131963,-33.419818884521874
C4,2006-01-04,2021-12-31,588.3981072916463,15.345763291457848,-33.41981888452187
C4,2006-01-04,2022-12-31,538.8779178178689,13.793418726592643,-33.41981888452187
C4,2006-01-04,2023-12-31,631.3520972589379,13.98087078188932,-33.41981888452187
C4,2006-01-04,2024-12-31,641.5506486258812,13.287908486150556,-33.41981888452187
C4,2006-01-04,2025-06-30,793.3435530252448,14.166427534786452,-33.419818884521874
C4,2006-01-04,2025-12-31,908.9241645310292,14.56265265244433,-33.419818884521874
