plan,ev,tier,real,cagr,dd,ddw,final,d,win
base,B,"orig(5,20)",False,10.506306184925919,-26.81628433240249,-29.50769347379555,173.5429669338437,0.0,0.0
base,B,"orig(5,20)",True,10.10923977921352,-26.097886460014326,-28.71813163963466,167.0255498291044,0.0,0.0
base,Bn,"orig(5,20)",False,10.57218595754682,-26.81628433240249,-29.50769347379555,174.64414262795,0.0,0.0
base,Bn,"orig(5,20)",True,10.121848222885655,-25.965924784421528,-28.71813163963466,167.22978886322272,0.0,0.0
base,B-4,"orig(5,20)",False,8.207348735747422,-22.356102129560902,-23.843582205383385,138.78390167174925,0.0,0.0
base,B-4,"orig(5,20)",True,8.355197311844753,-21.614598283661067,-23.545167163400727,140.81259894541512,0.0,0.0
base,A,"orig(5,20)",False,8.037349576315211,-18.634671466934684,-25.5590758297646,130.6599618059563,0.0,0.0
base,A,"orig(5,20)",True,7.60526988653144,-18.496017196406545,-25.655179053005906,125.49404521353192,0.0,0.0
base,A-1201,"orig(5,20)",False,7.8551505096417955,-13.49298090980483,-13.493636576673019,128.4585519537438,0.0,0.0
base,A-1201,"orig(5,20)",True,7.470059924093853,-13.89074081534134,-13.891410997047771,123.91527428912883,0.0,0.0
base,F,"orig(5,20)",False,9.396913078579871,-27.701190488316346,-29.873996877551654,382.6618471385981,0.0,0.0
base,F,"orig(5,20)",True,8.815805656964482,-26.72567551206015,-29.057901273554588,342.84369100691947,0.0,0.0
base,F-5,"orig(5,20)",False,7.94212420559639,-22.453138884080204,-23.80270161439456,290.31603074336124,0.0,0.0
base,F-5,"orig(5,20)",True,7.872209836152077,-21.959222361334607,-23.505236128702876,286.4614391160233,0.0,0.0
base,B2,"orig(5,20)",False,15.551558638307739,-23.265279800938494,-28.790765594359378,135.36851127903304,0.0,0.0
base,B2,"orig(5,20)",True,14.482011998050748,-22.59827289702233,-26.742145868346412,128.4649147910342,0.0,0.0
P1,B,"orig(5,20)",False,11.960241038445318,-27.547458905990307,-28.22212854337107,199.41253476621569,1.3009620312958048,93.75
P1,B,"orig(5,20)",True,10.626473811263304,-26.585925816777007,-27.632001614097202,175.5579420503487,0.5125507327552792,71.25
P1,Bn,"orig(5,20)",False,11.284548682317707,-27.547458905990307,-28.22212854337107,186.98373020685864,0.6575420945718946,76.25
P1,Bn,"orig(5,20)",True,10.189480619110025,-26.585925816777007,-27.632001614097202,168.32406612081428,0.05887081784450299,53.75
P1,B-4,"orig(5,20)",False,7.813214393851931,-23.14518383112522,-23.791622481555475,133.5027524363392,-0.2355668362204799,0.0
P1,B-4,"orig(5,20)",True,7.894290640029222,-22.01613411893136,-23.24710930219328,134.5737739851379,-0.26362811382313334,7.5
P1,A,"orig(5,20)",False,9.062970006509607,-14.28729810808504,-20.7680723864879,143.69834377878803,1.0220328354707875,91.25
P1,A,"orig(5,20)",True,8.333929180397492,-15.504069551964466,-23.432171288482053,134.31611141047924,0.6466278171397333,80.0
P1,A-1201,"orig(5,20)",False,7.8001346647580405,-11.46692961744234,-11.754936756985646,127.80042567892271,-0.05441911760710738,0.0
P1,A-1201,"orig(5,20)",True,7.4031938724792195,-11.994947379872572,-12.22370883330508,123.14130852999342,-0.06657317239020522,0.0
P1,F,"orig(5,20)",False,10.49507672497535,-27.51771830255102,-28.19990179453785,470.2240163102884,1.082679189982183,97.5
P1,F,"orig(5,20)",True,9.430653272799216,-26.59914999767463,-27.640416500019384,385.1032058954101,0.5408807426941609,86.25
P1,F-5,"orig(5,20)",False,7.774993868757852,-23.209082463104647,-23.791598034529304,281.1824487736885,-0.14449842383839062,0.0
P1,F-5,"orig(5,20)",True,7.62855443999253,-22.07575806564643,-23.22340106180496,273.4049229599816,-0.16482202912504462,0.0
P1,B2,"orig(5,20)",False,17.20453032910688,-21.728583450238247,-23.14825726470341,146.6360511333296,1.9185497766618043,86.25
P1,B2,"orig(5,20)",True,14.986749235953777,-21.491429560084413,-23.320953099534293,131.68581626206384,0.26825092640698767,58.75
L11,B,"orig(5,20)",False,11.35654787230138,-29.32798626707208,-32.29224735174026,188.27494868684403,0.8211335442857126,100.0
L11,B,"orig(5,20)",True,11.04918430470696,-28.5523607449311,-31.45683712757805,182.8227348667292,0.7614994394106067,98.75
L11,Bn,"orig(5,20)",False,11.383930893318883,-29.32719347341483,-32.29224735174026,188.76673677656643,0.8064458294668397,100.0
L11,Bn,"orig(5,20)",True,11.069248793291864,-28.405488306805122,-31.45683712757805,183.1735585013479,0.7721608058115947,100.0
L11,B-4,"orig(5,20)",False,8.817769860036629,-24.70117641344356,-26.15089058269383,147.3365228828414,0.6013239027385819,100.0
L11,B-4,"orig(5,20)",True,8.962282345019378,-23.691619780936758,-25.86171037593019,149.4298041864874,0.6078611999770667,100.0
L11,A,"orig(5,20)",False,8.474913390067462,-20.49619135898424,-28.058670759857584,136.08631418342733,0.5400792697206391,100.0
L11,A,"orig(5,20)",True,8.05790038433628,-20.364987731665362,-28.121407887066862,130.91043293202324,0.5142822435191485,100.0
L11,A-1201,"orig(5,20)",False,8.397189556315343,-14.916297676492285,-14.917087741139312,135.10778966726525,0.5420390466735481,100.0
L11,A-1201,"orig(5,20)",True,7.978586409529509,-15.360724580793484,-15.361532587237313,129.94627273534434,0.5085264854356564,100.0
L11,F,"orig(5,20)",False,10.089458370056391,-30.314871811986738,-32.71640883036058,435.86747798538136,0.7072278647019647,100.0
L11,F,"orig(5,20)",True,9.571772356030571,-29.270667220319496,-31.8425287116199,395.47904106209745,0.6670749279530597,100.0
L11,F-5,"orig(5,20)",False,8.505979171707079,-24.80284011068091,-26.150366414289007,323.25857210414347,0.5644755094883491,100.0
L11,F-5,"orig(5,20)",True,8.426605507677365,-24.122533856739064,-25.815430220450853,318.41521993692896,0.5547713493769146,100.0
L11,B2,"orig(5,20)",False,16.96866177326499,-25.217456203310373,-30.960461072183932,144.98283645188255,1.2598636686392495,98.75
L11,B2,"orig(5,20)",True,15.649773673636302,-24.604862202586435,-29.90591550468451,136.01744868059544,1.2024037052603687,100.0
P1+L11,B,"orig(5,20)",False,12.889979011538266,-30.036296157155434,-30.812826920017798,217.73827128809242,2.35588650176336,98.75
P1+L11,B,"orig(5,20)",True,11.418006202384301,-29.041627204895832,-30.10606951751358,189.38144823523928,1.2913740050202738,87.5
P1+L11,Bn,"orig(5,20)",False,12.238516617236094,-30.036296157155434,-30.812826920017798,204.7461473380531,1.5929424154716765,93.75
P1+L11,Bn,"orig(5,20)",True,10.97957623291389,-29.041627204895832,-30.10606951751358,181.60744293952047,0.8586377041772675,75.0
P1+L11,B-4,"orig(5,20)",False,8.365092017747255,-25.306778536213027,-25.974553258412193,140.94936334818186,0.33912670205255013,98.75
P1+L11,B-4,"orig(5,20)",True,8.46564671313833,-24.17392736516098,-25.205908602487114,142.3460406157751,0.27780260654676203,87.5
P1+L11,A,"orig(5,20)",False,9.75128555548791,-15.649343326767834,-22.68612037977189,153.09393415842712,1.7190526375740367,98.75
P1+L11,A,"orig(5,20)",True,8.902725893558372,-16.924592159830844,-25.51816946343114,141.5869475856848,1.2167145163448079,97.5
P1+L11,A-1201,"orig(5,20)",False,8.337240803329117,-12.629988137390031,-12.763883490019346,134.3574510635355,0.4835385763071187,100.0
P1+L11,A-1201,"orig(5,20)",True,7.9062004484357296,-13.058181013199032,-13.288206282600479,129.0719647964371,0.43645750070073763,100.0
P1+L11,F,"orig(5,20)",False,11.266172768356519,-29.994165875591595,-30.786683757294174,542.762150077478,1.9034768071219843,100.0
P1+L11,F,"orig(5,20)",True,10.131563127617515,-29.058038647116508,-30.116058251775623,439.31857465337106,1.2008680809729277,100.0
P1+L11,F-5,"orig(5,20)",False,8.328344888964267,-25.44242542072893,-25.974523722708376,312.51505598424126,0.43135098926236903,100.0
P1+L11,F-5,"orig(5,20)",True,8.143526532339507,-24.244021644139075,-25.147670629423335,301.6978445335341,0.3552934747349634,100.0
P1+L11,B2,"orig(5,20)",False,18.65271958128506,-23.681206334637373,-25.205294082193998,157.13104311854164,3.3074806014928737,100.0
P1+L11,B2,"orig(5,20)",True,16.222525305610137,-23.454517389171524,-25.406387944369303,139.8530577448639,1.7258373428741147,92.5
P2,B,"orig(5,20)",False,12.875725025759044,-32.59316098427503,-35.73854348961345,217.4461465024572,2.4217108423088662,97.5
P2,B,"orig(5,20)",True,11.698050040820252,-28.816679109572274,-34.831820198739315,194.5035636218287,1.5851015298793847,87.5
P2,Bn,"orig(5,20)",False,11.887781675425979,-32.59316098427503,-35.73854348961345,198.04478900596342,1.551104938215353,86.25
P2,Bn,"orig(5,20)",True,11.112205984544431,-28.816679109572274,-34.831820198739315,183.92825400790417,1.1037106069801017,75.0
P2,B-4,"orig(5,20)",False,8.325875021133001,-25.39745096100675,-25.451691544409393,140.40802224373283,0.23460708393535645,65.0
P2,B-4,"orig(5,20)",True,8.281387626830305,-23.108391514725053,-23.210504687916465,139.7962141452376,-0.03952675536025296,47.5
P2,A,"orig(5,20)",False,9.558142395017011,-16.215283231714693,-22.507022847825088,150.40321141139995,1.351194610262052,98.75
P2,A,"orig(5,20)",True,8.747659614454328,-17.610021553369055,-20.315695638359045,139.57042303627347,1.1831015060014827,96.25
P2,A-1201,"orig(5,20)",False,8.092639917766553,-15.66187666107321,-15.662536248161253,131.33468624522652,0.23862668312704116,100.0
P2,A-1201,"orig(5,20)",True,7.738889535031923,-15.64105840498634,-15.641719140473242,127.07135500076437,0.2704192316926757,100.0
P2,F,"orig(5,20)",False,11.279641930337835,-32.630407401566686,-35.64897224935427,544.1189904579711,1.9183012971760283,100.0
P2,F,"orig(5,20)",True,10.24110861978319,-30.719690304449344,-34.81564963342338,448.42425343467517,1.3452355130605387,100.0
P2,F-5,"orig(5,20)",False,8.236813520042407,-25.45094015087243,-25.451743573573594,307.1123973557734,0.30678407855803114,93.75
P2,F-5,"orig(5,20)",True,8.03380894757425,-23.108205807019765,-23.20946928627,295.4457477137181,0.2547459297193466,81.25
P2,B2,"orig(5,20)",False,19.120745969750818,-21.895369167413463,-24.455548816124097,160.65193777564062,3.6626731531435364,100.0
P2,B2,"orig(5,20)",True,16.81284370703777,-21.891302888276464,-25.1120449268857,143.8988277481806,2.263330806263575,93.75
C,B,"orig(5,20)",False,11.487570898769228,-29.830260056780066,-33.04079884704174,190.64287276802986,0.939497396856015,90.0
C,B,"orig(5,20)",True,10.830512561289286,-30.749930919763834,-34.429140831354054,179.03092049125306,0.7274048738079131,85.0
C,Bn,"orig(5,20)",False,11.57414098750592,-29.830260056780066,-33.04079884704174,192.22225921196815,0.9209676626421359,96.25
C,Bn,"orig(5,20)",True,10.953860065046484,-30.749930919763834,-34.429140831354054,181.16055488095614,0.8065401490258028,91.25
C,B-4,"orig(5,20)",False,8.687502151082427,-24.637330733580747,-25.241963636822582,145.47404711603764,0.48902887493176284,91.25
C,B-4,"orig(5,20)",True,8.887707488461526,-21.92263889561279,-23.964297612791498,148.3461691478516,0.4446969413549495,95.0
C,A,"orig(5,20)",False,8.308014933581687,-22.267863007850035,-28.928633623539703,133.99301631969763,0.2948228080779991,73.75
C,A,"orig(5,20)",True,7.865969906019776,-22.335146275260303,-28.931754314143642,128.58836519356802,0.2695405968918152,73.75
C,A-1201,"orig(5,20)",False,8.195980459810182,-15.599959004045644,-15.737788673723285,132.60420917296491,0.34161501671581274,100.0
C,A-1201,"orig(5,20)",True,7.803606843409494,-15.913326750707713,-16.086771009745604,127.84187160828553,0.3345220071301669,100.0
C,F,"orig(5,20)",False,10.016132035411173,-30.229550499053754,-33.041260671434536,429.91658676230367,0.6141749220905712,90.0
C,F,"orig(5,20)",True,9.374893223782077,-30.98655278387983,-34.42930253533273,381.07646539167365,0.4514634017908081,91.25
C,F-5,"orig(5,20)",False,8.41923787145702,-24.659472814245515,-25.242015651177972,317.9691063858874,0.4741233550609847,100.0
C,F-5,"orig(5,20)",True,8.306321836753195,-21.940123029044088,-23.958596671617016,311.2068364984723,0.5277593684320347,100.0
C,B2,"orig(5,20)",False,17.58359452340681,-23.367302171045466,-29.668930879780874,149.32568166417656,1.971573559146289,97.5
C,B2,"orig(5,20)",True,16.181392512077373,-23.002639419602016,-29.3651319666984,139.5746363487647,1.5852182160307038,93.75
base,B,"thr(5,15)",False,10.31767812049572,-26.81628433240249,-29.50769347379555,170.41768445030976,0.0,0.0
base,B,"thr(5,15)",True,9.87429853864038,-26.097886460014326,-28.71813163963466,163.27568190779564,0.0,0.0
base,Bn,"thr(5,15)",False,10.3648188819907,-26.81628433240249,-29.50769347379555,171.1935601830802,0.0,0.0
base,Bn,"thr(5,15)",True,9.86701392603917,-25.965924784421528,-28.71813163963466,163.16085518570017,0.0,0.0
base,A,"thr(5,15)",False,8.190647315988887,-13.952045488395065,-18.40252763494935,132.53849158776666,0.0,0.0
base,A,"thr(5,15)",True,7.775619905093734,-14.167482900457856,-18.491343727506482,127.50814996768506,0.0,0.0
base,F,"thr(5,15)",False,9.435865198277893,-27.701190488316346,-29.87399687755167,385.48177431937046,0.0,0.0
base,F,"thr(5,15)",True,8.829320959985942,-26.723928081539437,-29.057901273554577,343.72339128465046,0.0,0.0
P1,B,"thr(5,15)",False,11.07051946424914,-28.822781833110344,-29.21833114138582,183.195817008427,0.7872432624747017,73.75
P1,B,"thr(5,15)",True,9.617340899280979,-28.688441556620358,-29.262544108774925,159.26145108965457,-0.18331073149264743,42.5
P1,Bn,"thr(5,15)",False,10.552388869444085,-28.822781833110344,-29.21833114138582,174.31228246619054,0.06643438968301218,53.75
P1,Bn,"thr(5,15)",True,9.389227869362227,-28.688441556620358,-29.262544108774925,155.77331516362793,-0.6554953084075943,26.25
P1,A,"thr(5,15)",False,8.008103889150364,-20.49205314574148,-24.560475771223665,130.30432560604135,-0.17753351953575525,36.25
P1,A,"thr(5,15)",True,7.628014876190903,-19.921814159624084,-24.947034874768782,125.76120636669334,-0.18835884131165326,36.25
P1,F,"thr(5,15)",False,9.664807269246579,-28.709764318148924,-29.222533158271446,402.4662701875019,0.2727596842187263,65.0
P1,F,"thr(5,15)",True,8.749664301209659,-28.729018308590103,-29.286867216029677,338.57030951723726,-0.1842016167700744,42.5
L11,B,"thr(5,15)",False,11.13649285271121,-29.32798626707208,-32.29224735174026,184.35686333944997,0.7968392078663511,98.75
L11,B,"thr(5,15)",True,10.753714694018946,-28.5523607449311,-31.45683712757805,177.7168068511951,0.7331114418857587,98.75
L11,Bn,"thr(5,15)",False,11.210180466948705,-29.32719347341483,-32.29224735174026,185.6607326352649,0.7934189693148741,100.0
L11,Bn,"thr(5,15)",True,10.779062667882167,-28.51873420397071,-31.45683712757805,178.14937857938577,0.7861701897234563,100.0
L11,A,"thr(5,15)",False,8.765518576517506,-15.33396580285203,-20.240032386625916,139.8014027030945,0.5745429289223614,100.0
L11,A,"thr(5,15)",True,8.367083820467236,-15.608298347994081,-20.341253634419243,134.73051053682076,0.5375829295136136,100.0
L11,F,"thr(5,15)",False,10.099402074751652,-30.314871811986738,-32.716408830360564,436.6885083034186,0.7018868998705741,100.0
L11,F,"thr(5,15)",True,9.592748695610753,-29.270667220319517,-31.84252871161992,397.04385930985256,0.6574758975097073,100.0
P1+L11,B,"thr(5,15)",False,11.907959187677541,-31.68052467841488,-32.02930177735599,198.4247904211216,1.7075357629214305,95.0
P1+L11,B,"thr(5,15)",True,10.404329242302646,-31.33625062835649,-32.01303956111676,171.84611973397023,0.5360915483083817,76.25
P1+L11,Bn,"thr(5,15)",False,11.371210920535447,-31.68052467841488,-32.02930177735599,188.53805076104902,0.859202094034206,77.5
P1+L11,Bn,"thr(5,15)",True,10.048273711665912,-31.33625062835649,-32.01303956111676,166.0455070355582,0.11858337286873022,55.00000000000001
P1+L11,A,"thr(5,15)",False,8.597046387908636,-22.328819778809777,-26.759827959106087,137.6366496668387,0.42755183705943667,80.0
P1+L11,A,"thr(5,15)",True,8.151382917887895,-21.745800517433228,-27.170323166833874,132.05526247179523,0.31745389976177707,71.25
P1+L11,F,"thr(5,15)",False,10.44778489554946,-31.653743234793442,-31.992161267633534,466.0886642621109,0.9873064290516487,96.25
P1+L11,F,"thr(5,15)",True,9.425363913042373,-31.38356128126485,-32.02955183584246,384.7195696475413,0.448701763029713,85.0
P2,B,"thr(5,15)",False,11.836864678992898,-34.95241157146598,-36.35210367794882,197.08893805256187,1.4559483908079707,88.75
P2,B,"thr(5,15)",True,10.407390190138944,-34.370436736045654,-36.15232611977967,171.8968240233601,0.3249796532726279,66.25
P2,Bn,"thr(5,15)",False,11.028912110399759,-34.95241157146598,-36.35210367794882,182.46755580336546,0.6758779033796292,73.75
P2,Bn,"thr(5,15)",True,9.745781432214917,-34.370436736045654,-36.15232611977967,161.25655619827882,-0.17990228467399394,42.5
P2,A,"thr(5,15)",False,8.613290261968276,-20.47114097936768,-27.53500208219426,137.84400602387595,0.23075929787991223,67.5
P2,A,"thr(5,15)",True,8.10356377688951,-20.612165583172665,-26.7744674903621,131.4683824092458,0.06493525032980063,61.25000000000001
P2,F,"thr(5,15)",False,10.231036044289809,-35.038282566751086,-36.35958891537303,447.5794999418342,0.8427477160803165,96.25
P2,F,"thr(5,15)",True,9.139014968184823,-34.63365110384953,-36.13889602989689,364.4753008788248,0.2593248900575218,68.75
C,B,"thr(5,15)",False,11.194594380160016,-29.830260056780066,-33.04079884704174,185.38314149314286,1.0257827891104632,87.5
C,B,"thr(5,15)",True,10.547537842676046,-30.749930919763834,-34.429140831354054,174.23118199463067,0.7137088193569507,83.75
C,Bn,"thr(5,15)",False,11.345680286606274,-29.830260056780066,-33.04079884704174,188.07880920384233,0.9879003408237996,96.25
C,Bn,"thr(5,15)",True,10.689746805102473,-30.749930919763834,-34.429140831354054,176.62831686565494,0.7155586415169446,88.75
C,A,"thr(5,15)",False,8.48221458864532,-14.808965891308091,-19.418182485071465,136.17846433144302,0.291929538257496,100.0
C,A,"thr(5,15)",True,8.050018665935688,-15.183177223752399,-19.855457188428794,130.81429490614488,0.26742047031900196,100.0
C,F,"thr(5,15)",False,10.078287745053704,-30.229550499053744,-33.04126067143456,434.9563489528783,0.6040900984532027,98.75
C,F,"thr(5,15)",True,9.346329161309797,-30.98655278387984,-34.42930253533274,379.0284998717921,0.421821688673063,96.25
