plan,ev,tier,real,cagr,dd,d,win
base,B,"orig(5,20)",True,10.10923977921352,-26.097886460014326,0.0,0.0
base,Bn,"orig(5,20)",True,10.121848222885655,-25.965924784421528,0.0,0.0
base,B-4,"orig(5,20)",True,8.355197311844753,-21.614598283661067,0.0,0.0
base,B-18/24,"orig(5,20)",True,10.532974184402677,-21.637572695569013,0.0,0.0
base,A,"orig(5,20)",True,7.60526988653144,-18.496017196406545,0.0,0.0
base,A-1201,"orig(5,20)",True,7.470059924093853,-13.89074081534134,0.0,0.0
base,F,"orig(5,20)",True,8.815805656964482,-26.72567551206015,0.0,0.0
base,F-5,"orig(5,20)",True,7.872209836152077,-21.959222361334607,0.0,0.0
P1,B,"orig(5,20)",True,10.626473811263304,-26.585925816777007,0.5125507327552792,71.25
P1,Bn,"orig(5,20)",True,10.189480619110025,-26.585925816777007,0.05887081784450299,53.75
P1,B-4,"orig(5,20)",True,7.894290640029222,-22.01613411893136,-0.26362811382313334,7.5
P1,B-18/24,"orig(5,20)",True,10.175206191499198,-21.47197766551167,-0.31567073302940507,30.0
P1,A,"orig(5,20)",True,8.333929180397492,-15.504069551964466,0.6466278171397333,80.0
P1,A-1201,"orig(5,20)",True,7.4031938724792195,-11.994947379872572,-0.06657317239020522,0.0
P1,F,"orig(5,20)",True,9.430653272799216,-26.59914999767463,0.5408807426941609,86.25
P1,F-5,"orig(5,20)",True,7.62855443999253,-22.07575806564643,-0.16482202912504462,0.0
P2,B,"orig(5,20)",True,11.698050040820252,-28.816679109572274,1.5851015298793847,87.5
P2,Bn,"orig(5,20)",True,11.112205984544431,-28.816679109572274,1.1037106069801017,75.0
P2,B-4,"orig(5,20)",True,8.281387626830305,-23.108391514725053,-0.03952675536025296,47.5
P2,B-18/24,"orig(5,20)",True,10.898481014560046,-22.719005465533982,0.37300739086618684,67.5
P2,A,"orig(5,20)",True,8.747659614454328,-17.610021553369055,1.1831015060014827,96.25
P2,A-1201,"orig(5,20)",True,7.738889535031923,-15.64105840498634,0.2704192316926757,100.0
P2,F,"orig(5,20)",True,10.24110861978319,-30.719690304449344,1.3452355130605387,100.0
P2,F-5,"orig(5,20)",True,8.03380894757425,-23.108205807019765,0.2547459297193466,81.25
P3,B,"orig(5,20)",True,12.67901054293461,-30.440419846109197,2.6130714665882127,100.0
P3,Bn,"orig(5,20)",True,11.848542587662658,-30.440419846109197,1.7476239405881278,95.0
P3,B-4,"orig(5,20)",True,8.973900393436484,-31.58828895294076,0.6371117824747863,93.75
P3,B-18/24,"orig(5,20)",True,11.708186657392595,-31.58828895294076,1.172438168815293,95.0
P3,A,"orig(5,20)",True,29.503472165792655,-40.59228486309775,21.953175747431175,100.0
P3,A-1201,"orig(5,20)",True,27.828508792720097,-46.03296070400382,20.34802168582498,100.0
P3,F,"orig(5,20)",True,20.716470293444832,-40.6047219581997,11.805693258698845,100.0
P3,F-5,"orig(5,20)",True,17.783289779754842,-46.03296070400382,9.954630629181905,100.0
C,B,"orig(5,20)",True,10.830512561289286,-30.749930919763834,0.7274048738079131,85.0
C,Bn,"orig(5,20)",True,10.953860065046484,-30.749930919763834,0.8065401490258028,91.25
C,B-4,"orig(5,20)",True,8.887707488461526,-21.92263889561279,0.4446969413549495,95.0
C,B-18/24,"orig(5,20)",True,11.617911630829692,-23.529286447371174,1.129812678009301,100.0
C,A,"orig(5,20)",True,7.865969906019776,-22.335146275260303,0.2695405968918152,73.75
C,A-1201,"orig(5,20)",True,7.803606843409494,-15.913326750707713,0.3345220071301669,100.0
C,F,"orig(5,20)",True,9.374893223782077,-30.98655278387983,0.4514634017908081,91.25
C,F-5,"orig(5,20)",True,8.306321836753195,-21.940123029044088,0.5277593684320347,100.0
base,B,"thr(5,15)",True,9.87429853864038,-26.097886460014326,0.0,0.0
base,B,"thr(5,30)",True,9.73506325401896,-27.2644383712083,0.0,0.0
base,B,causal(prev+1),True,8.816332019224859,-27.592262276521712,0.0,0.0
base,Bn,"thr(5,15)",True,9.86701392603917,-25.965924784421528,0.0,0.0
base,Bn,"thr(5,30)",True,9.784080085979364,-27.26450203706254,0.0,0.0
base,Bn,causal(prev+1),True,9.095119964961606,-27.592198098541232,0.0,0.0
base,A,"thr(5,15)",True,7.775619905093734,-14.167482900457856,0.0,0.0
base,A,"thr(5,30)",True,7.60526988653144,-18.496017196406545,0.0,0.0
base,A,causal(prev+1),True,7.704096083351231,-17.810539041183134,0.0,0.0
base,F,"thr(5,15)",True,8.829320959985942,-26.723928081539437,0.0,0.0
base,F,"thr(5,30)",True,8.727968113055951,-27.264492135301143,0.0,0.0
base,F,causal(prev+1),True,8.103942722583968,-27.592340106313863,0.0,0.0
P1,B,"thr(5,15)",True,9.617340899280979,-28.688441556620358,-0.18331073149264743,42.5
P1,B,"thr(5,30)",True,10.227163282665986,-27.520259309623725,0.4986889688224694,78.75
P1,B,causal(prev+1),True,10.126434588243338,-31.309268373968457,1.1466095281447486,97.5
P1,Bn,"thr(5,15)",True,9.389227869362227,-28.688441556620358,-0.6554953084075943,26.25
P1,Bn,"thr(5,30)",True,9.721016453023456,-27.643780584136817,-0.12086565707842833,45.0
P1,Bn,causal(prev+1),True,8.802039614495127,-31.309268373968457,-0.27086598215094737,20.0
P1,A,"thr(5,15)",True,7.628014876190903,-19.921814159624084,-0.18835884131165326,36.25
P1,A,"thr(5,30)",True,8.42700818752775,-15.504069551964466,0.8427082524346874,88.75
P1,A,causal(prev+1),True,7.402460117077558,-21.28501780726134,-0.2695954077609586,0.0
P1,F,"thr(5,15)",True,8.749664301209659,-28.729018308590103,-0.1842016167700744,42.5
P1,F,"thr(5,30)",True,9.482013436825444,-27.93580943160411,0.6591796740683997,88.75
P1,F,causal(prev+1),True,8.79038306919191,-31.30601901250666,0.6048836301305149,95.0
P2,B,"thr(5,15)",True,10.407390190138944,-34.370436736045654,0.3249796532726279,66.25
P2,B,"thr(5,30)",True,11.771306622687128,-27.92834622973655,2.032445043658193,100.0
P2,B,causal(prev+1),True,11.181003552702318,-34.542541367519696,2.3225301761216066,100.0
P2,Bn,"thr(5,15)",True,9.745781432214917,-34.370436736045654,-0.17990228467399394,42.5
P2,Bn,"thr(5,30)",True,11.570935584147657,-28.09633763177158,1.4781316623409202,100.0
P2,Bn,causal(prev+1),True,9.598310011183496,-34.542541367519696,0.4347827377092939,78.75
P2,A,"thr(5,15)",True,8.10356377688951,-20.612165583172665,0.06493525032980063,61.25000000000001
P2,A,"thr(5,30)",True,8.887419588397073,-17.610021553369055,1.3099994470138987,100.0
P2,A,causal(prev+1),True,7.870401639325819,-21.297514795620774,0.1567904297803846,97.5
P2,F,"thr(5,15)",True,9.139014968184823,-34.63365110384953,0.2593248900575218,68.75
P2,F,"thr(5,30)",True,10.305129854600414,-29.313085704544285,1.5190377793438237,100.0
P2,F,causal(prev+1),True,9.558908354621288,-34.4999225031775,1.3480929663891583,100.0
P3,B,"thr(5,15)",True,11.552379228240383,-34.56223807525684,1.4640604857661943,92.5
P3,B,"thr(5,30)",True,12.664208882315364,-30.942352602112944,2.6869333698311126,100.0
P3,B,causal(prev+1),True,11.539587678484631,-35.70320333462254,2.6682987862438723,100.0
P3,Bn,"thr(5,15)",True,10.562617035862498,-34.56223807525684,0.5651480696339473,71.25
P3,Bn,"thr(5,30)",True,12.308064290711119,-30.989329046195007,2.3091251228730902,100.0
P3,Bn,causal(prev+1),True,9.825546441554089,-35.70320333462254,0.7148906832759816,90.0
P3,A,"thr(5,15)",True,29.121723970770873,-40.01273015822284,21.301953104929993,100.0
P3,A,"thr(5,30)",True,29.71149885573976,-40.59228486309775,22.123431721811105,100.0
P3,A,causal(prev+1),True,29.415372109023753,-38.610673886620425,21.70769634136639,100.0
P3,F,"thr(5,15)",True,19.764409960752438,-41.50365689567626,10.838619316392705,100.0
P3,F,"thr(5,30)",True,20.713184672125884,-40.67181172450384,11.845770772154241,100.0
P3,F,causal(prev+1),True,19.866690206914473,-42.42597047582752,11.72031191523849,100.0
C,B,"thr(5,15)",True,10.547537842676046,-30.749930919763834,0.7137088193569507,83.75
C,B,"thr(5,30)",True,10.830512561289286,-30.749930919763834,1.0512647378403295,88.75
C,B,causal(prev+1),True,9.78011997893542,-30.300571635928446,0.954713771251936,97.5
C,Bn,"thr(5,15)",True,10.689746805102473,-30.749930919763834,0.7155586415169446,88.75
C,Bn,"thr(5,30)",True,10.947614253968963,-30.749930919763834,1.1484394015574995,91.25
C,Bn,causal(prev+1),True,9.68944440266849,-30.300571635928446,0.5282098899724419,87.5
C,A,"thr(5,15)",True,8.050018665935688,-15.183177223752399,0.26742047031900196,100.0
C,A,"thr(5,30)",True,7.865969906019776,-22.335146275260303,0.2695405968918152,73.75
C,A,causal(prev+1),True,8.081208697828291,-19.10146345713529,0.38141171512806604,97.5
C,F,"thr(5,15)",True,9.346329161309797,-30.98655278387984,0.421821688673063,96.25
C,F,"thr(5,30)",True,9.353260450022372,-30.986717130469426,0.5629309052255338,96.25
C,F,causal(prev+1),True,8.858819001959928,-30.301194870912475,0.704780802661864,100.0
base,B-18/24,"orig(5,20)",False,10.720767577288303,-22.981333873249188,0.0,0.0
P1,B-18/24,"orig(5,20)",False,10.684945461707828,-22.82534375943196,-0.05535664383796712,47.5
P2,B-18/24,"orig(5,20)",False,11.551536596186008,-25.39745096100675,0.8290229033244279,91.25
P3,B-18/24,"orig(5,20)",False,13.254768784283055,-34.857592054636946,2.5470583674543135,100.0
C,B-18/24,"orig(5,20)",False,11.711749713736452,-24.966062271119423,1.0603775081188482,98.75
