cfg,win,drop,final,cagr,max_dd,cagr_p10,cagr_p90,dd_p10,avg_exposure,avg_idx,n_trades,n_idx_trades
base,A,none,1306599.618059563,0.08037349576315211,-0.18634671466934682,0.07222402324099712,0.08802095005847763,-0.24196701078311023,0.20357609004628158,0.0,58.0,0.0
base,B,none,1735429.669338437,0.10506306184925918,-0.2681628433240249,0.09065594620720038,0.11885554447892462,-0.29488445792861356,0.45623584673638395,0.0,125.0,0.0
base,F,none,3826618.471385981,0.09396913078579872,-0.27701190488316346,0.0875634136966112,0.10171054868091922,-0.29507266771682295,0.3330018233732518,0.0,184.0,0.0
base,A,2012-01,1284585.5195374382,0.07855150509641795,-0.1349298090980483,0.07367218633593868,0.07899553368011411,-0.13493511140715408,0.17034691122553294,0.0,56.0,0.0
base,F,2012-01,3802031.5389333055,0.09362746468659022,-0.2678046754823294,0.08795835951312211,0.09973558466182557,-0.29269851096431315,0.31633707000453276,0.0,181.5,0.0
base,B,2018-02,1783805.2917217002,0.10792572709224513,-0.2300227610371846,0.09692553665966967,0.11623782176266868,-0.2538319443448198,0.43889004718373753,0.0,113.5,0.0
base,F,2018-02,3800936.2821878577,0.09361218067926191,-0.23522703448806603,0.08660860082472684,0.10075637651782428,-0.2561266301610331,0.3256948903714642,0.0,171.0,0.0
base,B,2022-05,1621502.2688143495,0.09802847678851989,-0.26828425658595756,0.08569098899199157,0.10831892147123807,-0.29488445792861356,0.43917829109121376,0.0,122.0,0.0
base,F,2022-05,3536760.986139979,0.08980006338811197,-0.27701190488316346,0.08354197643849393,0.09561343012521398,-0.29507266771682295,0.32644413769893854,0.0,181.0,0.0
base,B,2022-10,1592303.2185939245,0.09615324594949348,-0.2681628433240249,0.08659889591837795,0.1043587302599365,-0.29488445792861356,0.4250158937022219,0.0,121.0,0.0
base,F,2022-10,3456094.628577307,0.08858183143075793,-0.27701190488316346,0.08349740056551877,0.0945295017207604,-0.29507266771682295,0.31970343807579493,0.0,179.0,0.0
base,B,2024-02,1746441.4262795,0.1057218595754682,-0.2681628433240249,0.09249507175242833,0.12047734639981865,-0.29488445792861356,0.4468346634359158,0.0,126.0,0.0
base,F,2024-02,3853971.233698969,0.09434693883099177,-0.27701190488316346,0.08805796995775268,0.10082768449980006,-0.29507266771682295,0.3295490615149602,0.0,184.0,0.0
300_always_r0,A,none,2947605.040960867,0.1713081749539347,-0.7121120422307131,0.16475049769507205,0.18038119362737132,-0.7121134288817828,0.20706312018957249,0.7925283830709754,57.0,113.0
300_always_r0,B,none,1847179.4534488698,0.1115699666106047,-0.3253822732254687,0.10043608179342356,0.12529384318198086,-0.33471881677123116,0.4514397769840825,0.5480643905417921,124.0,220.0
300_always_r0,F,none,11287287.023800693,0.15286072648027726,-0.7121120422307131,0.14739723032455007,0.1594100042687395,-0.7121134288817828,0.33259227577661016,0.6671628955624072,181.0,331.5
300_always_r0,A,2012-01,2868443.8329469683,0.16814498705602687,-0.7121120422307131,0.16337636490256163,0.16965592560931003,-0.7121134288817828,0.1732690945637452,0.8263224086975359,57.0,113.0
300_always_r0,F,2012-01,10699526.149158468,0.14987609708916982,-0.7121120422307131,0.14612954898366265,0.15547560339964284,-0.7121134288817828,0.31759002149588766,0.6821604451152796,181.0,330.5
300_always_r0,B,2018-02,1716300.2568165443,0.10391259772032291,-0.36233999359859054,0.09366220028447092,0.11183272143250872,-0.367724361156165,0.4387654350148288,0.560751384500114,114.0,200.0
300_always_r0,F,2018-02,10204007.406181782,0.14723605801083928,-0.7121120422307131,0.14231317435552554,0.15405475465175586,-0.7121134288817828,0.32611225138798017,0.6736388364940209,171.0,312.0
300_always_r0,B,2022-05,1788267.4898366444,0.10818614099491008,-0.3156638434409795,0.09791079027541982,0.11567454013051073,-0.3347079575235252,0.4378077907672302,0.5617168137887607,122.0,216.0
300_always_r0,F,2022-05,10602400.00463026,0.14936785428125532,-0.7121120422307131,0.1428194366585996,0.15459520737883514,-0.7121134288817828,0.3271537129388523,0.6725934860485661,179.0,327.5
300_always_r0,B,2022-10,1697213.9609431433,0.102751970295762,-0.3252268165208427,0.09363922389006082,0.11068229008875828,-0.3349589805990949,0.428310368309008,0.5712092526273725,120.0,212.0
300_always_r0,F,2022-10,10168747.229183514,0.14704357609867413,-0.7121120422307131,0.1431886462668722,0.15315334680000656,-0.7121134288817828,0.3191619636081981,0.6805846821103438,179.0,326.0
300_always_r0,B,2024-02,1894094.0385225313,0.11419548289158243,-0.3178440261271487,0.10287983544180239,0.12580622702309716,-0.33471283081820924,0.44425462724090087,0.5552632823317862,126.0,221.5
300_always_r0,F,2024-02,11456244.382037029,0.15369135506562814,-0.7121120422307131,0.14783275922750824,0.15920009307601374,-0.7121134288817828,0.32964796829702403,0.6701009672108907,182.0,333.0
300_always_r20,A,none,2834614.4644312486,0.166769201619699,-0.6619040037552707,0.15924063884237166,0.17500999858144478,-0.6619047697934266,0.20585055497293064,0.6158360389575588,57.0,91.0
300_always_r20,B,none,1872553.5801756284,0.11299739001560194,-0.29008684974725724,0.10288774896960089,0.12834119809139705,-0.3071542853450208,0.45427603925925625,0.3555237973255264,125.0,167.0
300_always_r20,F,none,10492231.80533782,0.14878612767664823,-0.6619040037552707,0.14305765747283491,0.154756571198609,-0.6619047697934266,0.3328677998213704,0.4825196002540012,182.5,257.5
300_ma120_r0,A,none,10177548.63145015,0.3247377431987132,-0.3253812098985675,0.3168648121031529,0.33502049342635787,-0.37045219274666025,0.20404574668642397,0.4600941977425592,57.0,101.5
300_ma120_r0,B,none,2110558.8920301255,0.12559456898710286,-0.28510447942491907,0.1154059172754293,0.141858477887946,-0.29697596848525176,0.45542958882624907,0.3372990592719699,124.5,195.0
300_ma120_r0,F,none,37322069.32407682,0.22166678939958973,-0.32852251721166353,0.21459506800576572,0.22893175596631163,-0.37045219274666025,0.3326836131471619,0.40015453231892534,183.0,297.0
300_ma120_r0,A,2012-01,9750437.927116059,0.3191083749058027,-0.34659896977569304,0.3134741600444604,0.3213136495113378,-0.3538816595038958,0.17783678623249327,0.4734560146771546,58.0,102.0
300_ma120_r0,F,2012-01,34392090.769570455,0.21683535143631583,-0.34659896977569304,0.21164601474321415,0.22421780889942,-0.3538816595038958,0.31989469776604945,0.4072707442981251,183.0,298.0
300_ma120_r0,B,2018-02,2039940.3610067745,0.12199718450898422,-0.2949009047244262,0.1110497678016698,0.1318796838434396,-0.3061446898350306,0.44093733789063094,0.34475621829178116,113.0,186.0
300_ma120_r0,F,2018-02,34320476.97139771,0.21671206038932123,-0.3309042570499046,0.20999563362589957,0.22619180340882908,-0.37045219274666025,0.3250110606362966,0.4014807892626602,169.0,288.0
300_ma120_r0,B,2022-05,1985580.8726624567,0.11915024963646459,-0.2853312471516552,0.10699171607947049,0.12726280157738398,-0.29674155428957993,0.44129240665613456,0.34393542309655,121.5,194.0
300_ma120_r0,F,2022-05,33412816.469171397,0.2151322241477852,-0.32852251721166353,0.20828862828813008,0.22143460970789774,-0.37045219274666025,0.327575343308276,0.4016993782522817,179.0,296.0
300_ma120_r0,B,2022-10,1939994.2346158153,0.11670779366024475,-0.2853308584423115,0.10789380868334959,0.12511648675726106,-0.29673866030865237,0.43090871444193785,0.34592068503085616,120.0,192.0
300_ma120_r0,F,2022-10,33496248.886212423,0.21527951947229806,-0.32852251721166353,0.21006369032684064,0.2206401474317219,-0.37045219274666025,0.3218266535246765,0.4030510165306923,178.5,295.0
300_ma120_r0,B,2024-02,2149962.6390694743,0.12755484646569748,-0.2853308584423115,0.1145688123208761,0.14046761458621965,-0.2967391075276162,0.44474207742578,0.3461185065843103,125.0,195.0
300_ma120_r0,F,2024-02,37310231.81314175,0.22164860149762267,-0.32852251721166353,0.21494393017656194,0.22794932530786866,-0.37045219274666025,0.32900305144646136,0.40284386481653855,183.0,297.0
300_ma120_r10,A,none,8925879.607742002,0.30758140336132855,-0.3007480873586531,0.30116696651362296,0.3187897284267682,-0.3430624180726187,0.20533999736082373,0.415293019078263,57.0,96.0
300_ma120_r10,B,none,2103502.2858964982,0.1252400658405991,-0.27899542302631036,0.11399144417287946,0.14038294613906707,-0.294914811160592,0.45671291046835544,0.2825776430823876,126.0,189.0
300_ma120_r10,F,none,32341019.47960596,0.21321372580765596,-0.30538641036207564,0.2070160088111001,0.22091131036954967,-0.3430624180726187,0.33521898381269116,0.34963201274636485,184.0,285.0
300_ma120_r20,A,none,7989593.984984674,0.29326692085928985,-0.29244327192225517,0.28506719197622044,0.30263879156581097,-0.31537191716587953,0.20447813729024147,0.3710227977451773,58.0,91.0
300_ma120_r20,B,none,2093845.143123795,0.1247531661451653,-0.27177884216211134,0.11283287565302078,0.1387754435542085,-0.2940134853721006,0.4558324036203404,0.23129225194330724,126.0,157.0
300_ma120_r20,F,none,28441844.17578589,0.20568174995690125,-0.2926265671660443,0.1994550602473198,0.21300453598939825,-0.31537191716587953,0.3345504549845858,0.3014280980570668,184.0,248.0
300_ma120_r20,A,2012-01,7615247.580124157,0.287116890058011,-0.29244331679070634,0.2814019989948009,0.2891403793887915,-0.2984298455087159,0.17684906428650107,0.38428599311921163,58.0,94.0
300_ma120_r20,F,2012-01,26656478.18546526,0.2018988281004871,-0.29244357038695024,0.19687252144016734,0.20829952211025515,-0.2984298455087159,0.319418569446532,0.30756733183306145,184.0,252.0
300_ma120_r20,B,2018-02,2047616.287050218,0.1223936031932239,-0.27604517653313315,0.11025443737960505,0.13074905591751193,-0.2872406835028842,0.4387327774569443,0.23811960964185985,113.0,160.0
300_ma120_r20,F,2018-02,26581279.600965504,0.2017338272767365,-0.29244361525540136,0.19462536820277127,0.21111068362563037,-0.31537191716587953,0.32544018749514014,0.3034716924614235,171.0,250.5
300_ma120_r20,B,2022-05,1940490.002488086,0.11673467723040054,-0.26747988272833817,0.10534471454837877,0.1234626522123126,-0.2940134853721006,0.44162729370384113,0.235355346590309,123.0,158.0
300_ma120_r20,F,2022-05,25853912.56424088,0.20011909167542608,-0.2926265671660443,0.19321855574831012,0.20551349885167305,-0.31537191716587953,0.3277098894285907,0.3020109824661896,181.0,247.0
300_ma120_r20,B,2022-10,1906594.877608159,0.11488517997941994,-0.267294938305808,0.10559218089376862,0.12262231261717015,-0.2940134853721006,0.4288945143506234,0.23867907405943511,121.5,157.0
300_ma120_r20,F,2022-10,25493134.02706986,0.19930162391381379,-0.2926265671660443,0.19478097607602202,0.20511462392289895,-0.31537191716587953,0.3207798132739746,0.3040255957922452,180.0,248.0
300_ma120_r20,B,2024-02,2096930.5626097103,0.12490896629711279,-0.27177884216211134,0.11194308300006987,0.13941388603006194,-0.2940134853721006,0.44936123379513865,0.23669853729737939,127.0,161.0
300_ma120_r20,F,2024-02,28577248.10631643,0.20595936628199363,-0.2926265671660443,0.19991729073333486,0.21189402111468864,-0.31537191716587953,0.3304215104008984,0.302865013221299,185.0,251.0
300_ma150_r20,A,none,7500606.968203157,0.2851789883129505,-0.29101357313069465,0.2762662515402657,0.2938761913816702,-0.2933604127401416,0.20416870301561912,0.3803527789541079,58.0,74.0
300_ma150_r20,B,none,2068142.7435178382,0.12344721983707863,-0.2752034760199311,0.11166627345489322,0.13757007049260592,-0.29426050080153693,0.45744153562232887,0.23744950205800813,126.0,141.0
300_ma150_r20,F,none,26326919.528854482,0.20117426969986096,-0.33421663112906885,0.19514192724673055,0.20836042220047163,-0.35825606175002417,0.3344802973488693,0.3091733138005144,184.0,215.0
300_ma200h3_r0,A,none,9576504.614795994,0.31675180010920034,-0.3150199611250806,0.3087377000310821,0.3285157903019983,-0.3202468946258318,0.20495757638001771,0.46941880431997884,58.0,39.0
300_ma200h3_r0,B,none,2197047.33522226,0.12985476458322265,-0.2811862955535133,0.11977235850746101,0.14520319487464123,-0.3028583532847944,0.4568007108316968,0.3507970038667466,125.0,124.0
300_ma200h3_r0,F,none,36390066.249196105,0.22017051365305818,-0.32410801792638383,0.21369079269796518,0.2277273525138071,-0.33954230541734465,0.33408710554633814,0.4107048846018321,184.0,164.0
300_ma200h3_r20,A,none,7648731.263893623,0.2876779254538815,-0.2949630999109979,0.2774526070645198,0.2975610799873669,-0.29496457525885655,0.20404840845896294,0.3854778221488244,58.0,31.0
300_ma200h3_r20,B,none,2131841.322453916,0.12665748641234875,-0.268320873474155,0.11504974236192884,0.14142358231578195,-0.29362360136591936,0.45608777418501645,0.23933245560547922,126.0,100.5
300_ma200h3_r20,F,none,27737123.17076505,0.20421618035766065,-0.2949642778575835,0.19787792844977692,0.21156528005001352,-0.298218942895236,0.33429459581866083,0.31161186417750153,185.0,132.0
300_ma200h3_r20,A,2012-01,7383759.9030451495,0.2831761414211893,-0.2949630598570071,0.2767680231997381,0.2838129220051886,-0.294964535204866,0.17156989905127681,0.3891693977098645,56.0,34.0
300_ma200h3_r20,F,2012-01,26601487.03206329,0.2017784943028046,-0.2949642378035928,0.19647144671770206,0.2073653329499097,-0.297859564739889,0.31759971814093046,0.31390016696122885,182.0,136.0
300_ma200h3_r20,B,2018-02,2075205.481600002,0.12380755031935975,-0.2781908990389496,0.11217632692510396,0.1319697143347558,-0.28929303827277014,0.4380339468827992,0.2499791992573832,113.5,92.0
300_ma200h3_r20,F,2018-02,25955520.25211906,0.20034699191497396,-0.2997148232509858,0.19256652465290922,0.2089093481008401,-0.3095389809332756,0.3255463581682302,0.31624458329735305,171.0,123.0
300_ma200h3_r20,B,2022-05,2017145.8844051468,0.12081186724826543,-0.2680389863934394,0.10918396699430573,0.1281023058575354,-0.29362360136591936,0.44154117889120204,0.24194608459059652,123.0,101.0
300_ma200h3_r20,F,2022-05,25372857.69500179,0.1990269036488812,-0.2949642778575835,0.19177040186289268,0.20511306615145203,-0.298218942895236,0.32748397634986215,0.31184746370060956,181.0,131.5
300_ma200h3_r20,B,2022-10,1932187.9863731754,0.11628441741423978,-0.26796810721465836,0.10665178987430049,0.12447053871069025,-0.29362360136591936,0.4282468419966036,0.24445882920840684,121.5,100.5
300_ma200h3_r20,F,2022-10,24488453.017427556,0.19696670093315716,-0.2949642778575835,0.191843462774243,0.20392904256888228,-0.298218942895236,0.3208348118051739,0.31430081466596904,180.0,131.0
300_ma200h3_r20,B,2024-02,2150722.0601986395,0.12759233375039403,-0.26847206486501834,0.11473505160575077,0.14316733892897573,-0.29362360136591936,0.44957785083960955,0.24347082940710607,127.0,103.0
300_ma200h3_r20,F,2024-02,27675503.161517657,0.20408648716834588,-0.2949642778575835,0.1980854164690382,0.21106226524429955,-0.298218942895236,0.3305198086775512,0.3135531798699731,185.0,133.0
300_ma250h3_r0,A,none,5928534.671691611,0.25550008354231024,-0.38832128705274266,0.24773289339145035,0.2667185887956811,-0.4228195482272599,0.20525162680176176,0.48336820966931304,58.0,42.0
300_ma250h3_r0,B,none,2298761.3601934444,0.13467491927326558,-0.28535966758557124,0.12286357842822274,0.1489025370275554,-0.3071173855182744,0.4573459029724567,0.33098984310135093,125.0,124.0
300_ma250h3_r0,F,none,23285912.538939275,0.19404869718029027,-0.4188246390773335,0.1877491855563828,0.2021846061495822,-0.43138499732722957,0.33360757183099743,0.407104397255302,184.0,166.0
300_ma250h3_r0,A,2012-01,5827783.462890377,0.25336435342210717,-0.39227693458596735,0.24734029061845753,0.2539130358515818,-0.39228065332238693,0.1726067524888527,0.48815157278750754,56.0,43.0
300_ma250h3_r0,F,2012-01,22471806.351747993,0.19199068631374205,-0.39625823126287635,0.18620604358634177,0.19755033265161745,-0.4283665322582276,0.31718498999576245,0.41007603229633577,182.0,168.0
300_ma250h3_r0,B,2018-02,2157548.4740427975,0.1279284222010505,-0.3143481951586638,0.11609728792271241,0.1366890112910108,-0.3249250846643256,0.44072531604439746,0.3469982926799573,113.0,110.0
300_ma250h3_r0,F,2018-02,21172557.301744595,0.18855450370928528,-0.4387601441213542,0.18070476383460604,0.1975983497948275,-0.4473569946691039,0.3265301510014606,0.4146770802256393,171.0,152.0
300_ma250h3_r0,B,2022-05,2159046.6301130545,0.1280020516689313,-0.2801022996952638,0.11738162433144861,0.13599147674386286,-0.3071394934437988,0.4408550722321553,0.3341873694715747,122.0,124.0
300_ma250h3_r0,F,2022-05,21359528.128926154,0.18906099499146467,-0.4188246390773335,0.18232014400532498,0.19430393914742566,-0.43138499732722957,0.3269187583174375,0.40803217233388595,180.0,166.0
300_ma250h3_r0,B,2022-10,2061892.4028047668,0.1231271121513059,-0.2800976368981742,0.1141509615577951,0.13217262151173512,-0.3071173855182744,0.42837305463261893,0.3307776929242216,121.0,123.0
300_ma250h3_r0,F,2022-10,20682747.705934186,0.18720676995529162,-0.4188246390773335,0.18214408230326093,0.19251980245252573,-0.43138499732722957,0.3209321038950007,0.40676655282634155,180.0,165.0
300_ma250h3_r0,B,2024-02,2305670.378644977,0.1349952101604549,-0.2851842903273282,0.12196630069257,0.1498003295467349,-0.3071173855182744,0.4479516582221663,0.33552341698322063,126.0,125.0
300_ma250h3_r0,F,2024-02,23440345.688311532,0.19443134353546088,-0.4188246390773335,0.18840315481744882,0.20074872034196786,-0.43138499732722957,0.3299350507686244,0.4092664059092651,184.5,167.0
300_ma120_r0_lag1,A,none,8348639.1208961755,0.298926279818612,-0.3992983390117608,0.29016177724285497,0.30866474938755406,-0.4393412121396538,0.20407641863089773,0.46118982068733816,57.5,102.0
300_ma120_r0_lag1,B,none,2047163.4539766079,0.1223698746757369,-0.2864412446334911,0.11014864123149379,0.13823874345699882,-0.3229280708638627,0.4560334770252875,0.33757480457198896,125.0,192.0
300_ma120_r0_lag1,F,none,29133633.546694968,0.2070870898421031,-0.3992983390117608,0.20104289989680008,0.21448600834033754,-0.4393412121396538,0.3335973787376475,0.401094625291732,183.0,293.0
300_ma120_r20_lag1,A,none,6883884.167749949,0.2742719125969335,-0.32845947399390363,0.26600766544417687,0.28344855163974797,-0.3720450372488774,0.20461980299056998,0.3714791022807439,58.0,91.5
300_ma120_r20_lag1,B,none,2047007.1254694979,0.12236217067872901,-0.2707722986983775,0.111500191863743,0.13659664136366653,-0.30086787387398317,0.4565851433649553,0.23252650587188622,125.0,157.0
300_ma120_r20_lag1,F,none,24077315.33218921,0.1959846207193936,-0.3331523745766673,0.18965181384108867,0.20287598347352248,-0.3720450372488774,0.33441949765513,0.3018225128388194,184.0,246.0
300_ma120_r0_monthly,A,none,6655604.113839979,0.27001021506719114,-0.4427555975930619,0.2624330745655806,0.27848250916588424,-0.44277291839083427,0.20684158429122734,0.44503221564945505,57.0,61.0
300_ma120_r0_monthly,B,none,1734641.3133803157,0.10501679623718863,-0.29103517749288665,0.09334370493761646,0.12199652734814713,-0.3158567436623687,0.4554701356908779,0.3485024299541609,124.5,138.0
300_ma120_r0_monthly,F,none,23978436.511404533,0.1957460725843152,-0.442201344388001,0.18922659626594132,0.20207564759780133,-0.4452446344339429,0.33362597048212317,0.39489769905913674,183.0,197.0
300_ma120_r20_monthly,A,none,5921383.045362188,0.25534964220081335,-0.36013469336423226,0.247831390426632,0.26470705544761436,-0.36237727274045867,0.20515277540866134,0.3621975714708024,58.0,49.0
300_ma120_r20_monthly,B,none,1828413.9991011715,0.11050289730852503,-0.2836007973435564,0.09841372891763293,0.1247118871397277,-0.2939283051989553,0.45591540653933704,0.2410748407811895,126.0,114.0
300_ma120_r20_monthly,F,none,21546688.30243096,0.18956410532198742,-0.3695523254588944,0.18347766111333685,0.1967551492793528,-0.39268906086861993,0.33357180151191373,0.29986737155692095,184.0,162.0
300_ma120_r0_fee3,A,none,9303577.683698399,0.31297554453505516,-0.35537331632653124,0.3053087251619654,0.3230792485920906,-0.39910756579790246,0.20433728723530614,0.4601340199054109,57.0,101.0
300_ma120_r0_fee3,B,none,1886267.3235394876,0.11376136301338247,-0.28662325546431433,0.10190218266226674,0.1298207934078866,-0.30449913337202905,0.457048188498481,0.3358972832574719,124.0,195.0
300_ma120_r0_fee3,F,none,30123247.86126519,0.20904306730670985,-0.3563362067758457,0.2026918281912913,0.21609844933831776,-0.39910756579790246,0.3339645137139541,0.4000023246313196,182.0,296.0
300_ma120_r0_band3,A,none,10122448.69802138,0.32402377455864295,-0.3211010843799594,0.31664814384952367,0.3352460111584043,-0.365466183737085,0.2052924203250189,0.4583535592651225,57.0,87.0
300_ma120_r0_band3,B,none,2128858.0191710526,0.12650908484195578,-0.2846365473702456,0.11613134702327974,0.1421955908864977,-0.29697596848525176,0.4548059275975367,0.33488029676982645,125.0,173.0
300_ma120_r0_band3,F,none,37386515.6874076,0.2217695635673177,-0.3247699207824357,0.21482554391978204,0.22894082565274937,-0.365466183737085,0.33230585919341393,0.39818851670150557,183.0,261.0
300_ma120_r0_band0,A,none,10177548.631439852,0.32473774319858006,-0.3253812098985675,0.31686481210294715,0.3350204934261444,-0.37045219274666025,0.20404574668646103,0.4601258925959862,57.0,104.5
300_ma120_r0_band0,B,none,2111802.6376199867,0.12565694585481402,-0.2851048582081382,0.11546914600587602,0.14191905517968512,-0.2969759684877595,0.4554267546418499,0.3373908956107322,124.5,222.0
300_ma120_r0_band0,F,none,37344027.25490291,0.22170161708024072,-0.3285225172114918,0.21462992023117947,0.22896578996501074,-0.37045219274666025,0.3326821308447687,0.40020003681067506,183.0,327.0
852_ma60_r0,A,none,18067896.687455386,0.4024593022217622,-0.28586882802763847,0.3938791190253299,0.41331029078199355,-0.30764385349111173,0.20299880310998375,0.5130546658635542,57.0,152.5
852_ma60_r0,B,none,1203872.9719901187,0.06769591951269671,-0.3529997139294707,0.056291551554890004,0.0791402463905928,-0.37817708503689884,0.46085987485775337,0.25897235543923247,124.0,240.5
852_ma60_r0,F,none,36806541.7836376,0.2208439089427503,-0.4883027607032059,0.2155366348649802,0.2292416610644201,-0.505440776775126,0.3348767838150444,0.3845686514596657,182.0,394.0
852_ma60_r0,A,2012-01,17399824.27817458,0.39722047159016316,-0.2858688280276386,0.3918272041067792,0.39836975973120453,-0.29349430804874976,0.17699810288718631,0.5256755881532678,58.0,155.0
852_ma60_r0,F,2012-01,35572949.69534059,0.21882813716510285,-0.485221474552569,0.2128191060675439,0.22393464765843882,-0.5073604550801063,0.31971845892624395,0.39188557023509163,182.0,396.0
852_ma60_r0,B,2018-02,1117506.5931860642,0.06024571280611124,-0.39531135564093867,0.04936467571089,0.07104168809545966,-0.4002999883337559,0.44956639162476014,0.26046610651420926,114.0,232.0
852_ma60_r0,F,2018-02,33643930.87917769,0.21553873378206312,-0.5177517400462047,0.20964786180943856,0.22384648739098495,-0.5235064264385213,0.32842701656504314,0.385928958072429,171.0,384.0
852_ma60_r0,B,2022-05,1163722.801626136,0.0642949776093823,-0.3529997139294707,0.05348795767650798,0.07142930395931127,-0.37817708503689884,0.4425105497510901,0.2696999578507555,121.0,238.0
852_ma60_r0,F,2022-05,35449405.004397556,0.21862270449579913,-0.4883027607032059,0.2117205093490308,0.22325184098415493,-0.505440776775126,0.32677814671153593,0.3890507330978342,178.0,391.0
852_ma60_r0,B,2022-10,1071019.4826133626,0.05601666735751587,-0.3529997139294707,0.04806031672769571,0.0625780418275252,-0.37817708503689884,0.43042588948901267,0.2698918232221949,120.0,237.0
852_ma60_r0,F,2022-10,32702821.28667826,0.213868192753204,-0.4883027607032059,0.20836645316799546,0.21958198981058,-0.505440776775126,0.3204633894388601,0.38988447396575276,177.0,391.0
852_ma60_r0,B,2024-02,1207774.8011397014,0.06802105868056141,-0.3529997139294707,0.057195474919467706,0.07947427788526865,-0.37817708503689884,0.451653347608459,0.2646445920813962,124.0,241.0
852_ma60_r0,F,2024-02,37257134.07913368,0.2215641953435934,-0.4883027607032059,0.2153312270341506,0.22764469975968699,-0.505440776775126,0.33010013048414627,0.38707936007556565,182.0,393.5
g2000_ma40_r0,A,none,17069938.450134587,0.39456643790546264,-0.4399351416856475,0.38747582893366755,0.40497332602003955,-0.43993631533424227,0.2023247344837867,0.5082178401538633,58.0,207.0
g2000_ma40_r0,B,none,1527555.1091373838,0.09188114785278367,-0.3812331360020867,0.07961238471878893,0.10424339184772152,-0.4093349199526593,0.45203063429326107,0.27445416612946194,124.0,263.0
g2000_ma40_r0,F,none,44666633.52056767,0.2323520320243705,-0.4399351416856475,0.22591224097874787,0.24143042742404794,-0.43993631533424227,0.32927011404167944,0.39074410762812173,182.0,471.0
