kind,start,cfg,final,cagr,max_dd,avg_idx
toend,2006,base,3686040.2741897507,0.09198591915800303,-0.26687761153829825,0.0
toend,2006,300_always_r0,11241018.381209072,0.15262534847144626,-0.7121131052636094,0.6625917337572433
toend,2006,300_always_r20,9959934.103420468,0.14589035439622966,-0.6619045912737933,0.47778435044014045
toend,2006,300_ma120,36059895.50566987,0.21962690629305026,-0.32568436910269777,0.39698196738345914
toend,2006,300_ma200,28074221.563559342,0.20492164463916673,-0.3540897949106127,0.409520548098949
toend,2006,300_ma250,24196517.15579242,0.1962707603775522,-0.3844785974070817,0.41595653728536663
toend,2006,300_ma120_lag1,28541743.243679762,0.20588663951498454,-0.39282603547603084,0.3976924577069267
toend,2006,905_ma120,19089100.71940405,0.182601255155029,-0.6029168613079214,0.41338813901593546
toend,2006,852_ma120,20188811.26161674,0.18581656381770484,-0.6221829857802489,0.4033982320097239
toend,2006,g2000_ma120,20277857.43344767,0.18606916411872831,-0.643816152184372,0.42052812763078523
toend,2006,g2000_ma60,34141375.82881473,0.2164037992679707,-0.47221114737042846,0.39441429831199043
toend,2007,base,3620864.709420188,0.09589224471222979,-0.26687761153829836,0.0
toend,2007,300_always_r0,5119579.667368935,0.11539417931664708,-0.7121131052636094,0.6455516264302307
toend,2007,300_always_r20,4961928.065651857,0.11362418305532518,-0.6464214660085816,0.45473657241273724
toend,2007,300_ma120,16423023.393225634,0.1836311613519095,-0.32568436910269777,0.3665277876138476
toend,2007,300_ma200,12786049.183432583,0.16863801425589497,-0.3540897949106131,0.3796996034409118
toend,2007,300_ma250,11452513.931540556,0.16209891200014603,-0.38447859740708207,0.38792751915581364
toend,2007,300_ma120_lag1,12998976.020346183,0.16962161581218527,-0.392826035476031,0.3672741597830729
toend,2007,905_ma120,10142245.680643715,0.15492864845470555,-0.6029168613079212,0.38460074201317784
toend,2007,852_ma120,12156094.867086269,0.1656341013905439,-0.6221829857802488,0.37452542687861407
toend,2007,g2000_ma120,12209711.382605717,0.16589504509916997,-0.6438161521843723,0.39252043248389074
toend,2007,g2000_ma60,21492830.295846336,0.19996947778147245,-0.4722111473704282,0.36990756023428495
toend,2008,base,3557189.270158939,0.1002088148390805,-0.2668776115382983,0.0
toend,2008,300_always_r0,1936918.0269200115,0.0648963447581189,-0.7057139702691553,0.6279099736509415
toend,2008,300_always_r20,2379316.7820867305,0.07672195964655426,-0.6006288703471538,0.4285671527914573
toend,2008,300_ma120,7239980.156347984,0.14296740392737373,-0.3256843691026975,0.33467342218394713
toend,2008,300_ma200,4907970.958121792,0.11937697871745045,-0.3540897949106128,0.34656214296247934
toend,2008,300_ma250,4396088.656245598,0.11278048842477895,-0.3844785974070819,0.3552296073756165
toend,2008,300_ma120_lag1,5377848.868031394,0.12488191043579167,-0.39282603547603107,0.3354596667736917
toend,2008,905_ma120,3879532.437997536,0.10534192156901079,-0.6029168613079212,0.3585683754717184
toend,2008,852_ma120,4262059.936860811,0.11093355704517582,-0.6221829857802488,0.3475133194403414
toend,2008,g2000_ma120,4280858.474158196,0.1111955204502807,-0.6438161521843722,0.36646964764086676
toend,2008,g2000_ma60,7542555.491629951,0.1454860994254652,-0.472211147370428,0.34927127537262864
toend,2009,base,2903933.9313729694,0.09358632302087988,-0.28586676679471557,0.0
toend,2009,300_always_r0,4604954.938538649,0.1225693521795772,-0.4616126948219019,0.6220257774751132
toend,2009,300_always_r20,4568055.871713289,0.12201764247512636,-0.4040792332409938,0.43453760686425347
toend,2009,300_ma120,6580932.30678351,0.14553597432980814,-0.36150330593004176,0.3551080610053476
toend,2009,300_ma200,5043883.375288758,0.12838289725760554,-0.3774951193144782,0.3633567726225796
toend,2009,300_ma250,4338889.6357978685,0.11878297648920899,-0.39226742586747243,0.36969562852411153
toend,2009,300_ma120_lag1,5192104.586404491,0.13023671180883656,-0.4299130351596726,0.35477626361524417
toend,2009,905_ma120,4194480.378039845,0.11663848568021085,-0.6189085763540594,0.37459352757759246
toend,2009,852_ma120,4453909.941291049,0.12044485371852953,-0.6364385693647455,0.36286378049588563
toend,2009,g2000_ma120,4511052.702344297,0.12124274720590078,-0.6597058611684221,0.385404251623761
toend,2009,g2000_ma60,7790686.526252366,0.15655900025004232,-0.492225873020211,0.36099654023915206
toend,2010,base,2852726.786771771,0.09828946142190387,-0.28586676679471534,0.0
toend,2010,300_always_r0,2452724.702797481,0.08835670573098764,-0.4606297725520286,0.599197631362224
toend,2010,300_always_r20,2722491.278141046,0.09516671410971278,-0.3701990790583898,0.4014909297457399
toend,2010,300_ma120,4457236.37759066,0.12815589332040445,-0.3101045963314006,0.32259478548190823
toend,2010,300_ma200,3316413.038242047,0.10828132701871984,-0.35009951026560604,0.3365397064146364
toend,2010,300_ma250,3302492.4946005447,0.10799821339338977,-0.3814447199080695,0.3464792258904193
toend,2010,300_ma120_lag1,3531399.117377363,0.11247332104090146,-0.36704776282183305,0.32249047359596683
toend,2010,905_ma120,2283377.878515516,0.08368393738936719,-0.6189085763540594,0.340286800035249
toend,2010,852_ma120,2384805.817229334,0.08651783473738883,-0.6364385693647452,0.32735357317930047
toend,2010,g2000_ma120,2407270.7658413025,0.08711752749445345,-0.6597058611684223,0.3512553994941069
toend,2010,g2000_ma60,3709553.8613873096,0.11577100001954788,-0.49222587302021115,0.32958147979815045
toend,2011,base,2802285.64515891,0.10363210116855714,-0.2858667667947154,0.0
toend,2011,300_always_r0,2718437.57087568,0.10148890405970468,-0.4606297725520287,0.5736594077681372
toend,2011,300_always_r20,2938083.3211727096,0.10693458804114508,-0.370185969260701,0.3782815445291842
toend,2011,300_ma120,4535067.328205774,0.13814682117956356,-0.3101045963314003,0.3197164121503184
toend,2011,300_ma200,3816346.8629860533,0.12565680517803302,-0.3437659139942777,0.3334966861282599
toend,2011,300_ma250,3774952.135685687,0.12486862878861538,-0.3790828823561179,0.33617063522835544
toend,2011,300_ma120_lag1,3845314.3675246416,0.1261994756853284,-0.3670477628218331,0.31960545374610483
toend,2011,905_ma120,2171873.1859881273,0.08578294283418753,-0.6189085763540592,0.3164188183629294
toend,2011,852_ma120,2048516.6879852014,0.08172643255929024,-0.6364385693647453,0.30108173660989307
toend,2011,g2000_ma120,1940815.108995815,0.07798144887808778,-0.6597058611684221,0.3254533475398084
toend,2011,g2000_ma60,3081552.020404345,0.11035839876402032,-0.4922258730202112,0.3055579721918187
toend,2012,base,2863437.9885597005,0.1127287581380284,-0.26758641703196173,0.0
toend,2012,300_always_r0,3843249.3984741163,0.1353356119416136,-0.4606330975959294,0.5498129687931599
toend,2012,300_always_r20,4026884.9118005345,0.13896638197912936,-0.37018878701322855,0.3590706718081912
toend,2012,300_ma120,4950137.846856613,0.15514985298999628,-0.2766277640824011,0.32439471661694996
toend,2012,300_ma200,4411784.708241868,0.14609273137121515,-0.3150457224815847,0.3347166914785198
toend,2012,300_ma250,4594654.553664675,0.1492798132272407,-0.3509061696470756,0.3358494888903453
toend,2012,300_ma120_lag1,4475160.439462177,0.14721311264967563,-0.33404711060829556,0.3266169224324591
toend,2012,905_ma120,2420306.9377501355,0.10001708298297018,-0.6008085558013784,0.3205244684077285
toend,2012,852_ma120,2323221.756912198,0.09694350692782927,-0.6200974489061045,0.3014403728160878
toend,2012,g2000_ma120,2334705.7893048893,0.0973131102860243,-0.6435311026264916,0.3280880316673894
toend,2012,g2000_ma60,3751126.0200002566,0.13345804010803608,-0.4699638281343972,0.30416930982261686
toend,2013,base,2092546.339223668,0.09598943808393823,-0.2893435233120983,0.0
toend,2013,300_always_r0,2764257.8177962857,0.11860697749653026,-0.4605782795948175,0.6275371064464134
toend,2013,300_always_r20,2784990.570345933,0.11921917603325127,-0.37017961960643336,0.4355484576295258
toend,2013,300_ma120,3444144.38118282,0.1368019998881066,-0.3155986407311732,0.37255707491293766
toend,2013,300_ma200,3105577.795206678,0.12820376306910253,-0.3489984142425111,0.3840610564893062
toend,2013,300_ma250,3164835.0564151397,0.12976917322648118,-0.38299431268978334,0.3866992592334648
toend,2013,300_ma120_lag1,3159029.342724438,0.12961728187321986,-0.37207395338510874,0.37297263458341934
toend,2013,905_ma120,2018344.6879098585,0.09308930010997696,-0.6246896062536423,0.38307539827478293
toend,2013,852_ma120,2208960.8293554215,0.10035179253562121,-0.6390652958819556,0.3704294276931136
toend,2013,g2000_ma120,2234175.767804482,0.10126796730491416,-0.6612149800185423,0.39913622572285556
toend,2013,g2000_ma60,3241482.1763114147,0.1317548999606779,-0.4963831000649659,0.3625608804311333
toend,2014,base,1995638.7079983042,0.0997807798848408,-0.2686741834713793,0.0
toend,2014,300_always_r0,2986815.659240062,0.1354447717527747,-0.4612473568035813,0.6197957584883078
toend,2014,300_always_r20,2911820.4963713894,0.13316559231395397,-0.3832488740740597,0.4284549244163955
toend,2014,300_ma120,4054963.5065796636,0.1632551930808952,-0.28883916791029063,0.36365519219069314
toend,2014,300_ma200,3598398.917364355,0.1523134831249311,-0.3235094281787422,0.38380796850027743
toend,2014,300_ma250,3607557.61873277,0.15254550501024222,-0.362082592849525,0.3852820293757946
toend,2014,300_ma120_lag1,3655930.844016239,0.1537599959925019,-0.34548380613789387,0.363617378817816
toend,2014,905_ma120,1958869.2826669144,0.0981673400218952,-0.6092628649088803,0.36339736093972663
toend,2014,852_ma120,1868376.9362036737,0.09406411890933686,-0.6262086040744642,0.3454249636625007
toend,2014,g2000_ma120,1852402.1452698368,0.09331045355459877,-0.6488504324918231,0.3765943929378688
toend,2014,g2000_ma60,3228065.012875226,0.14244765180875407,-0.47971912751591567,0.3484926834251175
toend,2015,base,1872382.895966863,0.10282303440470919,-0.2676555694082327,0.0
toend,2015,300_always_r0,1808274.2935224115,0.0995209925724091,-0.4612473568035814,0.5924049773058799
toend,2015,300_always_r20,1936904.0241333272,0.10604104330527486,-0.38112090315941194,0.39758217550064545
toend,2015,300_ma120,2345593.719693371,0.12440010334417573,-0.2769888071286245,0.35744335347866746
toend,2015,300_ma200,2111994.3913297025,0.11429836567192031,-0.3157992061639039,0.3796767114229598
toend,2015,300_ma250,2192881.195132805,0.11790845361101587,-0.3527039283692149,0.37968408080149363
toend,2015,300_ma120_lag1,2131405.821475464,0.11518086893828161,-0.33592020765273867,0.358652572672985
toend,2015,905_ma120,1382064.9659245387,0.07439560410317636,-0.6035628905372092,0.3301363026159402
toend,2015,852_ma120,1395579.799119628,0.07529697983053951,-0.6207582307910762,0.30072672427214975
toend,2015,g2000_ma120,1318560.3410605695,0.0700602101185347,-0.6449621205796605,0.3302385647368057
toend,2015,g2000_ma60,2274856.9562545707,0.12144530550735777,-0.4720459854279995,0.31306820653190726
toend,2016,base,1722407.9733791377,0.10428140439510358,-0.2848366619213874,0.0
toend,2016,300_always_r0,1828651.9524730318,0.11051645813425093,-0.3233759781665193,0.5465746138712948
toend,2016,300_always_r20,1825223.7302541633,0.11031895429568139,-0.29057273230190367,0.35637713685328665
toend,2016,300_ma120,2077043.4839362805,0.12390104571107241,-0.2853312471516552,0.33669232069530675
toend,2016,300_ma200,1952306.464264331,0.11737238235889269,-0.28817576542904544,0.35083876241898926
toend,2016,300_ma250,2091905.4175134916,0.12464788638178859,-0.2930804648905918,0.3489171900266138
toend,2016,300_ma120_lag1,2000715.3755441583,0.11994653935255373,-0.3071079261955327,0.3369062940787126
toend,2016,905_ma120,1260344.5049678506,0.07230993216792858,-0.30661329642904755,0.3025781294195962
toend,2016,852_ma120,997509.9410898489,0.04897335544202064,-0.32240973618752833,0.2644327557914302
toend,2016,g2000_ma120,925917.2296260591,0.04165105456559126,-0.37596970879257,0.2935045886931288
toend,2016,g2000_ma60,1106167.589852373,0.05922516437769665,-0.37467137643148907,0.2769450950046558
toend,2017,base,1781738.687178273,0.11963500099298607,-0.27224360673442904,0.0
toend,2017,300_always_r0,1956001.5540273273,0.13053351425458193,-0.3223998512317461,0.5129039173334426
toend,2017,300_always_r20,1957516.7609757173,0.13061723311543993,-0.28882022727058154,0.32019382438364763
toend,2017,300_ma120,2105038.9669161118,0.13917737518560824,-0.27396102688322416,0.32814183981096046
toend,2017,300_ma200,2038100.8597555393,0.13537108805149545,-0.2796979209587865,0.35363037118717716
toend,2017,300_ma250,2271609.821051513,0.14822578928618668,-0.2816723286230629,0.3575277958095626
toend,2017,300_ma120_lag1,2033490.1665700348,0.13510287907881158,-0.28360345174178564,0.3254721752118499
toend,2017,905_ma120,1269266.502549754,0.08089642576933298,-0.2756886600598501,0.289416987236061
toend,2017,852_ma120,1213318.4093512478,0.07584568426847393,-0.2998684493120363,0.24223477576069538
toend,2017,g2000_ma120,1156780.602868782,0.070531975533635,-0.29583452592902393,0.2685734402931846
toend,2017,g2000_ma60,1357718.7176341484,0.08848082938362933,-0.2844196889633299,0.24283960308248814
toend,2018,base,1728914.9311344628,0.13038534496346477,-0.29525017505791895,0.0
toend,2018,300_always_r0,1594737.144937242,0.11985855067536633,-0.3430525137702909,0.44890834460874574
toend,2018,300_always_r20,1648935.7932820586,0.12420265846097134,-0.3155685100543757,0.26691312180569793
toend,2018,300_ma120,1746685.8548910231,0.13172459300909467,-0.3109607298508647,0.25612373639942987
toend,2018,300_ma200,1649093.714787461,0.1242135814458204,-0.3107541450721045,0.27756145350489436
toend,2018,300_ma250,1836027.7525753942,0.1382779628915709,-0.31836055912612937,0.2784504387519697
toend,2018,300_ma120_lag1,1658058.0173430627,0.12492012197983893,-0.3044962524648685,0.2638570674436512
toend,2018,905_ma120,1352188.915459838,0.09866689476354862,-0.29525017505791895,0.2739232532933884
toend,2018,852_ma120,1263323.8955851905,0.09005177553199573,-0.3116896933505046,0.25085191255299977
toend,2018,g2000_ma120,1250989.914757661,0.08881201927754312,-0.2993302729506939,0.2657167879573632
toend,2018,g2000_ma60,1443416.12388138,0.10700500021051385,-0.3045743262781093,0.22927826340738885
toend,2019,base,1431435.9519076603,0.12060755769098752,-0.23956366774954468,0.0
toend,2019,300_always_r0,1921663.3562482733,0.1646729025307314,-0.30731570613399395,0.566395294388893
toend,2019,300_always_r20,1843560.4861737355,0.15836173984416724,-0.26885747360287116,0.37473340721595616
toend,2019,300_ma120,1758772.7912426582,0.15124138963403766,-0.24322713007700708,0.35619479650454716
toend,2019,300_ma200,1602260.0082273788,0.13727385726923302,-0.24916791251644083,0.38159304949382356
toend,2019,300_ma250,1806720.3511178633,0.15530306377666292,-0.2428979889154309,0.3784120919787911
toend,2019,300_ma120_lag1,1726842.0949942085,0.14848238070129294,-0.24117434530705828,0.3556062099884095
toend,2019,905_ma120,1185543.7399001885,0.09328607469598138,-0.33237966522813256,0.36735681261893616
toend,2019,852_ma120,1047558.7737983939,0.07571218498594035,-0.40080121191731155,0.3427664566864751
toend,2019,g2000_ma120,1073953.6226556343,0.0792235377243985,-0.3771200964095702,0.3560046043462567
toend,2019,g2000_ma60,1429169.2848420704,0.12037471645306341,-0.2846604453280004,0.3063407001718945
toend,2020,base,1416326.5554402377,0.13816524998402913,-0.22360781720638445,0.0
toend,2020,300_always_r0,1360933.1547687422,0.13134424334199712,-0.31386356600766335,0.5365533830958799
toend,2020,300_always_r20,1458699.856330723,0.1432296868827294,-0.2573104024506859,0.34452122318492784
toend,2020,300_ma120,1438924.1077048033,0.1408833352667601,-0.24161991196234095,0.3052638520977416
toend,2020,300_ma200,1338356.8154385919,0.12849593683180893,-0.24382383540481034,0.32970826052765967
toend,2020,300_ma250,1496534.1071920707,0.14765273352230512,-0.23528147894035045,0.3285787158939438
toend,2020,300_ma120_lag1,1463172.8546722643,0.14375836714320467,-0.2375684430411023,0.30533982306053165
toend,2020,905_ma120,1226255.5086971936,0.11371630014898726,-0.2357860098338339,0.3557054147922608
toend,2020,852_ma120,1105198.7823199222,0.09641014727520258,-0.23373590392645804,0.3348934474136159
toend,2020,g2000_ma120,1093846.9558914937,0.09470803677018036,-0.2540271115387732,0.35661137089131556
toend,2020,g2000_ma60,1267326.1125136104,0.11924975914040092,-0.24657871957963962,0.29796250798762014
toend,2021,base,1374800.0928852446,0.1586965596861416,-0.23675561622339153,0.0
toend,2021,300_always_r0,1134998.877207147,0.11990473207455843,-0.30518019966589677,0.45635636702017146
toend,2021,300_always_r20,1204619.2607090038,0.13180628868073996,-0.2611661502195507,0.2678819179458751
toend,2021,300_ma120,1328357.6321244177,0.15164468087474814,-0.24806173867728276,0.22790539635240664
toend,2021,300_ma200,1235136.4727665235,0.1368533784373297,-0.25138811831836216,0.24602998521009226
toend,2021,300_ma250,1346139.1920739335,0.15436864904874148,-0.242634851805418,0.24223881899208163
toend,2021,300_ma120_lag1,1322028.233984455,0.1506679291575802,-0.24847936798712644,0.22798413007698054
toend,2021,905_ma120,1238520.6334663418,0.13740471920106168,-0.2579149727045703,0.2826850428446075
toend,2021,852_ma120,1253915.6977709308,0.13990596698940616,-0.24603825062220014,0.2653158599696742
toend,2021,g2000_ma120,1145820.003922068,0.12179544657428987,-0.25637299310301787,0.2837822837291816
toend,2021,g2000_ma60,1257670.1339080948,0.14051144072069754,-0.25734327267988816,0.2567585329326225
toend,2022,base,1154861.4683960679,0.15188965040621127,-0.23108376458661478,0.0
toend,2022,300_always_r0,869640.0726548329,0.08346222676323911,-0.29101875560069806,0.4768143233301467
toend,2022,300_always_r20,922990.2207342765,0.09749072844260398,-0.2603998054756433,0.28652155601856777
toend,2022,300_ma120,1087458.0102849677,0.1370603425046122,-0.2366383559534614,0.2403408227130543
toend,2022,300_ma200,1046191.4809258357,0.12759820423580526,-0.2460957661906059,0.250403515085684
toend,2022,300_ma250,1106704.4019959066,0.1413772396148092,-0.239745302674715,0.2458182320823269
toend,2022,300_ma120_lag1,1056545.0837425578,0.12999952791014158,-0.23404255109220834,0.24093133842393644
toend,2022,905_ma120,976768.6581008065,0.11099837939368673,-0.2392829696535288,0.24783870723241824
toend,2022,852_ma120,941354.8442484823,0.10217195926195488,-0.22627222822875515,0.24892625744313093
toend,2022,g2000_ma120,822328.2654072954,0.07045509727064969,-0.24709232325144703,0.27129684525905395
toend,2022,g2000_ma60,1009573.877978513,0.11895411088633168,-0.24654601943175103,0.24459037798855846
toend,2023,base,830060.9314504005,0.09344809298061996,-0.17933795291109605,0.0
toend,2023,300_always_r0,748404.2360542569,0.06272128566225066,-0.31985983838678445,0.5842424391818115
toend,2023,300_always_r20,754807.8829189255,0.06521638441167088,-0.27448563453227803,0.3903390662043281
toend,2023,300_ma120,782434.674852813,0.07580824467129077,-0.22617335701985142,0.33993772035062886
toend,2023,300_ma200,700668.2740451223,0.043616239506921284,-0.2413796900779117,0.34602324312759725
toend,2023,300_ma250,715620.996271516,0.04969951182409138,-0.2536383003340234,0.3279259093142008
toend,2023,300_ma120_lag1,766514.1600877624,0.06973820691851196,-0.22672320486022812,0.33892745968117055
toend,2023,905_ma120,777273.7553717648,0.07385041937296599,-0.22394782779002242,0.3137794349163351
toend,2023,852_ma120,759129.1622376146,0.06689145873941693,-0.20416032599961675,0.30128330159417205
toend,2023,g2000_ma120,718645.2978644846,0.050918676368048366,-0.23405452751908967,0.3243556004995691
toend,2023,g2000_ma60,749768.0858175652,0.06325398527915704,-0.23015996547679046,0.3129232495179775
5y,2006,base,805444.2340738885,0.060772965882345265,-0.10697771763044928,0.0
5y,2006,300_always_r0,2329972.9858175665,0.31235100819287664,-0.7121131052636094,0.9551799981035767
5y,2006,300_always_r20,2040104.5974111077,0.27787903847818085,-0.6619045912737933,0.7984181300250298
5y,2006,300_ma120,4657075.619796648,0.5076819255310595,-0.3084123306406882,0.6465046397597883
5y,2006,300_ma200,4320308.989302198,0.4851776637236316,-0.34301418390579497,0.6591514172472649
5y,2006,300_ma250,3784608.6877863808,0.44630252355673106,-0.31760103642181947,0.6774709641720785
5y,2006,300_ma120_lag1,4318209.390516248,0.48503302390385894,-0.31921318676835464,0.6468242020861439
5y,2006,905_ma120,5144741.242647346,0.5380668038491468,-0.3362444307185249,0.726004792455098
5y,2006,852_ma120,5766925.4585807845,0.57365322971924,-0.3393065800858077,0.7342387687266769
5y,2006,g2000_ma120,6157829.365473673,0.5944681767443826,-0.3393065800858077,0.7375309497966358
5y,2006,g2000_ma60,6688546.075728079,0.6210987545363248,-0.2592497613971866,0.6792784357487602
5y,2007,base,775200.5437630247,0.05269962935180528,-0.10697771763044961,0.0
5y,2007,300_always_r0,787061.2190562224,0.05590886365332537,-0.7121131052636094,0.9440104660114443
5y,2007,300_always_r20,805696.7154839362,0.06087396785691934,-0.6464214660085816,0.7574194720929843
5y,2007,300_ma120,2040979.8489139471,0.27816092443969975,-0.3084123306406884,0.4971290125682618
5y,2007,300_ma200,1784214.1971997612,0.2441706443782743,-0.34301418390579497,0.524522965480646
5y,2007,300_ma250,1542733.6266599174,0.20842382070905907,-0.31760103642181925,0.5578920727725314
5y,2007,300_ma120_lag1,1782653.0788643556,0.24395233992416232,-0.33464348614402006,0.49826880585768873
5y,2007,905_ma120,2570907.776742399,0.3386956745446168,-0.336244430718525,0.5818767398968462
5y,2007,852_ma120,3143338.6759150755,0.39374565084764035,-0.3393065800858077,0.5964013668532884
5y,2007,g2000_ma120,3196142.377328581,0.39840796419609936,-0.3393065800858077,0.5989667514754113
5y,2007,g2000_ma60,3475368.6248071957,0.42208583308575476,-0.2592497613971866,0.5740326294481262
5y,2008,base,833465.9526011681,0.06794802130945221,-0.17700939442492414,0.0
5y,2008,300_always_r0,322988.70378421206,-0.11651558518556249,-0.7057139702691553,0.7936595008344558
5y,2008,300_always_r20,423665.31873773417,-0.06724760678379638,-0.6006288703471538,0.5815644962681155
5y,2008,300_ma120,965512.2670210076,0.09982230262109637,-0.3184961423814334,0.32287431343829626
5y,2008,300_ma200,734757.3943911137,0.04135209463374212,-0.3358493497497783,0.32916390501749765
5y,2008,300_ma250,650200.4527863162,0.016199467607402984,-0.35494030171455543,0.3593567651575468
5y,2008,300_ma120_lag1,784776.5655005873,0.05515864449916896,-0.3928260354760311,0.3238782598373969
5y,2008,905_ma120,1010141.3749353474,0.10981641565057632,-0.2927415854030312,0.42279941765449025
5y,2008,852_ma120,1124348.1845497834,0.1338514031172352,-0.28240673639843195,0.43129215632584184
5y,2008,g2000_ma120,1140427.3825883693,0.1370770738613185,-0.29699161404947344,0.43336635426913583
5y,2008,g2000_ma60,1259879.6653045877,0.15995881457334848,-0.3366321888805457,0.43537944041530807
5y,2009,base,739823.6733119723,0.042884622686031326,-0.23227149072053732,0.0
5y,2009,300_always_r0,866004.0388364238,0.07633637093597068,-0.45967529339523877,0.689967787134881
5y,2009,300_always_r20,865627.0757661709,0.07624257976897231,-0.40407923324099376,0.5271523686204015
5y,2009,300_ma120,922594.7315510022,0.09008182286703093,-0.3615033059300418,0.3534209218837703
5y,2009,300_ma200,800698.1813848494,0.059551132160564846,-0.3774951193144782,0.33200943506166847
5y,2009,300_ma250,670769.445888562,0.02260283134170593,-0.3897331846479183,0.3564583694764194
5y,2009,300_ma120_lag1,800186.5260813781,0.05941549585496486,-0.4299130351596726,0.3528879780946668
5y,2009,905_ma120,1223055.6445376514,0.15346161277820103,-0.2783615769828413,0.44431559749384186
5y,2009,852_ma120,1367695.1716604521,0.1795989661341434,-0.3005149415845594,0.4580258162233284
5y,2009,g2000_ma120,1400891.491020172,0.185282319415094,-0.323790146961437,0.4595272310977193
5y,2009,g2000_ma60,1417848.4088811171,0.18814610471409143,-0.36296739010027684,0.44294943357647054
5y,2010,base,872557.4336816318,0.07791991962386458,-0.23227149072053727,0.0
5y,2010,300_always_r0,774045.357676486,0.05235345355628951,-0.42586899315006865,0.6238410323253327
5y,2010,300_always_r20,814106.8310614512,0.06304645385509544,-0.3610225302743527,0.42016397722064514
5y,2010,300_ma120,1093878.4863451114,0.12786237568830772,-0.27088699722518,0.24437185155922417
5y,2010,300_ma200,898834.272602809,0.08434144649865971,-0.33854708187829197,0.23952398883099973
5y,2010,300_ma250,848343.0817974276,0.0718589327436151,-0.36184285549149936,0.2736580544104934
5y,2010,300_ma120_lag1,943548.9410648975,0.09494590213461307,-0.3175363188406013,0.24459943826901312
5y,2010,905_ma120,965143.7466829917,0.09992165113785723,-0.27836157698284136,0.36340877064742794
5y,2010,852_ma120,998438.7635634847,0.10742131935072652,-0.30051494158455916,0.39133707507738713
5y,2010,g2000_ma120,1059590.7173306686,0.12068981888098995,-0.32379014696143665,0.4020340131190531
5y,2010,g2000_ma60,953251.9062579125,0.09719282554127495,-0.36296739010027734,0.3773021048019284
5y,2011,base,928758.5733841571,0.09148550123404176,-0.2322714907205371,0.0
5y,2011,300_always_r0,939144.5523499405,0.0939181380354912,-0.4341987548198811,0.6192884352832926
5y,2011,300_always_r20,974521.1055181115,0.10205455374929029,-0.34702919021905204,0.4204377141143999
5y,2011,300_ma120,1341148.728480775,0.17486955190727238,-0.2557195572118005,0.274531998270349
5y,2011,300_ma200,1128285.4672458987,0.1348831776920112,-0.3150249966133228,0.2861148220037689
5y,2011,300_ma250,1031764.5203326,0.11473016854953866,-0.3295582662956703,0.3002337728888639
5y,2011,300_ma120_lag1,1173220.4577743844,0.1437982709510136,-0.27407984552575904,0.27473684122937825
5y,2011,905_ma120,1079436.7493439135,0.12486426527437933,-0.4755817990938987,0.34055762680101836
5y,2011,852_ma120,1258119.2444910596,0.15992189997088158,-0.45471959439137677,0.3742604390366661
5y,2011,g2000_ma120,1302265.3499862538,0.16796419902296733,-0.45513376733951083,0.3883342435139749
5y,2011,g2000_ma60,1739129.9327522707,0.23765883338823002,-0.3181487979162588,0.3640710566679747
5y,2012,base,1011599.5594451928,0.11032671294274621,-0.21290222709870904,0.0
5y,2012,300_always_r0,1200097.2939754697,0.14899405246044106,-0.4606330975959294,0.6238277382912041
5y,2012,300_always_r20,1235306.8977399687,0.155676049137764,-0.37018878701322855,0.43196486492496566
5y,2012,300_ma120,1465199.1322806096,0.1958792514257992,-0.2757650824850555,0.31712310187244364
5y,2012,300_ma200,1363204.3150597066,0.1787133130030174,-0.3150313080358682,0.2940061141655467
5y,2012,300_ma250,1266043.439381449,0.1613819633101875,-0.33250874480561876,0.2867848606783087
5y,2012,300_ma120_lag1,1398533.6137442207,0.18477223985607927,-0.3159261803229252,0.3179669758113878
5y,2012,905_ma120,1160022.1917185332,0.14120814888098465,-0.5087162434821646,0.37555832705374115
5y,2012,852_ma120,1164405.1844709585,0.14206477800605366,-0.528955539967612,0.4120310721092128
5y,2012,g2000_ma120,1221345.0601012018,0.1530345784982058,-0.5616961281808461,0.4408040566856042
5y,2012,g2000_ma60,1735173.819579068,0.23708524160563627,-0.3068573780990085,0.41430825958226736
5y,2013,base,745670.1280278949,0.044560329324635606,-0.031697486081391724,0.0
5y,2013,300_always_r0,1016754.5043152629,0.11159107501622034,-0.4605782795948175,0.923915101429756
5y,2013,300_always_r20,985635.817763232,0.10468216300960109,-0.37017961960643336,0.7246867880449269
5y,2013,300_ma120,1200757.8686387928,0.14930308396456426,-0.27569063466157756,0.5649364867590945
5y,2013,300_ma200,1150563.8506991314,0.13950159073270796,-0.3149650090165606,0.5566482690346455
5y,2013,300_ma250,1058653.9898945172,0.12063130495277119,-0.33243133836441563,0.5617369843281017
5y,2013,300_ma120_lag1,1149468.3553137442,0.1392838897501123,-0.31584458863343323,0.565103951954196
5y,2013,905_ma120,926922.395816047,0.09115724698591765,-0.5122226383933428,0.582609848390684
5y,2013,852_ma120,1087848.2223127082,0.12676258140424113,-0.5353183633416283,0.5838089955232911
5y,2013,g2000_ma120,1108690.519127913,0.13105981809355827,-0.5639477026009085,0.6362583216082647
5y,2013,g2000_ma60,1362219.2026665662,0.1787575205304356,-0.3446978583054803,0.5966238059651695
5y,2014,base,590074.13256885,-0.0033410191646290888,-0.2686741834713792,0.0
5y,2014,300_always_r0,857809.199830307,0.07428697986860822,-0.4612473568035813,0.8300576443416361
5y,2014,300_always_r20,849244.9447767753,0.0721258384872071,-0.3832488740740597,0.6387222368273513
5y,2014,300_ma120,1143529.6644664868,0.1380178419439806,-0.28883916791029063,0.48330078226661016
5y,2014,300_ma200,1056504.905850634,0.120102715507729,-0.3235094281787423,0.4945562894002182
5y,2014,300_ma250,970834.6427825065,0.10127345997081483,-0.36208259284952504,0.49653954937255207
5y,2014,300_ma120_lag1,1050169.5899052524,0.11875230911431522,-0.3454838061378938,0.4829187304868307
5y,2014,905_ma120,720465.7682963356,0.037357347725906376,-0.6092628649088803,0.4502724966026652
5y,2014,852_ma120,747204.368200913,0.04496316375724885,-0.6262086040744642,0.4341216725514351
5y,2014,g2000_ma120,753320.5224792834,0.0466749135704988,-0.6488504324918231,0.4894570402594123
5y,2014,g2000_ma60,1055295.3470395398,0.11984768354930164,-0.47971912751591567,0.4854883024826542
5y,2015,base,738699.6605009964,0.04256772705101841,-0.26765556940823265,0.0
5y,2015,300_always_r0,763596.1581717501,0.04952148105816312,-0.4612473568035814,0.7302461619727394
5y,2015,300_always_r20,761397.8737068812,0.04891099956629441,-0.38112090315941194,0.5384747545972209
5y,2015,300_ma120,896721.066884764,0.08388054569129588,-0.2769888071286245,0.4804601094320738
5y,2015,300_ma200,863941.5142497143,0.0758175242118232,-0.3157992061639039,0.5017842931565467
5y,2015,300_ma250,809961.6521518724,0.06199501005741925,-0.3527039283692149,0.5035710857583239
5y,2015,300_ma120_lag1,813969.1349947371,0.06304616012576103,-0.3359202076527387,0.4804809655949809
5y,2015,905_ma120,622946.7339102584,0.007552135329028986,-0.6035628905372091,0.3537080194261159
5y,2015,852_ma120,675892.0278672146,0.024163477702400904,-0.6207582307910762,0.31482820818859625
5y,2015,g2000_ma120,672248.0124035605,0.023054305462988922,-0.6449621205796607,0.352663760750788
5y,2015,g2000_ma60,999382.7732498312,0.10769318418392093,-0.4720459854279996,0.36963002729299355
5y,2016,base,792992.9070271398,0.05743450627672497,-0.28483666192138735,0.0
5y,2016,300_always_r0,1011564.9455558001,0.1102594249309129,-0.3156621348886031,0.6588573145235199
5y,2016,300_always_r20,959429.492397465,0.0985571565604213,-0.2847824867293702,0.46200477754230945
5y,2016,300_ma120,1013562.2601685466,0.11069797956683503,-0.2853312471516552,0.4699461070042611
5y,2016,300_ma200,991215.2182652785,0.10575029876809627,-0.2858168318805787,0.4772996334366584
5y,2016,300_ma250,977175.5321729939,0.10259606249624209,-0.29308046489059175,0.47841900961128503
5y,2016,300_ma120_lag1,982749.6917818284,0.10385281446240313,-0.3071079261955327,0.47353586101215606
5y,2016,905_ma120,665045.2456030188,0.020824339733423902,-0.30661329642904755,0.3312609318872203
5y,2016,852_ma120,514652.78546251054,-0.030258067209609385,-0.32240973618752833,0.26950816316180704
5y,2016,g2000_ma120,513519.34420579486,-0.030686111848512165,-0.37596970879257,0.30929537264772733
5y,2016,g2000_ma60,552807.4284643619,-0.016270383342505634,-0.37467137643148907,0.2986309158106112
5y,2017,base,954110.5921999613,0.09733364797405264,-0.27224360673442904,0.0
5y,2017,300_always_r0,1339756.0757584248,0.1745214300843212,-0.31285078592278415,0.5722321519080649
5y,2017,300_always_r20,1269238.8793420764,0.161872024605214,-0.28125354739939074,0.38427737444816457
5y,2017,300_ma120,1205859.413440439,0.15001060119511345,-0.2721771821917676,0.41810556768910534
5y,2017,300_ma200,1212163.338411339,0.1512154272067684,-0.2721939133471687,0.45847255129378445
5y,2017,300_ma250,1285351.3052537949,0.16480634735979405,-0.2809988631731251,0.4687407345732735
5y,2017,300_ma120_lag1,1173071.0244180243,0.1436784481150727,-0.280416155417499,0.4167353548306383
5y,2017,905_ma120,792180.0993745595,0.057216501550103493,-0.27493929146261825,0.3355468236074357
5y,2017,852_ma120,777605.489606838,0.05329339390914167,-0.2998684493120363,0.24713498470263562
5y,2017,g2000_ma120,831507.3788738844,0.06752459994309123,-0.2956366168118036,0.27799672927532293
5y,2017,g2000_ma60,828587.5295927327,0.06677255698866735,-0.2813876948369825,0.25303528768256117
5y,2018,base,1093147.635249505,0.1276363368440484,-0.29525017505791895,0.0
5y,2018,300_always_r0,1039869.2802803679,0.11641133052564745,-0.3430525137702909,0.44993601555661633
5y,2018,300_always_r20,1074763.6181590806,0.12381343411628198,-0.31556545108282447,0.2621519124760845
5y,2018,300_ma120,1137140.5970265104,0.13657747259724506,-0.3109607298508647,0.23144871788704308
5y,2018,300_ma200,1152106.1353323231,0.13955408486082,-0.3107541450721045,0.2562179792810363
5y,2018,300_ma250,1214744.49863482,0.15170769132557615,-0.31836055912612937,0.2632032675289623
5y,2018,300_ma120_lag1,1098653.3739413358,0.12877312360749826,-0.3044962524648685,0.2366893450498192
5y,2018,905_ma120,908684.9205142234,0.08666424893009583,-0.29525017505791895,0.2640050129909948
5y,2018,852_ma120,868071.4600894449,0.07676372085859862,-0.3116896933505046,0.23499902908543235
5y,2018,g2000_ma120,911605.9459835816,0.08735948651434033,-0.2993302729506939,0.25025834718283735
5y,2018,g2000_ma60,1022360.3240750632,0.11262080424600152,-0.3045743262781093,0.20646921009297953
5y,2019,base,1096807.7642062304,0.12846793258536127,-0.10935624006764666,0.0
5y,2019,300_always_r0,1406053.902916118,0.186046805565116,-0.24013627758851563,0.6224209593214253
5y,2019,300_always_r20,1374615.7381333536,0.18068549398179712,-0.20005774905291318,0.42790491297295286
5y,2019,300_ma120,1321968.3655031663,0.17147842653251044,-0.20212024152435454,0.35611794977306416
5y,2019,300_ma200,1280988.4788849265,0.16411459577775345,-0.18611172573988233,0.3742828176053805
5y,2019,300_ma250,1342920.8214818472,0.17517640549455982,-0.16628253191020087,0.36688646578731965
5y,2019,300_ma120_lag1,1323217.9236538094,0.17169772483892132,-0.1983164009683014,0.35578724342669
5y,2019,905_ma120,925636.4645336415,0.09074898912522766,-0.33237966522813256,0.3744512417991779
5y,2019,852_ma120,854017.433238225,0.07329113649949404,-0.40080121191731155,0.345332700291739
5y,2019,g2000_ma120,891067.0169389427,0.08246295254540692,-0.3771200964095702,0.361696495123489
5y,2019,g2000_ma60,1134739.4296885096,0.13618134278310523,-0.2846604317746337,0.3088204216265302
5y,2020,base,1084077.5152070092,0.1256115364333228,-0.22360781720638445,0.0
5y,2020,300_always_r0,995461.5069782638,0.10657417162562166,-0.3138635660076635,0.5151289633599534
5y,2020,300_always_r20,1067984.7194856282,0.1222491255470447,-0.2573104024506858,0.3248760460233379
5y,2020,300_ma120,1090546.8372361618,0.1269527818286582,-0.24161991196234112,0.24278383725316183
5y,2020,300_ma200,1085045.8475756412,0.12581331564375486,-0.24382383540481045,0.2480733137361124
5y,2020,300_ma250,1143553.1004084519,0.13769920633109523,-0.23528147894035056,0.24213165048793037
5y,2020,300_ma120_lag1,1119991.9045784837,0.13297433918298218,-0.2375684430411023,0.24297557445628654
5y,2020,905_ma120,944722.0393133946,0.09505505947013093,-0.23578600983383396,0.3127559648320154
5y,2020,852_ma120,899805.9849219993,0.0844364555803726,-0.23373590392645804,0.28293771479481433
5y,2020,g2000_ma120,915800.5904475617,0.08826574382082508,-0.2540271115387732,0.30851239765050387
5y,2020,g2000_ma60,1046698.9174294583,0.11773879161552037,-0.2465787195796395,0.26192243459305287
5y,2021,base,1219569.882066173,0.1527119922973641,-0.23675561622339153,0.0
5y,2021,300_always_r0,1052781.797039901,0.11924323556941241,-0.30518019966589677,0.41492489582812575
5y,2021,300_always_r20,1096196.9773092703,0.1283311725923788,-0.2611661502195507,0.22644022372389055
5y,2021,300_ma120,1238233.439929005,0.15622523794276333,-0.24806173867728276,0.17891631742333425
5y,2021,300_ma200,1232720.511166877,0.15519198471527262,-0.25138811831836205,0.18506215063593542
5y,2021,300_ma250,1273368.9889101638,0.16272490608991486,-0.2426348518054181,0.1769071970068356
5y,2021,300_ma120_lag1,1243436.157035716,0.15719697041523928,-0.2484793679871265,0.17841643184412287
5y,2021,905_ma120,1258764.253786867,0.1600406730450472,-0.2579149727045704,0.23614210008958358
5y,2021,852_ma120,1216069.5525183938,0.1520486653845029,-0.24603825062220014,0.21941356516019644
5y,2021,g2000_ma120,1177239.8011122057,0.14458109641638717,-0.2563729931030179,0.24212715188342615
5y,2021,g2000_ma60,1169581.893795781,0.14308507713633856,-0.25734327267988816,0.22275518907078634
