win,drop,cand,final,cagr,max_dd,cagr_p10,cagr_p90,dd_p10,dd_worst,n,avg_exp,max_exp,calmar,gain_pct,d_dd,txt
B,-,base,1735429.669338437,0.10506306184925918,-0.2681628433240249,0.09065594620720038,0.11885554447892462,-0.29488445792861356,-0.2950769347379555,125.0,0.45623584673638395,0.8986124121153556,0.3917882900812996,0.0,0.0,173.5/-26.8 (+0%)
B,-,L1.1,1882749.48686844,0.1135654787230137,-0.2932798626707208,0.098207561282647,0.12805849655653997,-0.3227674199636746,-0.32292247351740255,125.0,0.49748996889547115,0.9875467849231031,0.3872256270472925,8.48895349277754,-2.511701934669591,188.3/-29.3 (+8%)
B,-,L1.5,2469228.539760595,0.14233413038467058,-0.4042728249301423,0.12330253613861034,0.16461351129473836,-0.434569268240106,-0.43823068022497846,124.0,0.6720077795753159,1.4565682025775117,0.3520744447991667,42.28341161770557,-13.610998160611743,246.9/-40.4 (+42%)
B,-,L2.2,3544245.4377778573,0.1818389112998562,-0.5827888229008766,0.1502062061566325,0.21790248538512616,-0.6134436482320805,-0.6146266966943206,121.0,0.991170316919219,2.66680563556146,0.31201509732931887,104.22869911685666,-31.462597957685173,354.4/-58.3 (+104%)
B,-,L2.5,4122786.234134846,0.19876806416467774,-0.6440159161919277,0.16150816208403368,0.2370735565159311,-0.678556682642125,-0.6813615316113802,120.0,1.1252296377553739,3.3791287863872133,0.3086384344970777,137.56573412199947,-37.585307286790275,412.3/-64.4 (+138%)
B,2018-02,base,1783805.2917217002,0.10792572709224513,-0.2300227610371846,0.09692553665966967,0.11623782176266868,-0.2538319443448198,-0.2852622290201754,113.5,0.43889004718373753,0.8989610883265466,0.46919585959929533,0.0,0.0,178.4/-23.0 (+0%)
B,2018-02,L1.1,1920139.457781774,0.11562778046438582,-0.25419180647927153,0.10370667723907494,0.12540354324955602,-0.28169644079405426,-0.3111585752280578,113.0,0.48287043287978887,0.9896398952343688,0.4548839794087339,7.642883822173574,-2.416904544208692,192.0/-25.4 (+8%)
B,2018-02,L1.5,2572784.973510366,0.14675880738150704,-0.3480778635347223,0.12858739526146956,0.15938535624355338,-0.38789246690431484,-0.4212779044021022,112.0,0.6507812804952058,1.4535296991022875,0.4216263737405616,44.23014582646265,-11.80551024975377,257.3/-34.8 (+44%)
B,2018-02,L2.2,3803892.1774715483,0.18972455845878833,-0.511603883276321,0.16529175711195443,0.20858758921154935,-0.5664878001262158,-0.5961222802663306,109.0,0.953707089754525,2.690279111432399,0.37084268642330986,113.24592964964762,-28.15811222391364,380.4/-51.2 (+113%)
B,2018-02,L2.5,4516956.016984355,0.20910689534485427,-0.5824444997829659,0.18051709411082564,0.23170498072251425,-0.6369981282744587,-0.6642087220554258,109.0,1.0772284205492615,3.5068753893696787,0.3590160013920176,153.22023866319293,-35.24217387457813,451.7/-58.2 (+153%)
B,2022-05,base,1621502.2688143495,0.09802847678851989,-0.26828425658595756,0.08569098899199157,0.10831892147123807,-0.29488445792861356,-0.2950769347379555,122.0,0.43917829109121376,0.8946226823067323,0.36539034394331604,0.0,0.0,162.2/-26.8 (+0%)
B,2022-05,L1.1,1742506.4867855127,0.10548727152925663,-0.2932798626707208,0.09191020388188831,0.11650509130357681,-0.3227674199636746,-0.32292247351740255,122.0,0.4804490480064786,0.9863154471666733,0.35968126337979156,7.462476019823394,-2.4995606084763256,174.3/-29.3 (+7%)
B,2022-05,L1.5,2214174.957081744,0.13068049080620114,-0.39661409862683766,0.11627434644559835,0.1441980687235668,-0.434569268240106,-0.43823068022497846,122.0,0.6496623522658065,1.4405808708715733,0.3294902810027298,36.55083928440999,-12.83298420408801,221.4/-39.7 (+37%)
B,2022-05,L2.2,3105773.079519417,0.16724725349067548,-0.5742431328549993,0.13755021152146502,0.18932405195223315,-0.6134436482320805,-0.6146266966943206,119.0,0.9549835762558383,2.5416924228822477,0.2912481559146597,91.53677051530578,-30.595887626904172,310.6/-57.4 (+92%)
B,2022-05,L2.5,3481796.7492535277,0.17986422922750878,-0.6395578132965475,0.14729567852649006,0.2058679043130519,-0.678556682642125,-0.6813615316113802,117.0,1.087379493719626,3.2617567471902413,0.28123216617496016,114.72660360811177,-37.12735567105899,348.2/-64.0 (+115%)
B,2022-10,base,1592303.2185939245,0.09615324594949348,-0.2681628433240249,0.08659889591837795,0.1043587302599365,-0.29488445792861356,-0.2950769347379555,121.0,0.4250158937022219,0.8954587644040419,0.358562896923457,0.0,0.0,159.2/-26.8 (+0%)
B,2022-10,L1.1,1709623.9725689865,0.10350798201829137,-0.29327193473414825,0.09295050495346402,0.11214973141376774,-0.3227674199636746,-0.32292247351740255,121.0,0.46574682492795005,0.9863978686066974,0.3529419960083177,7.367990757354703,-2.510909141012335,171.0/-29.3 (+7%)
B,2022-10,L1.5,2179032.817647205,0.1289802564806346,-0.3966074491606264,0.11350196471217659,0.14333771738819492,-0.434569268240106,-0.43823068022497846,121.0,0.6289535512026405,1.4311645562148319,0.32520886018052947,36.847856124500545,-12.84446058366015,217.9/-39.7 (+37%)
B,2022-10,L2.2,3007378.325559741,0.1637191139613633,-0.563965628691997,0.13860038706695363,0.18981041244174024,-0.6134436482320805,-0.6146266966943206,118.0,0.9191093059984865,2.467653560429583,0.29029980841399206,88.86970084852253,-29.580278536797206,300.7/-56.4 (+89%)
B,2022-10,L2.5,3419907.622095512,0.17787454251584245,-0.6322470732370964,0.14649134282033333,0.20654778387682465,-0.678556682642125,-0.6813615316113802,116.0,1.048747096671212,3.1906937512071645,0.2813370754017527,114.77741061877929,-36.40842299130715,342.0/-63.2 (+115%)
B,2024-02,base,1746441.4262795,0.1057218595754682,-0.2681628433240249,0.09249507175242833,0.12047734639981865,-0.29488445792861356,-0.2950769347379555,126.0,0.4468346634359158,0.8983963445453709,0.3942449977968163,0.0,0.0,174.6/-26.8 (+0%)
B,2024-02,L1.1,1887667.367765664,0.11383930893318872,-0.29327193473414825,0.09998957311514337,0.1300762278388679,-0.3227674199636746,-0.32292247351740255,125.5,0.4904484365561359,0.9845839600085127,0.3881698023248776,8.086497454828589,-2.510909141012335,188.8/-29.3 (+8%)
B,2024-02,L1.5,2473818.4802575447,0.14253193792054508,-0.4007776930527894,0.12330462137137807,0.1668106877048821,-0.434569268240106,-0.43823068022497846,124.5,0.6681010487244818,1.4544610143445857,0.35563840101692273,41.6490952993253,-13.261484972876447,247.4/-40.1 (+42%)
B,2024-02,L2.2,3626872.868138263,0.18440321498493495,-0.5779610903886543,0.1508732465559704,0.22130038418513384,-0.6134436482320805,-0.6146266966943206,121.0,0.9857250770801853,2.650164671565889,0.3190581823785605,107.67217345872896,-30.97982470646294,362.7/-57.8 (+108%)
B,2024-02,L2.5,4124264.022122246,0.19880843685653526,-0.6424095418993359,0.16161365371905057,0.24291046577105782,-0.678556682642125,-0.6813615316113802,120.0,1.1252603425388499,3.340369938964255,0.30947304466982545,136.15243890018678,-37.42466985753109,412.4/-64.2 (+136%)
B,ALL5,base,1387839.0167174924,0.08207348735747422,-0.223561021295609,0.07630076311405527,0.09024077665692942,-0.2373354157072961,-0.23843582205383385,105.0,0.3924887882182349,0.898423645884847,0.36711894981438,0.0,0.0,138.8/-22.4 (+0%)
B,ALL5,L1.1,1473365.2288284134,0.08817769860036628,-0.2470117641344357,0.08181312720811369,0.09696167486097787,-0.260576099523282,-0.2615089058269384,105.0,0.4291683070801515,0.9896398774314465,0.35697772901365027,6.162545589272095,-2.3450742838826697,147.3/-24.7 (+6%)
B,ALL5,L1.5,1786022.34262894,0.10805521800983964,-0.3395619670110547,0.1002226950986846,0.11926471511219756,-0.360776953135253,-0.36239249731794254,104.0,0.5801554606698461,1.445352220486467,0.3182194371206532,28.69088713568726,-11.600094571544567,178.6/-34.0 (+29%)
B,ALL5,L2.2,2347824.960147446,0.13693117859503345,-0.5090121493261262,0.1253609716143425,0.14916467487572066,-0.536456329336127,-0.5394966961465131,100.5,0.8391921211373774,2.60205378485301,0.26901357615199295,69.17127504460178,-28.545112803051715,234.8/-50.9 (+69%)
B,ALL5,L2.5,2612159.62150323,0.1483982530890332,-0.5805677061567334,0.13403871306025417,0.16167979619457365,-0.6062894735012347,-0.6094332966484316,100.0,0.960349026962695,3.4140024902816837,0.255608866141395,88.217768057962,-35.700668486112434,261.2/-58.1 (+88%)
A,-,base,1306599.618059563,0.08037349576315211,-0.18634671466934682,0.07222402324099712,0.08802095005847763,-0.24196701078311023,-0.255590758297646,58.0,0.20357609004628158,0.8935538838506615,0.4313115790947356,0.0,0.0,130.7/-18.6 (+0%)
A,-,L1.1,1360863.1418342737,0.08474913390067462,-0.2049619135898425,0.0772003885073754,0.09481966237567117,-0.26455717097350867,-0.28058670759857574,58.0,0.2257152206314017,0.9872081244326916,0.4134872299751724,4.153033800461214,-1.861519892049568,136.1/-20.5 (+4%)
A,-,L1.5,1642375.727717189,0.1051996025859101,-0.2790444351877445,0.09468672049192246,0.11767448695784348,-0.358637424140886,-0.37931032926298547,58.0,0.304434285904308,1.411042317674584,0.37699946431517445,25.698469907429523,-9.26977205183977,164.2/-27.9 (+26%)
A,-,L2.2,2190246.075284131,0.13725922255580436,-0.40584948470013626,0.12057138969253167,0.1545733660413163,-0.5133071906658725,-0.5400684205444839,58.0,0.4392841493860573,2.313461524656803,0.3382022836796724,67.62947463101783,-21.950277003078945,219.0/-40.6 (+68%)
A,-,L2.5,2432208.6538184374,0.14915843805521023,-0.4530788850201147,0.13179485401823218,0.16849066868050963,-0.5707891242191103,-0.6039052064887045,58.0,0.4973917180177054,2.765154010268422,0.32921074670824324,86.14796914073199,-26.673217035076785,243.2/-45.3 (+86%)
A,2012-01,base,1284585.5195374382,0.07855150509641795,-0.1349298090980483,0.07367218633593868,0.07899553368011411,-0.13493511140715408,-0.13493636576673018,56.0,0.17034691122553294,0.9025924629886377,0.5821656876379154,0.0,0.0,128.5/-13.5 (+0%)
A,2012-01,L1.1,1351077.8966726533,0.08397189556315354,-0.14916297676492296,0.078731861289783,0.08447134594109891,-0.14916936535392047,-0.14917087741139312,56.0,0.1863557775271535,0.9903380572454183,0.5629540076522548,5.176173646979776,-1.4233167666874658,135.1/-14.9 (+5%)
A,2012-01,L1.5,1649217.115156293,0.1056561003895814,-0.20224648200495066,0.09911453076171313,0.10670737367390282,-0.21644580325451357,-0.21645440872030253,58.0,0.2552359779203956,1.3628374315729572,0.5224125499844052,28.38515537292945,-6.731667290690235,164.9/-20.2 (+28%)
A,2012-01,L2.2,2190098.360890367,0.13725162475791908,-0.3037724489818478,0.12829772744406973,0.13919455055872784,-0.3240203647108029,-0.32403835920611745,58.0,0.36519346168799394,2.162582927581507,0.4518238083076477,70.4906623639189,-16.88426398837995,219.0/-30.4 (+70%)
A,2012-01,L2.5,2437962.8908038246,0.14942830511466842,-0.34589429055480597,0.13970066613138316,0.15180822002300703,-0.3686305548385646,-0.3686535143447671,58.0,0.41228766254441773,2.5477766426806716,0.4320056999928767,89.78595459192955,-21.096448145675765,243.8/-34.6 (+90%)
A,ALL5,base,1284585.5195374382,0.07855150509641795,-0.1349298090980483,0.07367218633593868,0.07899553368011411,-0.13493511140715408,-0.13493636576673018,56.0,0.17034691122553294,0.9025924629886377,0.5821656876379154,0.0,0.0,128.5/-13.5 (+0%)
A,ALL5,L1.1,1351077.8966726533,0.08397189556315354,-0.14916297676492296,0.078731861289783,0.08447134594109891,-0.14916936535392047,-0.14917087741139312,56.0,0.1863557775271535,0.9903380572454183,0.5629540076522548,5.176173646979776,-1.4233167666874658,135.1/-14.9 (+5%)
A,ALL5,L1.5,1649217.115156293,0.1056561003895814,-0.20224648200495066,0.09911453076171313,0.10670737367390282,-0.21644580325451357,-0.21645440872030253,58.0,0.2552359779203956,1.3628374315729572,0.5224125499844052,28.38515537292945,-6.731667290690235,164.9/-20.2 (+28%)
A,ALL5,L2.2,2190098.360890367,0.13725162475791908,-0.3037724489818478,0.12829772744406973,0.13919455055872784,-0.3240203647108029,-0.32403835920611745,58.0,0.36519346168799394,2.162582927581507,0.4518238083076477,70.4906623639189,-16.88426398837995,219.0/-30.4 (+70%)
A,ALL5,L2.5,2437962.8908038246,0.14942830511466842,-0.34589429055480597,0.13970066613138316,0.15180822002300703,-0.3686305548385646,-0.3686535143447671,58.0,0.41228766254441773,2.5477766426806716,0.4320056999928767,89.78595459192955,-21.096448145675765,243.8/-34.6 (+90%)
F,-,base,3826618.471385981,0.09396913078579872,-0.27701190488316346,0.0875634136966112,0.10171054868091922,-0.29507266771682295,-0.29873996877551656,184.0,0.3330018233732518,0.8976047541487039,0.3392241601509238,0.0,0.0,382.7/-27.7 (+0%)
F,-,L1.1,4358674.779853818,0.10089458370056403,-0.30314871811986743,0.09315453975058625,0.10974345798657108,-0.32291735613061207,-0.32716408830360577,184.0,0.3655407882203916,0.9878228479604605,0.3328220693998432,13.904085616226315,-2.613681323670397,435.9/-30.3 (+14%)
F,-,L1.5,6933887.178280238,0.125950193484355,-0.4181794521864023,0.11506801343218442,0.13695949259053805,-0.4347627529548258,-0.4450085004527178,183.0,0.49301508470509553,1.4528579792875673,0.30118694934875245,81.20142444639433,-14.116754730323883,693.4/-41.8 (+81%)
F,-,L2.2,13347603.636864189,0.1622682397686701,-0.5927669418239807,0.14515769963217814,0.17709130830826472,-0.6135592047475537,-0.6213670633758102,180.0,0.7224362500500828,2.6085248382382855,0.273747114286368,248.80936619818695,-31.575503694081725,1334.8/-59.3 (+249%)
F,-,L2.5,17033506.95202612,0.1760874204412176,-0.6570493407232433,0.1554568629118751,0.1930067523086623,-0.6788335542391271,-0.6888122737205726,178.0,0.8236873583448258,3.3445779827886195,0.26799725610772307,345.1320945476092,-38.003743584007985,1703.4/-65.7 (+345%)
F,2012-01,base,3802031.5389333055,0.09362746468659022,-0.2678046754823294,0.08795835951312211,0.09973558466182557,-0.29269851096431315,-0.2987394270599959,181.5,0.31633707000453276,0.9025924752811054,0.3496110160062088,0.0,0.0,380.2/-26.8 (+0%)
F,2012-01,L1.1,4330745.702093443,0.1005517114231883,-0.29324418624518245,0.09457481290249639,0.1064429208697147,-0.32060496123533105,-0.3271634322246767,181.0,0.34662612364584544,0.9903380579149421,0.34289413444369765,13.9060961947852,-2.543951076285306,433.1/-29.3 (+14%)
F,2012-01,L1.5,6890819.291657042,0.12561018519690348,-0.39766546146285836,0.1168866541339412,0.1321441659395644,-0.4365085941027686,-0.44500727416992714,182.0,0.4708272485956183,1.453818186813428,0.31586898378056744,81.24045582195048,-12.986078598052897,689.1/-39.8 (+81%)
F,2012-01,L2.2,13365919.643008478,0.16234554533382495,-0.5686018687415694,0.14758763659884772,0.17594853675120029,-0.6134220919632588,-0.6213644229520432,180.0,0.6841419984343967,2.610198059700183,0.2855170801550976,251.54678508422913,-30.079719325924,1336.6/-56.9 (+252%)
F,2012-01,L2.5,16880742.25495324,0.1755742062595388,-0.6346169449219294,0.15855077591913153,0.19112351889447418,-0.6785347774689676,-0.6961557639020082,178.5,0.7826664476439739,3.378817216785607,0.27666170540267865,343.992693960905,-36.681226943960006,1688.1/-63.5 (+344%)
F,2018-02,base,3800936.2821878577,0.09361218067926191,-0.23522703448806603,0.08660860082472684,0.10075637651782428,-0.2561266301610331,-0.285174050917656,171.0,0.3256948903714642,0.898651395318611,0.39796522913700727,0.0,0.0,380.1/-23.5 (+0%)
F,2018-02,L1.1,4362466.686443359,0.10094109135612916,-0.2590134259227183,0.09455449342405646,0.10869058825632097,-0.2780941568086048,-0.31135488147803014,171.5,0.35760020668699455,0.9896399102253566,0.3897137416584996,14.773475864012076,-2.378639143465228,436.2/-25.9 (+15%)
F,2018-02,L1.5,6897527.815736434,0.12566302768620152,-0.36039801853919884,0.11761415452174648,0.13674914388897882,-0.3870552376348946,-0.4114877083623232,170.0,0.48272016164682774,1.4659949512550106,0.3486784644253912,81.46917768813917,-12.51709840511328,689.8/-36.0 (+81%)
F,2018-02,L2.2,13458248.635549277,0.1627334862309905,-0.5229337458165916,0.1496926976347734,0.17705027340386903,-0.562394572697156,-0.5913527725956147,167.0,0.702208585425105,2.6804972269538725,0.311193315659659,254.07719667961842,-28.770671132852556,1345.8/-52.3 (+254%)
F,2018-02,L2.5,17224865.62233895,0.17672390094806456,-0.5902800894733612,0.16140635801429676,0.1937049152936131,-0.628721385389955,-0.6580318000886791,167.0,0.8022147444713872,3.497882919821735,0.29938990675720556,353.17427979677,-35.505305498529516,1722.5/-59.0 (+353%)
F,2022-05,base,3536760.986139979,0.08980006338811197,-0.27701190488316346,0.08354197643849393,0.09561343012521398,-0.29507266771682295,-0.29873996877551656,181.0,0.32644413769893854,0.8962337566550544,0.3241740221453202,0.0,0.0,353.7/-27.7 (+0%)
F,2022-05,L1.1,3988443.9300986594,0.09616770082482462,-0.30314871811986743,0.08973875118985383,0.10310392415184744,-0.32291735613061207,-0.32716408830360577,181.0,0.3580588348863636,0.9879516283482997,0.3172294490349754,12.771090433556465,-2.613681323670397,398.8/-30.3 (+13%)
F,2022-05,L1.5,6167904.614529846,0.1195791778044818,-0.4073962618994758,0.10952917620146137,0.12794885712824752,-0.4347627529548258,-0.4450085004527178,180.0,0.48424032723679333,1.446578493508718,0.2935205572258974,74.39416004363635,-13.038435701631235,616.8/-40.7 (+74%)
F,2022-05,L2.2,10852066.978159888,0.15066360729910833,-0.5806893746774934,0.1386562193737823,0.16231016491225983,-0.6135592047475537,-0.6213670633758102,177.0,0.7110362971682667,2.597240979707265,0.2594564561867259,206.83631211403494,-30.36774697943299,1085.2/-58.1 (+207%)
F,2022-05,L2.5,13162571.124840783,0.16147898805493688,-0.6504157812515248,0.14993848737389376,0.17821143156401556,-0.6788335542391271,-0.6888122737205726,176.0,0.8097318513658167,3.3259533915854362,0.24827040288632038,272.1645645952008,-37.340387636836134,1316.3/-65.0 (+272%)
F,2022-10,base,3456094.628577307,0.08858183143075793,-0.27701190488316346,0.08349740056551877,0.0945295017207604,-0.29507266771682295,-0.29873996877551656,179.0,0.31970343807579493,0.8964367924507302,0.3197762618473725,0.0,0.0,345.6/-27.7 (+0%)
F,2022-10,L1.1,3901449.2380911633,0.09499652884857057,-0.30314871811986743,0.0894701801642996,0.10160406124380424,-0.32291735613061207,-0.32716408830360577,180.0,0.3501424131302783,0.9877797745276664,0.31336609119688963,12.886065266597901,-2.613681323670397,390.1/-30.3 (+13%)
F,2022-10,L1.5,6033141.124707421,0.11838091847438859,-0.4073962618994758,0.1099371221239985,0.12724735508891874,-0.4347627529548258,-0.4450085004527178,180.0,0.47430266289595296,1.4325891648098086,0.29057929476927513,74.56527592796118,-13.038435701631235,603.3/-40.7 (+75%)
F,2022-10,L2.2,11088100.964817185,0.1518634529263393,-0.5806893746774934,0.13811080574424656,0.16578908599629022,-0.6135592047475537,-0.6213670633758102,177.0,0.6898729185211401,2.4709907231955373,0.26152269965449615,220.82747020678585,-30.36774697943299,1108.8/-58.1 (+221%)
F,2022-10,L2.5,14071034.091524243,0.16524578631995968,-0.6460358449709643,0.1471917970810574,0.17997266203894674,-0.6788335542391271,-0.6888122737205726,175.0,0.7862963767638919,3.1319981187422896,0.2557842379897458,307.1368293904774,-36.902394008780085,1407.1/-64.6 (+307%)
F,2024-02,base,3853971.233698969,0.09434693883099177,-0.27701190488316346,0.08805796995775268,0.10082768449980006,-0.29507266771682295,-0.29873996877551656,184.0,0.3295490615149602,0.8976047541487039,0.3405880294956453,0.0,0.0,385.4/-27.7 (+0%)
F,2024-02,L1.1,4400106.727960173,0.10139956990370835,-0.30314871811986743,0.09397524623259057,0.10797171061379263,-0.32291735613061207,-0.32716408830360577,184.0,0.36264523956647005,0.9877645290673616,0.3344878729245167,14.170720567030127,-2.613681323670397,440.0/-30.3 (+14%)
F,2024-02,L1.5,6956679.591672093,0.12612872307968648,-0.4073962618994758,0.1154227882422055,0.13477386289356835,-0.4347627529548258,-0.4450085004527178,183.0,0.4892885043516233,1.4489454875848462,0.3095971536204436,80.50678559412088,-13.038435701631235,695.7/-40.7 (+81%)
F,2024-02,L2.2,13326232.381915323,0.16217806226246168,-0.5927669418239807,0.14801870753546206,0.17500958138760006,-0.6135592047475537,-0.6213670633758102,180.0,0.7132433301869634,2.5948005068029993,0.27359498450340314,245.7792384486756,-31.575503694081725,1332.6/-59.3 (+246%)
F,2024-02,L2.5,16759791.486082241,0.17516468306213528,-0.6570493407232433,0.15567946003536812,0.1912164729006151,-0.6788335542391271,-0.6888122737205726,178.0,0.8202365047251293,3.3206458834200503,0.2665928906789919,334.87069492204046,-38.003743584007985,1676.0/-65.7 (+335%)
F,ALL5,base,2903160.307433612,0.0794212420559639,-0.22453138884080204,0.07725372675820208,0.08251506780854527,-0.23741909790613872,-0.2380270161439456,161.0,0.2847961186427315,0.9025924629886377,0.35371999641562546,0.0,0.0,290.3/-22.5 (+0%)
F,ALL5,L1.1,3232585.7210414363,0.08505979171707079,-0.24802840110680913,0.08271309401727958,0.0884584801273038,-0.2607977710453801,-0.26150366414289017,161.0,0.3120911389267793,0.9903380572454183,0.3429437569951566,11.347131357656082,-2.349701226600709,323.3/-24.8 (+11%)
F,ALL5,L1.5,4718434.772235176,0.10513511451165736,-0.3410778218596133,0.10185477694305511,0.11027621054543683,-0.36110427818934443,-0.3623839257974907,162.0,0.4237390720008879,1.446931993307728,0.3082437724576847,62.52753112370368,-11.654643301881123,471.8/-34.1 (+63%)
F,ALL5,L2.2,8213841.15664367,0.1352337273358677,-0.5111173635824894,0.13012969113764286,0.1413858001759134,-0.5387522521934485,-0.5392894641806416,158.5,0.6156623243169737,2.609830525930109,0.2645844907087417,182.9275784603396,-28.658597474168733,821.4/-51.1 (+183%)
F,ALL5,L2.5,10200790.58738205,0.14721827992451664,-0.5829437266414467,0.14112524731309714,0.15656137469122955,-0.6067973672742092,-0.6094311494626077,158.0,0.7015186400410959,3.4141016716326993,0.25254286682643506,251.3684918212294,-35.841233780064464,1020.1/-58.3 (+251%)
