cand,win,drop,cagr,dd,base,base_dd,d_base,d_same_size,ctl
C1,B,-,12.394608920837836,-27.2907122107112,10.506306184925919,-26.81628433240249,1.8883027359119176,1.8883027359119176,10.506306184925919
C2,B,-,12.664595279424995,-25.967946257985762,10.506306184925919,-26.81628433240249,2.158289094499077,2.4281695350847006,10.236425744340295
C3,B,-,14.778884987634267,-28.842643899961466,10.506306184925919,-26.81628433240249,4.272578802708349,3.6678420589512655,11.111042928683002
C1,B,2024-02,11.331648693976016,-27.2907122107112,10.57218595754682,-26.81628433240249,0.7594627364291959,0.7594627364291959,10.57218595754682
C2,B,2024-02,12.094812014942546,-25.960399769567534,10.57218595754682,-26.81628433240249,1.5226260573957262,1.8415658642021757,10.25324615074037
C3,B,2024-02,13.406567425358363,-28.75930135913853,10.57218595754682,-26.81628433240249,2.834381467811543,2.2775266524275875,11.129040772930775
C1,B,2018-02,11.051878568275752,-25.169757125240665,10.792572709224512,-23.00227610371846,0.25930585905124026,0.25930585905124026,10.792572709224512
C2,B,2018-02,12.85763245110595,-22.60642140739415,10.792572709224512,-23.00227610371846,2.065059741881438,2.4948420335611843,10.362790417544765
C3,B,2018-02,14.730600119715042,-26.249879871774834,10.792572709224512,-23.00227610371846,3.9380274104905304,3.700937447167817,11.029662672547225
C1,B,2022-05,10.54438032163758,-27.2907122107112,9.80284767885199,-26.828425658595755,0.7415326427855913,0.7415326427855913,9.80284767885199
C2,B,2022-05,11.303516957025138,-25.96410941981371,9.80284767885199,-26.828425658595755,1.5006692781731488,1.643637445811219,9.65987951121392
C3,B,2022-05,13.06310644349933,-28.75961406404303,9.80284767885199,-26.828425658595755,3.2602587646473395,2.7156715093735535,10.347434934125776
C1,B,2022-10,11.131358696886895,-27.2907122107112,9.615324594949348,-26.81628433240249,1.5160341019375476,1.5160341019375476,9.615324594949348
C2,B,2022-10,11.468114948510543,-25.960413004287908,9.615324594949348,-26.81628433240249,1.8527903535611951,2.3185123377300823,9.14960261078046
C3,B,2022-10,13.686256750036419,-28.75930135913853,9.615324594949348,-26.81628433240249,4.070932155087071,3.8931375803571875,9.793119169679231
C1,B,2018-02+2022-05+2022-10+2024-02,6.932192578446427,-25.169757125240665,8.207348735747422,-22.356102129560902,-1.2751561573009944,-1.2751561573009944,8.207348735747422
C2,B,2018-02+2022-05+2022-10+2024-02,8.910061315901086,-22.606128506934997,8.207348735747422,-22.356102129560902,0.7027125801536638,1.0464578545184118,7.863603461382674
C3,B,2018-02+2022-05+2022-10+2024-02,10.005844141790154,-26.24979367307949,8.207348735747422,-22.356102129560902,1.7984954060427327,1.452993049576767,8.552851092213388
C1,A,-,8.405946465929915,-17.220813717598354,8.037349576315211,-18.634671466934684,0.3685968896147038,0.3685968896147038,8.037349576315211
C2,A,-,9.361596853154897,-16.613929193006605,8.037349576315211,-18.634671466934684,1.3242472768396851,0.9256091154720476,8.435987737682849
C3,A,-,9.94999576127642,-18.681845940179432,8.037349576315211,-18.634671466934684,1.9126461849612078,0.5954190007782394,9.35457676049818
C1,A,2012-01,7.9824445745284915,-13.060932388607116,7.8551505096417955,-13.49298090980483,0.12729406488669603,0.12729406488669603,7.8551505096417955
C2,A,2012-01,8.747248301950815,-13.900281556866222,7.8551505096417955,-13.49298090980483,0.8920977923090199,0.0023947235814993917,8.744853578369316
C3,A,2012-01,9.824574508079465,-16.17736123023792,7.8551505096417955,-13.49298090980483,1.9694239984376694,0.3531324890804548,9.47144201899901
C1,F,-,10.489163374204935,-27.55219065952648,9.396913078579871,-27.701190488316346,1.092250295625064,1.092250295625064,9.396913078579871
C2,F,-,11.065181888882236,-26.15309549904532,9.396913078579871,-27.701190488316346,1.668268810302365,1.4750269532039724,9.590154935678264
C3,F,-,12.454777010387208,-29.1601242932755,9.396913078579871,-27.701190488316346,3.0578639318073364,2.111220104404909,10.343556905982298
C1,F,2012-01,10.262762707160157,-27.29086156119351,9.362746468659022,-26.780467548232938,0.9000162385011343,0.9000162385011343,9.362746468659022
C2,F,2012-01,10.835746189683137,-25.959264320766884,9.362746468659022,-26.780467548232938,1.4729997210241148,1.3410177717728349,9.494728417910302
C3,F,2012-01,12.252354695913537,-29.335782721585808,9.362746468659022,-26.780467548232938,2.8896082272545147,1.9841876351800902,10.268167060733447
C1,F,2018-02,9.838310176034648,-25.16970035344129,9.361218067926192,-23.522703448806602,0.47709210810845626,0.47709210810845626,9.361218067926192
C2,F,2018-02,11.228102645433024,-22.606339927869247,9.361218067926192,-23.522703448806602,1.8668845775068323,1.694497681050299,9.533604964382725
C3,F,2018-02,12.485971499971104,-26.24987987177484,9.361218067926192,-23.522703448806602,3.124753432044912,2.2108504484223186,10.275121051548785
C1,F,2022-05,9.623337562554934,-27.55219065952648,8.980006338811197,-27.701190488316346,0.6433312237437363,0.6433312237437363,8.980006338811197
C2,F,2022-05,10.487224318576317,-25.959800900987283,8.980006338811197,-27.701190488316346,1.5072179797651195,1.2107082478504338,9.276516070725883
C3,F,2022-05,11.73976631734197,-28.980496188704123,8.980006338811197,-27.701190488316346,2.7597599785307736,1.6711207317929642,10.068645585549007
C1,F,2022-10,9.851814750694366,-27.55219065952648,8.858183143075793,-27.701190488316346,0.9936316076185729,0.9936316076185729,8.858183143075793
C2,F,2022-10,10.547244574814286,-25.959800900987283,8.858183143075793,-27.701190488316346,1.6890614317384927,1.469544004933887,9.077700569880399
C3,F,2022-10,11.973830254739449,-28.980496188704123,8.858183143075793,-27.701190488316346,3.1156471116636553,2.4201979206688318,9.553632334070617
C1,F,2024-02,9.942962556607604,-27.55219065952648,9.434693883099177,-27.701190488316346,0.508268673508427,0.508268673508427,9.434693883099177
C2,F,2024-02,10.796103978703698,-25.95897191253762,9.434693883099177,-27.701190488316346,1.361410095604521,1.1473105510918078,9.64879342761189
C3,F,2024-02,11.779011955659257,-28.98008303891047,9.434693883099177,-27.701190488316346,2.34431807256008,1.3481923229770594,10.430819632682198
C1,F,2012-01+2018-02+2022-05+2022-10+2024-02,7.460538574396203,-25.169697114467855,7.94212420559639,-22.453138884080204,-0.48158563120018716,-0.48158563120018716,7.94212420559639
C2,F,2012-01+2018-02+2022-05+2022-10+2024-02,8.855272369164757,-22.606073954300637,7.94212420559639,-22.453138884080204,0.9131481635683665,0.65600946135873,8.199262907806027
C3,F,2012-01+2018-02+2022-05+2022-10+2024-02,9.945871342698032,-26.249720527598658,7.94212420559639,-22.453138884080204,2.0037471371016418,1.002553316090749,8.943318026607283
C1,A,lag1+slip,7.963440533534605,-17.360254403472116,7.60526988653144,-18.496017196406545,0.35817064700316514,0.35817064700316514,7.60526988653144
C2,A,lag1+slip,8.972714620465172,-16.711381966029016,7.60526988653144,-18.496017196406545,1.3674447339337323,0.8976444157700492,8.075070204695123
C3,A,lag1+slip,9.632630643036356,-18.687460990108285,7.60526988653144,-18.496017196406545,2.0273607565049154,0.8203752104617994,8.812255432574556
C1,A,lag1+slip0.01,7.7174078493963965,-17.675940683531255,7.371256700931683,-18.751700483169227,0.3461511484647133,,
C2,A,lag1+slip0.01,8.704072925730488,-16.927685632213134,7.371256700931683,-18.751700483169227,1.3328162247988047,,
C3,A,lag1+slip0.01,9.354758497712535,-18.87723808484155,7.371256700931683,-18.751700483169227,1.9835017967808515,,
C1,B,lag1+slip,11.19841084362072,-26.655622103114485,10.10923977921352,-26.097886460014326,1.0891710644072017,1.0891710644072017,10.10923977921352
C2,B,lag1+slip,10.672883445912518,-26.352774281044393,10.10923977921352,-26.097886460014326,0.563643666698999,0.9989735860558859,9.673909859856632
C3,B,lag1+slip,12.998981924647701,-29.00429827877375,10.10923977921352,-26.097886460014326,2.889742145434182,2.5883407863933847,10.410641138254316
C1,B,lag1+slip0.01,10.668051918704236,-26.846089431854693,9.602182893385947,-26.341420209651517,1.065869025318289,,
C2,B,lag1+slip0.01,9.886449391141984,-26.623031330168146,9.602182893385947,-26.341420209651517,0.2842664977560361,,
C3,B,lag1+slip0.01,12.352696691246923,-29.490697467007987,9.602182893385947,-26.341420209651517,2.7505137978609753,,
C1,F,lag1+slip,9.667736273591409,-27.001332135924105,8.815805656964482,-26.72567551206015,0.8519306166269267,0.8519306166269267,8.815805656964482
C2,F,lag1+slip,9.778484559143575,-26.881443904226128,8.815805656964482,-26.72567551206015,0.9626789021790927,0.6159003532891791,9.162584205854396
C3,F,lag1+slip,11.461191218100586,-28.53066162886525,8.815805656964482,-26.72567551206015,2.645385561136104,1.6902759176892435,9.770915300411342
C1,F,lag1+slip0.01,9.275795943100162,-27.234731887140917,8.415833922618388,-26.974124839764258,0.859962020481774,,
C2,F,lag1+slip0.01,9.25689598692989,-27.278567591704515,8.415833922618388,-26.974124839764258,0.8410620643115028,,
C3,F,lag1+slip0.01,11.001992066710642,-28.87123249678899,8.415833922618388,-26.974124839764258,2.586158144092254,,
