label,A,A_dd,B,B_dd,Bx,Bx_dd,F,F_dd,LOCO_min,LOCO_max
C1 center,0.3685968896147038,-17.220813717598354,1.8883027359119176,-27.2907122107112,0.7594627364291959,-27.2907122107112,1.092250295625064,-27.55219065952648,0.47709210810845626,0.9936316076185729
C1 thr0.36,0.22599802528708857,-17.464069925096776,1.728231690389924,-26.096066974037825,0.7263554236018326,-26.096066974037825,0.9237993137529266,-25.903595894280663,0.4439437230623344,0.8715460580605896
C1 thr0.40,0.25096651789068325,-16.95315531756552,2.3122673691138402,-27.551747301212338,0.5350214588753843,-27.551747301212338,1.1971221083549874,-27.551952313947965,0.3200169925234633,1.3159446074970536
C1 k0.75,-0.4156203760297572,-18.78492389343504,0.1761304113025428,-27.152289558652427,-0.5454459033034986,-27.152289558652427,-0.19783695556816383,-27.379880686138456,-0.559541840215239,-0.13889235032416103
C1 k1.25,1.3242472768396851,-16.613929193006605,2.158289094499077,-25.967946257985762,1.5226260573957262,-25.960399769567534,1.668268810302365,-26.15309549904532,1.361410095604521,1.8668845775068323
C1 cap0.85,0.1647199836094515,-16.119039951540294,1.6371101914560136,-25.635674723817353,0.6344420214933759,-25.635674723817353,0.8651729187067474,-25.63550897489293,0.26910902399215253,0.8211186385757898
C1 cap0.95,0.5729497270486323,-18.7870972672844,2.257554004481632,-29.768991436309257,1.136066046300444,-29.768991436309257,1.3609343270849958,-29.769229885582348,0.5662848192100931,1.2877450066157259
C1 N50,0.311239575041089,-15.845896631230506,1.602682091630724,-24.764396880078554,0.5637057547749684,-24.764396880078554,0.8374598741356714,-25.18637591078892,0.3355211389285504,0.7686644570221493
C1 N80,0.2899991767423167,-17.40637609823765,1.6510845933213165,-28.328587261390403,0.5465205168629481,-28.328587261390403,0.8414417805274645,-28.328899850894114,0.3524240295979961,0.8427858170452325
C1 nofilter,0.0,-18.634671466934684,0.0,-26.81628433240249,0.0,-26.81628433240249,0.0,-27.701190488316346,0.0,0.0
C2 center,1.3242472768396851,-16.613929193006605,2.158289094499077,-25.967946257985762,1.5226260573957262,-25.960399769567534,1.668268810302365,-26.15309549904532,1.361410095604521,1.8668845775068323
C2 thr0.36,0.7438266496858965,-16.637793076778497,1.6783061933988925,-27.37508727427481,0.9259963871743562,-26.886239139155503,1.1389710728435318,-26.84113512052645,0.6782663695029996,1.1900165110944716
C2 thr0.40,1.0080497384168154,-18.144399703182877,2.879641562944812,-25.960030295843676,1.3983985898035183,-25.959789233168866,1.8651900623342108,-25.959314194656287,1.053509656310835,1.9494143283660392
C2 k1.00,0.3685968896147038,-17.220813717598354,1.8883027359119176,-27.2907122107112,0.7594627364291959,-27.2907122107112,1.092250295625064,-27.55219065952648,0.47709210810845626,0.9936316076185729
C2 k1.50,1.6613267142905013,-17.3183432545816,2.0284612245924247,-26.447500016507718,1.9016204866289854,-25.968053107939127,1.8276462738686003,-26.675399485766082,1.5266419868637193,1.7509976706162167
C2 cap0.85,0.8228004064766203,-16.149504474499505,1.7925184120473716,-24.814003689640334,1.2980757249801194,-24.699166478836514,1.3276109880738254,-24.725182726681155,0.9572578697865204,1.2696189586929076
C2 cap0.95,1.3520219073308244,-17.913767963233475,2.528352914297848,-28.975228381843856,1.786550070600768,-28.975228381843856,1.9169152856293845,-28.99641146434278,1.5241286199554782,1.8719031950683025
C2 N50,1.256694892260068,-16.773377232933985,1.5732349623321813,-26.519022288154382,0.5193894908717809,-26.053540337615676,1.2299731733096948,-26.73428275016134,0.6574752192135218,1.1823493271440721
C2 N80,1.261955990273167,-17.781650071900163,1.4775202307906952,-27.95697372987323,0.8219368372053513,-27.95697372987323,1.1989776141308148,-28.352517904277775,0.8727615412946754,1.391690544668844
C2 nofilter,0.3986381613676375,-20.073023889742192,-0.26988044058562366,-26.574881405862055,-0.3189398068064495,-26.574417608768574,0.1932418570983927,-26.574646171205906,0.13198194925127993,0.29650973191468566
C3 center,1.9126461849612078,-18.681845940179432,4.272578802708349,-28.842643899961466,2.834381467811543,-28.75930135913853,3.0578639318073364,-29.1601242932755,2.34431807256008,3.124753432044912
C3 thr0.38,2.0719221480240186,-18.915762937552493,3.524000801022119,-29.12821363217607,3.084241013346313,-29.01907167257149,2.8572197357065843,-29.056010593641652,2.502100012269425,2.711810480685406
C3 thr0.42,1.4015383529886627,-19.39004069400777,2.1179946140703727,-30.317606011823017,1.0835202074654937,-30.316747102864472,1.6128962663899067,-30.383058410140585,1.2201479827380393,2.187524368618787
C3 k1.25,1.4571224320440006,-19.473255277956536,3.8545829321976584,-28.19353103916451,2.036526142926265,-28.19353103916451,2.488287281804036,-28.33321716142634,1.5398339965599135,2.5190620376463695
C3 k1.75,2.874651676955242,-19.219180757734446,4.1951270422213796,-28.240715417563173,3.0971619734915468,-26.163097795226676,3.4006894056424777,-28.242046445148684,2.814341556296828,3.4342331060841165
C3 cap0.95,1.9126461849612078,-18.681845940179432,3.4692096733005986,-29.421105765635087,1.868402036294448,-29.421024047645577,2.581308754104107,-29.978474064721176,1.835613767768729,2.628297113309941
C3 N50,2.3623445372396574,-17.70897690761004,3.3922439749890163,-28.68023290206817,2.3077711945825534,-28.657267899074128,2.7884690333434214,-28.808331666530073,2.159660526177543,2.829821747701887
C3 N80,2.667249273329208,-18.540423198625895,2.820299237698041,-29.33629825863866,1.9505537391421246,-29.335137786494908,2.6053486561404053,-28.37730662345686,2.0056200802749284,2.735430897148305
C3 nofilter,1.3172271841829684,-22.994386390275196,0.6047367437570834,-26.754291936599024,0.5568548153839554,-26.754300323136714,0.9466438274024274,-26.754231735884375,0.6954491909948235,1.0886392467378094
