key,wn,wa,cap,partial,pmp,win,final,cagr,dd,dd_p10,dd_worst,cagr_p10,cagr_p90,exp,n,n2
0.00/0.06/0.06 cap0.9 pmpNone part1,0.0,0.06,0.9,True,,A,116.54380874197571,6.817319361531471,-19.727735188738578,-20.636727712197704,-20.640310721466193,6.426359545364221,6.849821051367744,17.33818154378201,27.0,0.0
0.00/0.06/0.06 cap0.9 pmpNone part1,0.0,0.06,0.9,True,,B,185.37781297015502,11.194293655535093,-29.305106520719487,-30.66299483277349,-32.12721710520054,10.48235760526199,11.79670509775747,40.761031403966555,76.0,10.0
0.00/0.06/0.06 cap0.9 pmpNone part1,0.0,0.06,0.9,True,,F,355.74507431658714,9.010828252944048,-29.519039149604776,-31.205288687304954,-32.4573681810123,8.604705583878161,9.331420997076325,29.55207662059671,103.0,10.0
0.00/0.06/0.06 cap0.95 pmpNone part1,0.0,0.06,0.95,True,,A,118.34500058673173,6.980175932039268,-21.003770750768712,-22.190808488251324,-22.60019252685348,6.592252520243651,7.178993207406988,18.081035309472,28.0,1.0
0.00/0.06/0.06 cap0.95 pmpNone part1,0.0,0.06,0.95,True,,B,194.30584152118618,11.6873654334262,-30.652103640308013,-31.923148519494994,-33.825811187198376,10.908946891931189,12.31414895911237,42.36110973460699,80.0,13.0
0.00/0.06/0.06 cap0.95 pmpNone part1,0.0,0.06,0.95,True,,F,380.32117810502683,9.364386619268872,-30.765430983196406,-32.0127616171543,-33.93887473199697,8.908036438671694,9.733627087970868,30.685590805896545,108.0,14.0
0.00/0.06/0.06 cap1.0 pmpNone part1,0.0,0.06,1.0,True,,A,120.50071191859175,7.172177131283808,-21.844974290678042,-23.349654503749655,-24.30344062341826,6.747996588300301,7.379714262487176,18.81750359821942,30.0,2.0
0.00/0.06/0.06 cap1.0 pmpNone part1,0.0,0.06,1.0,True,,B,202.6978302962826,12.132457187244494,-32.054664549293626,-33.44659051252425,-34.81285489190735,11.367310027022093,12.834310047205117,43.92685741083321,83.0,15.0
0.00/0.06/0.06 cap1.0 pmpNone part1,0.0,0.06,1.0,True,,F,405.2414013994653,9.701366048741688,-31.87244485518141,-33.58440673848526,-35.04463856311799,9.277208011820887,10.092592199877345,31.911487014544793,113.0,17.0
0.00/0.08/0.06 cap0.9 pmpNone part1,0.0,0.08,0.9,True,,A,121.59407931809923,7.268291671521288,-19.24257586780085,-22.209380189417796,-27.765016132151032,6.761822309533572,7.849856134477495,17.866488083007287,23.0,0.0
0.00/0.08/0.06 cap0.9 pmpNone part1,0.0,0.08,0.9,True,,B,177.45595661295005,10.738433289124128,-30.36538986986364,-31.280141731126086,-31.46525103085802,10.288431723810069,11.387265023344979,42.494494273422426,62.0,1.0
0.00/0.08/0.06 cap0.9 pmpNone part1,0.0,0.08,0.9,True,,F,362.6066895558599,9.11182440577134,-30.39331268229708,-31.2755131924678,-31.39689426967126,8.832942654988448,9.527876202860867,30.711131652644717,86.0,1.0
0.00/0.08/0.06 cap0.95 pmpNone part1,0.0,0.08,0.95,True,,A,124.82129426409352,7.5478552277920326,-20.57224380076449,-23.241557754801487,-27.57411442347927,7.068033010773803,7.989207836825038,18.68416380571713,24.0,0.0
0.00/0.08/0.06 cap0.95 pmpNone part1,0.0,0.08,0.95,True,,B,185.77176276531864,11.216499757354981,-30.97820596388141,-32.82039263907914,-33.45938832733476,10.752046806782808,11.924910232576838,44.680015414101206,65.0,3.0
0.00/0.08/0.06 cap0.95 pmpNone part1,0.0,0.08,0.95,True,,F,388.65835332351105,9.479406316533566,-31.03394035977941,-32.86535614856892,-33.132629551228355,9.081177204644703,9.863609634453992,32.1460686503582,90.0,3.0
0.00/0.08/0.06 cap1.0 pmpNone part1,0.0,0.08,1.0,True,,A,125.70560538142219,7.623303488502165,-21.599323440433555,-23.758292189975773,-25.700346047896794,7.24533222820712,8.133812130326117,19.524045835776903,25.0,0.0
0.00/0.08/0.06 cap1.0 pmpNone part1,0.0,0.08,1.0,True,,B,196.33617451196068,11.796625053984755,-32.14699697657699,-34.40213445087102,-35.09772635309297,11.25235058477578,12.414941777076836,46.45286984373621,67.0,4.0
0.00/0.08/0.06 cap1.0 pmpNone part1,0.0,0.08,1.0,True,,F,416.5718580475375,9.8481015397624,-32.495155868556814,-34.48558419336192,-35.28288521698399,9.415487716768506,10.231755110394888,33.530067742076156,93.0,4.0
0.00/0.10/0.06 cap0.9 pmpNone part1,0.0,0.1,0.9,True,,A,127.9308394650633,7.810825150964673,-19.044000486542,-25.24040695197394,-29.085258119520617,6.904191398128017,8.740068418181796,18.37910278022481,20.0,0.0
0.00/0.10/0.06 cap0.9 pmpNone part1,0.0,0.1,0.9,True,,B,181.2294227515656,10.95781549518402,-29.001376137850528,-32.55577145031377,-33.95811794699809,9.57294737337463,12.431190148327122,42.75812581110466,51.0,0.0
0.00/0.10/0.06 cap0.9 pmpNone part1,0.0,0.1,0.9,True,,F,393.0354297045106,9.538856479767876,-29.04471245259066,-32.63695708957254,-33.70003082618192,8.877628690661028,10.34026493573072,30.896564482746136,72.0,0.0
0.00/0.10/0.06 cap0.95 pmpNone part1,0.0,0.1,0.95,True,,A,130.6791320176302,8.038921378427599,-20.10133616039446,-25.847370521799046,-28.465878265733437,7.083586850286257,8.863497582829613,19.141578868702315,21.0,0.0
0.00/0.10/0.06 cap0.95 pmpNone part1,0.0,0.1,0.95,True,,B,188.44493120242072,11.366062870170468,-30.979226140131704,-33.844937565328316,-35.56723918190055,10.228958506118643,12.624895846266943,44.945795459151626,54.0,0.0
0.00/0.10/0.06 cap0.95 pmpNone part1,0.0,0.1,0.95,True,,F,412.16102000471244,9.79143800529818,-31.04181865525653,-33.887474641455945,-35.56718110094419,9.071431133787566,10.431108369403468,32.547702074620666,76.0,0.0
0.00/0.10/0.06 cap1.0 pmpNone part1,0.0,0.1,1.0,True,,A,133.18756773225545,8.243167407635621,-21.28915705776273,-26.188514446285026,-28.841001657690548,7.211540896279797,8.981303807375642,20.007553257474658,21.0,0.0
0.00/0.10/0.06 cap1.0 pmpNone part1,0.0,0.1,1.0,True,,B,196.0962609203652,11.783761358476818,-32.46084688434701,-35.86108915396202,-37.4064585875982,11.068741687520125,12.768896812272196,47.32115768549507,56.0,0.0
0.00/0.10/0.06 cap1.0 pmpNone part1,0.0,0.1,1.0,True,,F,429.8824216805579,10.015708701761227,-32.5793067291913,-35.86141366723989,-37.40640087749018,9.408274622182432,10.718869625895925,34.113535219473704,78.0,0.0
0.00/0.12/0.06 cap0.9 pmpNone part1,0.0,0.12,0.9,True,,A,133.58259037280135,8.27499600821765,-19.46624871747455,-26.971859187011372,-29.95256614131624,7.2749153228436265,9.327638185088324,18.99090201882431,18.0,0.0
0.00/0.12/0.06 cap0.9 pmpNone part1,0.0,0.12,0.9,True,,B,182.37763313488784,11.023727935658078,-30.035965760965595,-31.71551131031921,-32.97484545439152,9.47102182357037,12.890440234011935,43.14373842053203,43.5,0.0
0.00/0.12/0.06 cap0.9 pmpNone part1,0.0,0.12,0.9,True,,F,417.80034117371366,9.863693799179874,-29.93491672457951,-31.708127928903163,-33.263134383909275,8.982733241528942,10.969246791146862,31.271567389913447,62.0,0.0
0.00/0.12/0.06 cap0.95 pmpNone part1,0.0,0.12,0.95,True,,A,135.68073383744192,8.442758317514764,-20.61878158302106,-27.09714498134021,-30.508971037479903,7.331301032767182,9.500490817602612,19.831434139978345,19.0,0.0
0.00/0.12/0.06 cap0.95 pmpNone part1,0.0,0.12,0.95,True,,B,191.03962994902668,11.509391768859235,-31.08458784241294,-33.86020736722764,-34.6938069437438,9.970494298119736,13.514029446381864,45.208793176109396,45.0,0.0
0.00/0.12/0.06 cap0.95 pmpNone part1,0.0,0.12,0.95,True,,F,448.33639207771466,10.240058935127728,-31.088064585378543,-34.02808649004804,-35.23555323896943,9.3329249473091,11.063675677382143,32.77064931207874,64.0,0.0
0.00/0.12/0.06 cap1.0 pmpNone part1,0.0,0.12,1.0,True,,A,137.1857438294544,8.56165702436068,-21.21688659197403,-28.095439964338127,-31.545506846997775,7.642514387714061,9.75059060068328,20.549774013511733,20.0,0.0
0.00/0.12/0.06 cap1.0 pmpNone part1,0.0,0.12,1.0,True,,B,196.9892995960184,11.831549514849604,-32.16915397172912,-35.194986871034004,-36.59474163094673,10.365402022216589,13.681026049702371,47.4599661340952,48.0,0.0
0.00/0.12/0.06 cap1.0 pmpNone part1,0.0,0.12,1.0,True,,F,465.7810564100313,10.444243788562503,-32.20724546216303,-35.49176385509874,-36.98076151093878,9.638008348207853,11.31450999915718,34.30842813929517,68.0,0.0
0.00/0.15/0.06 cap0.9 pmpNone part1,0.0,0.15,0.9,True,,A,144.98570833163694,9.159634515687076,-20.428604223754782,-28.51015611489107,-31.223312137047554,7.517949737503312,10.338675938292425,19.733460084009184,16.0,0.0
0.00/0.15/0.06 cap0.9 pmpNone part1,0.0,0.15,0.9,True,,B,178.83188408882404,10.818904061157653,-29.00558502358149,-31.05090467471084,-34.49719768796301,8.625054751445704,12.9815021645143,43.305297158378856,34.5,0.0
0.00/0.15/0.06 cap0.9 pmpNone part1,0.0,0.15,0.9,True,,F,459.9294018904846,10.376596043312736,-28.857904033794274,-30.659568829033688,-33.45320424517634,9.042026716861614,11.508597996600695,31.6340417756006,50.0,0.0
0.00/0.15/0.06 cap0.95 pmpNone part1,0.0,0.15,0.95,True,,A,144.50550256217574,9.123625393399736,-20.914362461572537,-29.313512541701442,-32.31818288960934,7.736929329878446,10.49197570586175,20.376224968873437,17.0,0.0
0.00/0.15/0.06 cap0.95 pmpNone part1,0.0,0.15,0.95,True,,B,188.19663974515515,11.35202718936441,-30.88790577161414,-32.90286827559033,-35.56547101600164,9.373394345807979,13.415988128217235,45.43581634418708,37.5,0.0
0.00/0.15/0.06 cap0.95 pmpNone part1,0.0,0.15,0.95,True,,F,487.3717238795316,10.687104980976091,-30.77351273893722,-32.20291651072642,-33.77024171137947,9.467358948803039,11.83957804107709,33.14352953427071,54.0,0.0
0.00/0.15/0.06 cap1.0 pmpNone part1,0.0,0.15,1.0,True,,A,146.62204540781713,9.281382251159487,-21.351573283495952,-30.21222909594113,-34.09398380283075,7.922489674154742,10.64118637584308,21.271064849942896,17.0,0.0
0.00/0.15/0.06 cap1.0 pmpNone part1,0.0,0.15,1.0,True,,B,196.96616530772963,11.830319489695585,-32.593582552032316,-34.71512079715504,-36.641899305489915,9.836266254963759,14.081620766653774,47.7266829467984,39.0,0.0
0.00/0.15/0.06 cap1.0 pmpNone part1,0.0,0.15,1.0,True,,F,515.1211853317764,10.984618387023659,-32.54127908368633,-34.52049789975361,-35.600443050150076,9.822052921502564,12.033754979275324,34.79986155092788,56.0,0.0
0.00/0.18/0.06 cap0.9 pmpNone part1,0.0,0.18,0.9,True,,A,152.56899061100202,9.713548404793704,-21.42193737352781,-29.69318044696077,-36.5510366974321,8.04791610533291,11.296810532008834,19.932299313977598,15.0,0.0
0.00/0.18/0.06 cap0.9 pmpNone part1,0.0,0.18,0.9,True,,B,178.535360170462,10.801615485533711,-27.605152016314875,-30.56035732419194,-34.53286620561544,8.957487651176343,12.693408893333652,43.591068649338986,29.0,0.0
0.00/0.18/0.06 cap0.9 pmpNone part1,0.0,0.18,0.9,True,,F,459.4087296007147,10.370534512695285,-27.604466860360215,-30.540409391300926,-36.5510366974321,9.294804086441713,11.647168521018177,32.07338110388094,43.0,0.0
0.00/0.18/0.06 cap0.95 pmpNone part1,0.0,0.18,0.95,True,,A,154.5123270224324,9.851335208280275,-22.089116379839773,-30.46860668487784,-33.4430694501713,8.300418635359566,11.427711233510905,20.91487303723382,16.0,0.0
0.00/0.18/0.06 cap0.95 pmpNone part1,0.0,0.18,0.95,True,,B,186.16200805287298,11.238382934882573,-29.04122257749288,-31.852834894670107,-36.691704248768396,9.259678934521517,13.393842929404482,46.006734246986404,31.0,0.0
0.00/0.18/0.06 cap0.95 pmpNone part1,0.0,0.18,0.95,True,,F,494.3789205876352,10.763727583335992,-28.90948197892767,-32.048424767142855,-37.041110945358156,9.628792853411898,12.033479729877268,33.716586855066495,47.0,0.0
0.00/0.18/0.06 cap1.0 pmpNone part1,0.0,0.18,1.0,True,,A,159.2696655055432,10.18315410943379,-22.75555982507117,-31.576146018382,-34.65989034003633,8.468418607058807,11.526405982787331,21.87921191877788,16.0,0.0
0.00/0.18/0.06 cap1.0 pmpNone part1,0.0,0.18,1.0,True,,B,195.26011064336473,11.738843863592141,-31.034764479398707,-33.31101920998161,-38.67520585846979,9.37350893510196,13.903163847040153,48.09314967448251,32.5,0.0
0.00/0.18/0.06 cap1.0 pmpNone part1,0.0,0.18,1.0,True,,F,533.0447429013899,11.168779005956575,-30.97311334635392,-32.70234347762855,-37.89067629603585,9.999182511791798,12.522934530551508,35.41471568427711,48.0,0.0
0.00/0.20/0.06 cap0.9 pmpNone part1,0.0,0.2,0.9,True,,A,153.3139556744501,9.766941403674135,-22.50399254681493,-29.19463409657074,-35.55287324352475,7.99874055600828,11.271588310719942,20.12788487394395,14.0,0.0
0.00/0.20/0.06 cap0.9 pmpNone part1,0.0,0.2,0.9,True,,B,176.99011942365112,10.711053233431311,-30.934634646652515,-31.609869822099988,-35.98671793227973,8.350252067739817,12.941086641957023,44.405889350010064,27.0,0.0
0.00/0.20/0.06 cap0.9 pmpNone part1,0.0,0.2,0.9,True,,F,460.6204298449374,10.384382533270408,-30.934634646652537,-31.59079388636714,-35.55287324352475,9.251212676339167,11.87176800588046,32.501293381441776,40.0,0.0
0.00/0.20/0.06 cap0.95 pmpNone part1,0.0,0.2,0.95,True,,A,157.6762619775997,10.073264523643354,-23.332157165200666,-30.818549503687244,-37.82792821432345,8.358109630229063,11.631853679885026,21.05555075369564,14.0,0.0
0.00/0.20/0.06 cap0.95 pmpNone part1,0.0,0.2,0.95,True,,B,186.93535166901415,11.281831871013893,-30.135926375942425,-32.471460526642964,-36.56488488423532,9.272757912596967,13.402896078110105,46.36096766208529,28.0,0.0
0.00/0.20/0.06 cap0.95 pmpNone part1,0.0,0.2,0.95,True,,F,501.23619832724177,10.837653436206107,-30.135396045517066,-31.853384146848253,-37.82792821432345,9.70678622963607,12.217861916553133,33.96579989452474,42.0,0.0
0.00/0.20/0.06 cap1.0 pmpNone part1,0.0,0.2,1.0,True,,A,164.54936729979488,10.540666181750957,-23.210673872360964,-32.72788541750006,-40.068601756126284,8.713441353424304,12.23079458789409,22.074524731208356,15.0,0.0
0.00/0.20/0.06 cap1.0 pmpNone part1,0.0,0.2,1.0,True,,B,195.038886669883,11.72690594072241,-30.332691427275616,-33.589187182462965,-38.080702475022946,9.653120956959834,13.753133289680653,48.35350455721728,29.0,0.0
0.00/0.20/0.06 cap1.0 pmpNone part1,0.0,0.2,1.0,True,,F,541.6697536586375,11.255289721217176,-30.3318747415945,-33.50075744891981,-40.068601756126284,10.07961754845916,12.634257393207877,35.54404114896448,43.0,0.0
0.00/0.25/0.06 cap0.9 pmpNone part1,0.0,0.25,0.9,True,,A,153.37495284563852,9.77127554370153,-23.092030696065947,-30.007151736985822,-34.553656502593974,8.07746487774494,11.432409063217133,20.619453208834916,11.0,0.0
0.00/0.25/0.06 cap0.9 pmpNone part1,0.0,0.25,0.9,True,,B,178.30069547655907,10.78791105514869,-34.414520663742934,-36.355933258811135,-39.27418483017966,7.007157450237333,13.38378441943219,45.92776061406612,21.0,0.0
0.00/0.25/0.06 cap0.9 pmpNone part1,0.0,0.25,0.9,True,,F,439.7625533916747,10.136936809792774,-36.35267906515899,-36.355682173621595,-36.355933258811156,8.672462322036028,12.301291706305017,33.58890660769916,32.0,0.0
0.00/0.25/0.06 cap0.95 pmpNone part1,0.0,0.25,0.95,True,,A,159.06390090545136,10.16746618528278,-23.880178990596086,-31.123994504126152,-36.09967689693035,8.445619744731436,11.90782364089619,21.714875447660205,12.0,0.0
0.00/0.25/0.06 cap0.95 pmpNone part1,0.0,0.25,0.95,True,,B,185.92813218169874,11.224981185569916,-35.415106245361905,-38.21063474396011,-40.75332946935505,7.580256529859462,14.228677420444713,47.75424743313297,22.0,0.0
0.00/0.25/0.06 cap0.95 pmpNone part1,0.0,0.25,0.95,True,,F,474.6293075184487,10.544396929607169,-38.207658313674386,-38.21060913865004,-38.210865191750884,9.048876754501997,12.7844780762041,35.26544065157232,33.5,0.0
0.00/0.25/0.06 cap1.0 pmpNone part1,0.0,0.25,1.0,True,,A,163.48354447032003,10.466959974356026,-24.355906867114307,-32.18341911192927,-37.62520905387352,8.718174301823325,12.33859284328285,22.656700059042638,12.0,0.0
0.00/0.25/0.06 cap1.0 pmpNone part1,0.0,0.25,1.0,True,,B,194.92995809127618,11.721058048840282,-35.60994680015781,-40.04542176106478,-42.02569967403444,7.416332600375579,14.88215849915997,49.88952225163301,23.0,0.0
0.00/0.25/0.06 cap1.0 pmpNone part1,0.0,0.25,1.0,True,,F,498.92020506648197,10.812286294498541,-40.04249616237171,-40.04539567137094,-40.04565656830953,9.345834420521152,13.192773548539066,36.87799891186275,34.0,0.0
0.01/0.06/0.06 cap0.9 pmpNone part1,0.01,0.06,0.9,True,,A,122.30777823914448,7.330757126565723,-19.37226440301789,-21.211466893146095,-24.90786259665464,6.954875789999329,7.517162483400071,18.885308206423375,67.0,0.0
0.01/0.06/0.06 cap0.9 pmpNone part1,0.01,0.06,0.9,True,,B,181.98177360185042,11.00106911763925,-29.06169690921383,-30.874610763463746,-31.718041399686527,10.586021288874962,11.760144945653781,43.97196303057489,154.0,6.0
0.01/0.06/0.06 cap0.9 pmpNone part1,0.01,0.06,0.9,True,,F,372.30442626397337,9.25151003035467,-29.158742161600376,-31.00492969056652,-31.906974892076857,8.914773476861688,9.519440259370167,32.01377212390295,221.0,6.0
0.01/0.06/0.06 cap0.95 pmpNone part1,0.01,0.06,0.95,True,,A,124.12299317249793,7.487941548089849,-20.69346358319714,-21.66127191975784,-24.13598169159036,7.117036770447072,7.545823256618636,19.67334776444234,68.0,0.0
0.01/0.06/0.06 cap0.95 pmpNone part1,0.01,0.06,0.95,True,,B,193.1490639378589,11.624651452935442,-30.738547223520595,-32.62286490571601,-33.21166894003809,10.992386781356107,12.406323738049917,45.80126263567594,157.0,8.0
0.01/0.06/0.06 cap0.95 pmpNone part1,0.01,0.06,0.95,True,,F,399.48784592668784,9.625347412540751,-30.592841734802782,-32.75515868542634,-33.60828823976646,9.217340901535637,9.881888981675615,33.25213216512132,226.0,8.0
0.01/0.06/0.06 cap1.0 pmpNone part1,0.01,0.06,1.0,True,,A,126.00925259462996,7.649099490012312,-21.950947304115136,-22.285046984270146,-22.361697189888872,7.278393685285993,7.6861167837201565,20.422043496904884,69.0,1.0
0.01/0.06/0.06 cap1.0 pmpNone part1,0.01,0.06,1.0,True,,B,203.55416494596386,12.17693910333011,-31.984277100113438,-33.61314321230412,-34.894956884099656,11.61014866057675,12.880369151494223,47.40441461787886,161.0,10.0
0.01/0.06/0.06 cap1.0 pmpNone part1,0.01,0.06,1.0,True,,F,423.049586691713,9.930294181078214,-32.06507357177525,-34.06223877703932,-35.32737828521127,9.532421581217074,10.231945457031868,34.51604914997187,231.0,11.0
0.01/0.08/0.06 cap0.9 pmpNone part1,0.01,0.08,0.9,True,,A,126.52830941962856,7.693064796228866,-18.88084599461695,-24.763833866638436,-26.622683323225495,6.914425804135889,8.425401086440537,19.519526764419837,63.0,0.0
0.01/0.08/0.06 cap0.9 pmpNone part1,0.01,0.08,0.9,True,,B,181.20122470441362,10.956192940291565,-29.010464010462115,-32.11965795656192,-32.984192087263885,10.20618607971275,11.903153851015084,44.78683963405224,142.0,0.0
0.01/0.08/0.06 cap0.9 pmpNone part1,0.01,0.08,0.9,True,,F,380.48359063453734,9.366654292286702,-29.505146131302535,-32.13702685273735,-32.984150324051484,8.93571011357773,9.979429347481561,32.57784596345722,205.0,0.0
0.01/0.08/0.06 cap0.95 pmpNone part1,0.01,0.08,0.95,True,,A,128.3386461666644,7.845145221126426,-19.98442714966977,-25.568635945308767,-28.326369900643588,7.31650565307808,8.56136263473639,20.09613907594927,63.0,0.0
0.01/0.08/0.06 cap0.95 pmpNone part1,0.01,0.08,0.95,True,,B,187.2990704595415,11.302185815369691,-31.230827259189773,-32.152875432354826,-33.860157103352115,10.53455737858409,12.07447565457474,47.031663400290455,144.0,0.0
0.01/0.08/0.06 cap0.95 pmpNone part1,0.01,0.08,0.95,True,,F,401.99090871110786,9.65855005881261,-31.528988808101744,-32.16944722214862,-33.77682880562421,9.264684436053399,10.125815317470265,34.181135579304936,208.0,0.0
0.01/0.08/0.06 cap1.0 pmpNone part1,0.01,0.08,1.0,True,,A,130.83193386948878,8.05146643905833,-20.978466276228147,-25.644664287744924,-29.34714506235484,7.528981119972175,8.637501274282062,21.04562480577375,64.0,0.0
0.01/0.08/0.06 cap1.0 pmpNone part1,0.01,0.08,1.0,True,,B,195.10633270792425,11.730564824465795,-33.08197047699633,-33.92749300911222,-34.255467219429924,11.103357983214337,12.298541160004408,49.27113157001883,148.0,1.0
0.01/0.08/0.06 cap1.0 pmpNone part1,0.01,0.08,1.0,True,,F,428.3000876346761,9.99604500285215,-33.11693461462487,-34.11038685211669,-34.183987591175466,9.5826610734217,10.365666790854105,35.72117661285527,212.5,1.0
0.01/0.10/0.06 cap0.9 pmpNone part1,0.01,0.1,0.9,True,,A,132.4205766416402,8.181087792502817,-19.629745385279413,-26.383576373147427,-28.217674869275754,7.313695615075256,9.163868890474255,20.002681766815282,60.0,0.0
0.01/0.10/0.06 cap0.9 pmpNone part1,0.01,0.1,0.9,True,,B,182.26971258669948,11.017582471177645,-28.172647923176303,-30.969767456673168,-32.117489243677966,9.665948141522854,12.79369321265581,45.12561539194706,130.0,0.0
0.01/0.10/0.06 cap0.9 pmpNone part1,0.01,0.1,0.9,True,,F,409.47343188030175,9.756518554669336,-29.119673876917112,-31.272391447596448,-32.59575453151324,9.062706428056465,10.601052387431622,32.88804601235154,191.0,0.0
0.01/0.10/0.06 cap0.95 pmpNone part1,0.01,0.1,0.95,True,,A,134.66115793627594,8.361540771763199,-20.456476084195884,-26.663353138774117,-30.617779766629983,7.540129928510868,9.395496004003721,20.816862390312664,61.0,0.0
0.01/0.10/0.06 cap0.95 pmpNone part1,0.01,0.1,0.95,True,,B,188.52035585337424,11.3701823540028,-29.97595410728502,-32.85322092168256,-33.983219197302425,10.15681280476746,12.941412101063499,47.22751734300912,133.0,0.0
0.01/0.10/0.06 cap0.95 pmpNone part1,0.01,0.1,0.95,True,,F,434.01909909722264,10.066794451744842,-30.01996713146862,-33.36094194966435,-34.38771568291257,9.313026509017279,10.79243767121228,34.44162217663411,194.0,0.0
0.01/0.10/0.06 cap1.0 pmpNone part1,0.01,0.1,1.0,True,,A,136.68325875903253,8.522092890577104,-20.624216298216357,-27.721520228806547,-32.291324915067435,7.533728499146459,9.5487809429395,21.61207401127856,62.0,0.0
0.01/0.10/0.06 cap1.0 pmpNone part1,0.01,0.1,1.0,True,,B,196.67130597139598,11.81452293421199,-31.594117382242604,-35.02514305347006,-36.12730245674922,10.623091367019894,13.476361905484726,49.49782307623398,136.0,0.0
0.01/0.10/0.06 cap1.0 pmpNone part1,0.01,0.1,1.0,True,,F,460.6780500110298,10.385288195357578,-31.874985568609777,-35.41637545482066,-36.12967359351066,9.664589898484692,11.126934812136106,36.073395824078055,198.0,0.0
0.01/0.12/0.06 cap0.9 pmpNone part1,0.01,0.12,0.9,True,,A,138.6236162252468,8.674154941819001,-20.997865991859737,-27.509725691098087,-30.127709700142802,7.532231206298726,9.755674764717776,20.52293334877449,57.0,0.0
0.01/0.12/0.06 cap0.9 pmpNone part1,0.01,0.12,0.9,True,,B,180.43364453029875,10.911906111637782,-28.855635770990833,-30.116460556869658,-31.49780367949123,9.23505049074092,12.788580127813894,45.231154612132954,122.0,0.0
0.01/0.12/0.06 cap0.9 pmpNone part1,0.01,0.12,0.9,True,,F,431.68646543789373,10.038008718271008,-28.600001003783788,-30.115709036052696,-31.05068058269964,9.180501516063986,11.026697964714032,33.05631583301194,179.0,0.0
0.01/0.12/0.06 cap0.95 pmpNone part1,0.01,0.12,0.95,True,,A,141.4221980726523,8.89012432596048,-20.786514135086016,-28.098734055094482,-31.349781215406846,7.766159756679232,9.945806851335124,21.32514409396503,59.0,0.0
0.01/0.12/0.06 cap0.95 pmpNone part1,0.01,0.12,0.95,True,,B,189.82252609271916,11.442389743986814,-30.528324261017147,-32.05508654506832,-33.28788312997256,9.717654548985626,13.203747627094872,47.5320814685269,125.0,0.0
0.01/0.12/0.06 cap0.95 pmpNone part1,0.01,0.12,0.95,True,,F,454.6042605803567,10.314305432934868,-30.528636635865915,-32.226386168553155,-33.28757534688136,9.521958814586673,11.428988690437269,34.64678465877189,183.0,0.0
0.01/0.12/0.06 cap1.0 pmpNone part1,0.01,0.12,1.0,True,,A,142.41960743098664,8.96617158612213,-21.604823651551225,-29.360690287278317,-31.891864336911148,8.027547896048867,10.092395439322956,22.230369658645603,59.0,0.0
0.01/0.12/0.06 cap1.0 pmpNone part1,0.01,0.12,1.0,True,,B,200.41422027250127,12.012959110682742,-31.81033861512831,-33.77781210752674,-35.14948776949175,10.298918665163729,13.900721544867768,49.71969479292247,128.0,0.0
0.01/0.12/0.06 cap1.0 pmpNone part1,0.01,0.12,1.0,True,,F,482.0313722817803,10.627982941127812,-32.61175710915214,-34.05267685970493,-35.61047069225937,9.910899751244006,11.819294166358972,36.20787394907139,187.0,0.0
0.01/0.15/0.06 cap0.9 pmpNone part1,0.01,0.15,0.9,True,,A,145.97258574569835,9.23268745143334,-21.64508207227527,-28.25702495801592,-30.76902671143603,8.087830941691191,10.790867955216136,21.291750450484425,55.5,0.0
0.01/0.15/0.06 cap0.9 pmpNone part1,0.01,0.15,0.9,True,,B,175.62756297614987,10.630587318764917,-26.801552312949234,-29.028411229317065,-32.56687479798265,9.054388917158414,12.520635430898821,45.57995081302471,115.0,0.0
0.01/0.15/0.06 cap0.9 pmpNone part1,0.01,0.15,0.9,True,,F,449.2989887938736,10.25155231580902,-26.766100454611184,-29.26119926097891,-33.148847150348494,9.35117214458902,11.346089399096662,33.469621214233875,170.0,0.0
0.01/0.15/0.06 cap0.95 pmpNone part1,0.01,0.15,0.95,True,,A,150.3274787724498,9.552651178909299,-22.841555284603317,-29.391285233476882,-32.024313709108554,8.177484555549738,10.878190122569876,22.143573573764723,56.0,0.0
0.01/0.15/0.06 cap0.95 pmpNone part1,0.01,0.15,0.95,True,,B,184.77366243367482,11.160132745720963,-29.023195092847466,-30.233828850658064,-34.694463521868,9.268513016536033,13.159210475579492,47.86978077221762,116.0,0.0
0.01/0.15/0.06 cap0.95 pmpNone part1,0.01,0.15,0.95,True,,F,477.94123433609286,10.582317547430586,-28.8651406650118,-30.191436365356534,-34.372567019061016,9.621333049830035,11.850519338343968,35.193286324681196,171.0,0.0
0.01/0.15/0.06 cap1.0 pmpNone part1,0.01,0.15,1.0,True,,A,153.15123633596068,9.755364718733029,-23.689237291466796,-30.61523154055018,-33.200255125439014,8.218173252625496,11.12508678873424,23.005679152881417,58.0,0.0
0.01/0.15/0.06 cap1.0 pmpNone part1,0.01,0.15,1.0,True,,B,196.09816066894078,11.783870300694188,-30.997333659808955,-32.06705793867597,-36.10203425763924,9.458087090407098,13.842517336054383,49.90329977060759,119.0,0.0
0.01/0.15/0.06 cap1.0 pmpNone part1,0.01,0.15,1.0,True,,F,525.6639373241512,11.093481475183008,-30.996359001714925,-32.66585234929649,-35.013081783492204,9.913525160125891,12.285505385684985,36.74238949198171,176.0,0.0
0.01/0.18/0.06 cap0.9 pmpNone part1,0.01,0.18,0.9,True,,A,149.81008896673998,9.515069383418407,-22.29765987376001,-28.359057236279135,-34.20387891458605,8.160265090054049,10.967467362041608,21.4296547062999,51.0,0.0
0.01/0.18/0.06 cap0.9 pmpNone part1,0.01,0.18,0.9,True,,B,176.43414471140284,10.678251850523935,-30.221021476696468,-30.809044651206165,-33.714074780831595,8.305896046761577,12.79128611105409,46.315191034473635,107.0,0.0
0.01/0.18/0.06 cap0.9 pmpNone part1,0.01,0.18,0.9,True,,F,451.1543286007026,10.273578383400551,-30.80729825932975,-30.80904465120614,-34.20387891458605,9.196447374227287,11.718071354139012,34.114595732780515,156.0,0.0
0.01/0.18/0.06 cap0.95 pmpNone part1,0.01,0.18,0.95,True,,A,155.94135543338368,9.952373127785052,-23.254920006314173,-29.762844024590656,-36.509974595688796,8.497421023801506,11.34342852722669,22.399691061604724,51.0,0.0
0.01/0.18/0.06 cap0.95 pmpNone part1,0.01,0.18,0.95,True,,B,184.0777325481842,11.120542365165932,-29.996820006335078,-31.396663295540733,-34.885570034126644,9.293282567400512,13.172050551040302,48.32699116670663,108.0,0.0
0.01/0.18/0.06 cap0.95 pmpNone part1,0.01,0.18,0.95,True,,F,491.3136625004327,10.730337322007088,-29.996823064947552,-30.819115868156864,-36.509974595688796,9.682535404509332,12.119661566330278,35.54861749002496,158.0,0.0
0.01/0.18/0.06 cap1.0 pmpNone part1,0.01,0.18,1.0,True,,A,160.49252583318773,10.26525276845196,-24.019390726052244,-31.43658953147427,-38.34329232728141,8.793885143626163,11.845910765973723,23.31889764991812,56.0,0.0
0.01/0.18/0.06 cap1.0 pmpNone part1,0.01,0.18,1.0,True,,B,193.51737404367523,11.644654208679238,-29.18928575386862,-32.600160613654594,-35.89639048208429,9.824485318078354,13.568770448950044,50.277031513348746,112.0,0.0
0.01/0.18/0.06 cap1.0 pmpNone part1,0.01,0.18,1.0,True,,F,539.6889219425253,11.235537384492622,-29.189288787846223,-32.35197944436478,-38.34329232728141,10.139764614538779,12.44989079008119,37.01703387187884,168.0,0.0
0.01/0.20/0.06 cap0.9 pmpNone part1,0.01,0.2,0.9,True,,A,147.62472019717168,9.355401223012771,-22.486388068070966,-28.40565280099616,-33.19722692871328,8.124719599605015,11.182923816389783,21.64960361811542,51.0,0.0
0.01/0.20/0.06 cap0.9 pmpNone part1,0.01,0.2,0.9,True,,B,176.42472258321635,10.677740771218247,-31.549331370515986,-34.67992004763292,-35.24373941711721,7.099897256401719,13.254197222976638,46.594255384574204,105.0,0.0
0.01/0.20/0.06 cap0.9 pmpNone part1,0.01,0.2,0.9,True,,F,427.45568328499996,9.98538961639709,-34.67793772918355,-34.67990452960773,-34.68006322717672,8.70936770929041,11.937578757541175,34.376423346344104,153.0,0.0
0.01/0.20/0.06 cap0.95 pmpNone part1,0.01,0.2,0.95,True,,A,156.0757117652111,9.961781151070625,-23.34485769662351,-29.752588208138647,-35.50883016328083,8.469848535165053,11.482076512723356,22.511926842738614,51.0,0.0
0.01/0.20/0.06 cap0.95 pmpNone part1,0.01,0.2,0.95,True,,B,182.74684749802194,11.044737516274106,-32.26023121823792,-34.354696098289864,-36.99451603040893,8.272568132882993,13.563651210567446,48.75203606297192,107.0,0.0
0.01/0.20/0.06 cap0.95 pmpNone part1,0.01,0.2,0.95,True,,F,478.83025289786474,10.592201347752251,-34.352725111635976,-34.35483443750357,-35.50883016328083,9.24200116909854,12.231810179006889,35.975668129575716,156.0,0.0
0.01/0.20/0.06 cap1.0 pmpNone part1,0.01,0.2,1.0,True,,A,161.0570517023614,10.304997305157581,-24.359474416440598,-31.281115169367162,-37.783874367269924,8.797328302298654,11.937771452162682,23.415070635139372,51.0,0.0
0.01/0.20/0.06 cap1.0 pmpNone part1,0.01,0.2,1.0,True,,B,192.0279748748788,11.563545926191065,-33.27683993476094,-33.514510181445864,-37.26854691439302,9.078385088986678,13.817154092056933,51.02607775359318,107.0,0.0
0.01/0.20/0.06 cap1.0 pmpNone part1,0.01,0.2,1.0,True,,F,534.05438028831,11.17873186174302,-33.51154157874506,-33.51449204582525,-37.783874367269924,9.946383934217277,12.810984264336373,37.53750494035243,157.0,0.0
0.01/0.25/0.06 cap0.9 pmpNone part1,0.01,0.25,0.9,True,,A,149.83071466483148,9.51663646315206,-22.006326617624776,-29.141564536342685,-33.53884227741327,7.838729353560899,11.603107513847462,21.515183259158157,48.0,0.0
0.01/0.25/0.06 cap0.9 pmpNone part1,0.01,0.25,0.9,True,,B,171.7832025048133,10.40047213780879,-32.71940315975418,-34.70455822354579,-37.66825294275513,7.096704906827815,12.30700107162379,48.14277974750946,99.0,0.0
0.01/0.25/0.06 cap0.9 pmpNone part1,0.01,0.25,0.9,True,,F,425.602777670335,9.962366701433378,-34.70123741894327,-34.7043104262691,-34.70455863807969,8.679003358459543,11.741056189925324,35.085604213999325,147.0,0.0
0.01/0.25/0.06 cap0.95 pmpNone part1,0.01,0.25,0.95,True,,A,154.43833658590856,9.84664538699127,-23.423588948250075,-30.188248482480102,-35.099434724853396,8.30166095896125,11.928261033153806,22.68094713033724,48.0,0.0
0.01/0.25/0.06 cap0.95 pmpNone part1,0.01,0.25,0.95,True,,B,180.47974417621376,10.914387790155732,-34.47572379097883,-36.589935523828345,-38.9395283430803,7.023438605487649,13.323036641795047,50.41285032551609,99.0,0.0
0.01/0.25/0.06 cap0.95 pmpNone part1,0.01,0.25,0.95,True,,F,476.87219038641473,10.570190314871086,-36.58666648498466,-36.589685628816724,-36.589938987761926,9.109310823926009,12.381717541963006,36.79469869693597,146.5,0.0
0.01/0.25/0.06 cap1.0 pmpNone part1,0.01,0.25,1.0,True,,A,160.36200656261377,10.258076310612052,-24.41659766969219,-31.44036014150739,-36.6377798873163,8.621154078809782,12.252954300481168,23.74054832109697,48.0,0.0
0.01/0.25/0.06 cap1.0 pmpNone part1,0.01,0.25,1.0,True,,B,189.02254825394786,11.397716504448962,-35.89102722315589,-38.443411106061006,-40.24168150749162,7.462227476989288,14.06188531023917,52.46909196046595,99.0,0.0
0.01/0.25/0.06 cap1.0 pmpNone part1,0.01,0.25,1.0,True,,F,515.952954935652,10.992097511975718,-38.440189347185886,-38.4434232627253,-38.444778687542055,9.466539954057636,13.000474903978414,38.438969788990526,147.0,0.0
0.02/0.06/0.06 cap0.9 pmpNone part1,0.02,0.06,0.9,True,,A,125.83995959184169,7.634722687748107,-20.76003160429851,-23.451197569425357,-25.066858884911568,7.246792805469042,8.08343775026289,20.609262840649755,63.0,0.0
0.02/0.06/0.06 cap0.9 pmpNone part1,0.02,0.06,0.9,True,,B,177.85684373193467,10.761932876491242,-29.149098056244384,-30.29513982833587,-30.584839824349608,10.350547953287888,11.190532445391797,46.41497196948093,144.0,1.0
0.02/0.06/0.06 cap0.9 pmpNone part1,0.02,0.06,0.9,True,,F,373.24243750335285,9.264836633455797,-29.153623129905377,-30.33766787077144,-30.420220344211746,8.947459231676461,9.589221781864385,34.086352218321714,207.0,1.0
0.02/0.06/0.06 cap0.95 pmpNone part1,0.02,0.06,0.95,True,,A,128.44941478630597,7.854387218352166,-20.652847443131982,-23.933917933743626,-25.486609015109508,7.429323800586558,8.229326985912675,21.339273897283103,65.0,0.0
0.02/0.06/0.06 cap0.95 pmpNone part1,0.02,0.06,0.95,True,,B,189.31557721161028,11.414360088210662,-30.55902888669639,-31.92235036213127,-32.67358961789806,10.976388787513036,11.825957565256562,48.40270867985183,149.0,3.0
0.02/0.06/0.06 cap0.95 pmpNone part1,0.02,0.06,0.95,True,,F,403.134102567409,9.67364608828618,-30.803607550996233,-31.930503923724984,-32.48980585214108,9.35107063205171,10.017749391684985,35.45696127226329,213.0,3.0
0.02/0.06/0.06 cap1.0 pmpNone part1,0.02,0.06,1.0,True,,A,130.67502192716205,8.038585060761283,-21.420914660117894,-25.20732923676075,-26.355893359574388,7.607868757901601,8.268554047929925,22.043636388290906,66.0,0.0
0.02/0.06/0.06 cap1.0 pmpNone part1,0.02,0.06,1.0,True,,B,200.65914134622236,12.025887778931455,-31.510053926618415,-33.528446215618885,-34.2925473551428,11.52072685287205,12.522155335351282,50.281857129393295,152.0,5.0
0.02/0.06/0.06 cap1.0 pmpNone part1,0.02,0.06,1.0,True,,F,434.93680781178494,10.078064447437828,-31.80180757876378,-33.62364976831563,-34.48857614291938,9.712856370274256,10.335459520997617,36.80414173802466,218.0,5.0
0.02/0.08/0.06 cap0.9 pmpNone part1,0.02,0.08,0.9,True,,A,131.39367659634357,8.097460607199347,-19.440311145451332,-24.541101696237376,-27.919097301168794,7.412764774298475,8.850947625203018,20.970781305473984,59.0,0.0
0.02/0.08/0.06 cap0.9 pmpNone part1,0.02,0.08,0.9,True,,B,176.8147487314079,10.700731825740284,-28.25939001441243,-30.796154671647276,-31.348119474169287,9.66895445743676,12.025083068469742,46.696378269544894,130.0,0.0
0.02/0.08/0.06 cap0.9 pmpNone part1,0.02,0.08,0.9,True,,F,397.51968675108486,9.599111057453058,-28.31784640557457,-30.91478231771298,-31.655149167965348,9.04543761768662,10.228796787110973,34.234882123321654,190.0,0.0
0.02/0.08/0.06 cap0.95 pmpNone part1,0.02,0.08,0.95,True,,A,134.57487529382274,8.354606646866912,-20.688062062934303,-25.661518490157896,-28.64385059637149,7.601091052231149,8.984309350666795,21.83161518052284,61.0,0.0
0.02/0.08/0.06 cap0.95 pmpNone part1,0.02,0.08,0.95,True,,B,186.24717667333374,11.243240532276744,-30.01631035560679,-32.31003277868182,-33.443329763163675,10.343108356402881,12.576311745297069,49.00702316202545,134.0,0.0
0.02/0.08/0.06 cap0.95 pmpNone part1,0.02,0.08,0.95,True,,F,419.8470570257422,9.889813185563623,-30.00781282945913,-32.760633893522595,-33.44333330551802,9.303229755345392,10.463153354454805,35.9253945477929,196.0,0.0
0.02/0.08/0.06 cap1.0 pmpNone part1,0.02,0.08,1.0,True,,A,136.42417454893751,8.501618188379133,-21.183221711019257,-26.615237470629822,-28.2080471351825,7.745186287091268,9.113923783688664,22.751277316032386,62.0,0.0
0.02/0.08/0.06 cap1.0 pmpNone part1,0.02,0.08,1.0,True,,B,195.06692179214872,11.728431966001851,-31.69814787232259,-34.90196783075199,-35.31701367953638,11.028073306623282,12.753144538823975,51.118595195420966,137.5,0.0
0.02/0.08/0.06 cap1.0 pmpNone part1,0.02,0.08,1.0,True,,F,441.4243246388279,10.157089148937038,-32.10972054222051,-34.983737266044955,-35.3170152732368,9.668423680833593,10.73871036275053,37.497171399449456,200.0,0.0
0.02/0.10/0.06 cap0.9 pmpNone part1,0.02,0.1,0.9,True,,A,137.4322155384973,8.581015630798793,-20.24907927311595,-25.881803697885665,-28.804371001442085,7.692169091398505,9.524627048463163,21.472616575114134,57.0,0.0
0.02/0.10/0.06 cap0.9 pmpNone part1,0.02,0.1,0.9,True,,B,178.47830283354185,10.798260840898877,-28.11577968826012,-29.307664517668712,-30.292887976919914,9.3688105038465,12.257877983612223,47.10996966981471,121.0,0.0
0.02/0.10/0.06 cap0.9 pmpNone part1,0.02,0.1,0.9,True,,F,414.87131659881857,9.82631529035266,-28.462767805062693,-29.374019787234136,-30.292669943544638,9.178206029765109,10.777423271952465,34.5043950033547,179.0,0.0
0.02/0.10/0.06 cap0.95 pmpNone part1,0.02,0.1,0.95,True,,A,138.95453340749714,8.699896307370691,-20.653338450907082,-26.486777135448193,-29.368074222791485,7.989308658759593,9.683524117449597,22.275463262998606,58.0,0.0
0.02/0.10/0.06 cap0.95 pmpNone part1,0.02,0.1,0.95,True,,B,188.93859578781468,11.393432623395794,-29.443405898702025,-31.347427768184843,-32.64171576441248,9.889238304092478,12.946974073922076,49.31276693783674,124.0,0.0
0.02/0.10/0.06 cap0.95 pmpNone part1,0.02,0.1,0.95,True,,F,443.33393666135447,10.180030190772449,-30.103400290771226,-31.453290728248582,-32.48951727538591,9.626026950182673,11.17821098467336,36.10839326535559,183.0,0.0
0.02/0.10/0.06 cap1.0 pmpNone part1,0.02,0.1,1.0,True,,A,141.40415337743727,8.888739497322495,-21.82246724492422,-27.99733359214996,-29.868049672116303,8.058192601157758,9.914186083889591,23.186951132800242,59.0,0.0
0.02/0.10/0.06 cap1.0 pmpNone part1,0.02,0.1,1.0,True,,B,197.45426585504302,11.85631174197922,-30.758022607369018,-33.39155529088254,-34.52019223655096,10.315710057346612,13.599586291265583,51.50848270547792,128.0,0.0
0.02/0.10/0.06 cap1.0 pmpNone part1,0.02,0.1,1.0,True,,F,473.68142320897635,10.534305503841212,-31.849638964520523,-33.630203895500934,-34.89895869223619,9.930110908268526,11.424105523327437,37.76189877058082,187.0,0.0
0.02/0.12/0.06 cap0.9 pmpNone part1,0.02,0.12,0.9,True,,A,143.45101747047696,9.044305257164808,-21.14015591965365,-26.907005037683838,-29.268437677553404,7.834821871482895,10.127251454044309,21.991110894907273,55.0,0.0
0.02/0.12/0.06 cap0.9 pmpNone part1,0.02,0.12,0.9,True,,B,175.695688255819,10.634568318348814,-26.942330963863785,-27.934043109138447,-31.274790412905297,8.880964051172077,12.147507474941571,47.268519601843344,114.5,0.0
0.02/0.12/0.06 cap0.9 pmpNone part1,0.02,0.12,0.9,True,,F,429.67950580738,10.013192582903185,-26.942303497482612,-28.24633370630903,-30.680386297045793,9.171779419130548,11.081996832767475,34.853838729991004,170.0,0.0
0.02/0.12/0.06 cap0.95 pmpNone part1,0.02,0.12,0.95,True,,A,144.9744076186488,9.158791719527503,-21.80962740921736,-28.105322193323186,-30.440914524076103,8.086252163276013,10.339355904304622,22.78194330633517,56.0,0.0
0.02/0.12/0.06 cap0.95 pmpNone part1,0.02,0.12,0.95,True,,B,184.8720138153153,11.165714141992067,-29.07215379038189,-29.815191889831933,-31.965575202355588,9.355727204351433,12.835190466975089,49.423475529915606,119.0,0.0
0.02/0.12/0.06 cap0.95 pmpNone part1,0.02,0.12,0.95,True,,F,467.52830758996566,10.464283120696082,-29.119067260968606,-29.969136896214536,-31.28082703648515,9.65905871783872,11.484900051334028,36.41242286268781,175.0,0.0
0.02/0.12/0.06 cap1.0 pmpNone part1,0.02,0.12,1.0,True,,A,148.03529094063194,9.38557804570227,-22.677645115782745,-29.507009545869916,-32.261040163454155,8.255829873873907,10.526363689542897,23.612474875534637,56.0,0.0
0.02/0.12/0.06 cap1.0 pmpNone part1,0.02,0.12,1.0,True,,B,194.93005680009188,11.721052154891765,-31.075526042652662,-32.02336086585472,-33.11196350337573,10.11854104073604,13.63124357398714,51.79736741003761,121.0,0.0
0.02/0.12/0.06 cap1.0 pmpNone part1,0.02,0.12,1.0,True,,F,500.8349644925235,10.833365489685399,-31.146266404883605,-31.922154517159335,-32.899373105237906,9.952045353712617,11.811339075058365,38.02293673912378,178.0,0.0
0.02/0.15/0.06 cap0.9 pmpNone part1,0.02,0.15,0.9,True,,A,147.8806586204398,9.374213253737063,-21.61035895560624,-27.38621006628264,-33.288319935603624,8.304673454947094,10.658079401354598,22.308195929957396,53.0,0.0
0.02/0.15/0.06 cap0.9 pmpNone part1,0.02,0.15,0.9,True,,B,173.5246990488154,10.505323179039816,-28.46565930536308,-28.92538593621161,-31.21633004543999,8.677358912057967,12.425943385564912,48.04485167484599,107.0,0.0
0.02/0.15/0.06 cap0.9 pmpNone part1,0.02,0.15,0.9,True,,F,443.60155138884187,10.18335766091626,-28.465673417471155,-28.467567034154357,-33.288319935603624,9.26102934052835,11.47689182918133,35.33500268294827,159.0,0.0
0.02/0.15/0.06 cap0.95 pmpNone part1,0.02,0.15,0.95,True,,A,153.022030049684,9.745280997871165,-22.745588598394306,-28.960508892507587,-34.73407464346968,8.546063108389097,10.94610138882864,23.25394866297113,55.0,0.0
0.02/0.15/0.06 cap0.95 pmpNone part1,0.02,0.15,0.95,True,,B,183.4070385459471,11.082544004122152,-27.658054031287783,-30.011430313577293,-32.20242467949207,9.484834355841256,12.723040716302867,49.903018945654985,110.0,0.0
0.02/0.15/0.06 cap0.95 pmpNone part1,0.02,0.15,0.95,True,,F,488.5507420267377,10.700074043741893,-27.65786983782852,-29.740017729980835,-34.73407464346968,9.666266833253562,11.771968821328253,36.798097418949915,165.0,0.0
0.02/0.15/0.06 cap1.0 pmpNone part1,0.02,0.15,1.0,True,,A,155.44711424815614,9.91738122766266,-23.73716108101418,-29.993251561940287,-33.23681871301167,8.794264191886125,11.396549592635864,24.355236640467837,55.0,0.0
0.02/0.15/0.06 cap1.0 pmpNone part1,0.02,0.15,1.0,True,,B,193.1982540518833,11.62731576464805,-28.906130666782815,-31.258219572762734,-34.408191198253235,9.854846267843147,13.343526491064331,52.09929798302457,112.5,0.0
0.02/0.15/0.06 cap1.0 pmpNone part1,0.02,0.15,1.0,True,,F,521.2221492774829,11.047967606099384,-28.864491105120628,-31.270568363408717,-34.56549372145412,10.061301518373893,12.174099120090343,38.42978831430051,168.0,0.0
0.02/0.18/0.06 cap0.9 pmpNone part1,0.02,0.18,0.9,True,,A,148.9303840349668,9.451087869811737,-21.92111921460161,-27.489073707007904,-31.795925477066266,8.226719411847498,10.944584706472966,22.603985151933394,49.0,0.0
0.02/0.18/0.06 cap0.9 pmpNone part1,0.02,0.18,0.9,True,,B,173.90309026365796,10.527645120477214,-30.53667853241326,-32.9874625867758,-32.98759927239988,7.503656835984658,12.805438072978362,48.7668937822232,103.0,0.0
0.02/0.18/0.06 cap0.9 pmpNone part1,0.02,0.18,0.9,True,,F,421.7414894738272,9.913796271847918,-32.98583552207449,-32.987474035755895,-32.987600948277716,8.823890476610751,11.668398380506472,35.86300049999586,150.0,0.0
0.02/0.18/0.06 cap0.95 pmpNone part1,0.02,0.18,0.95,True,,A,154.62282118779942,9.859672587711632,-22.951969323595268,-28.643445728090793,-34.110964750916594,8.615127582684483,11.238599923138311,23.72959916109624,50.0,0.0
0.02/0.18/0.06 cap0.95 pmpNone part1,0.02,0.18,0.95,True,,B,180.66303130802993,10.92516125530506,-32.06062415895429,-34.26596902824593,-34.41373641255107,7.939737300633107,13.439245683526158,50.68706710593889,106.0,0.0
0.02/0.18/0.06 cap0.95 pmpNone part1,0.02,0.18,0.95,True,,F,459.73077347562213,10.37398476879826,-34.26424868253085,-34.26598025405071,-34.2664004267481,9.277775565989783,12.146129493257538,37.49005412554976,155.0,0.0
0.02/0.18/0.06 cap1.0 pmpNone part1,0.02,0.18,1.0,True,,A,160.02200706252037,10.234725280104994,-24.066484827298073,-30.08313558473824,-36.42400391955116,8.908336019078337,11.660992725780671,24.667665071019474,51.0,0.0
0.02/0.18/0.06 cap1.0 pmpNone part1,0.02,0.18,1.0,True,,B,190.22429771834373,11.46412749257455,-32.718910752772736,-33.414683712942654,-35.63728495964818,9.057170576042942,13.659315827911248,52.89310406642078,106.0,0.0
0.02/0.18/0.06 cap1.0 pmpNone part1,0.02,0.18,1.0,True,,F,518.822611307197,11.023142672704756,-33.411350731508925,-33.41414373286354,-36.42400391955116,9.893693463789521,12.673374300272993,38.93314949173112,156.0,0.0
0.02/0.20/0.06 cap0.9 pmpNone part1,0.02,0.2,0.9,True,,A,149.02437727542767,9.457937283482309,-21.729688017745314,-27.39705372622958,-31.992593749196796,8.470190952666497,11.117757555724268,22.55758584561123,48.0,0.0
0.02/0.20/0.06 cap0.9 pmpNone part1,0.02,0.2,0.9,True,,B,170.3430970592298,10.312736218661843,-30.661120365903464,-32.99697374699141,-33.81826511712159,7.413068342530186,12.311973045779506,49.25844998914681,100.0,0.0
0.02/0.20/0.06 cap0.9 pmpNone part1,0.02,0.2,0.9,True,,F,428.7609684496207,10.001759995984894,-32.99481069231316,-32.9968310496424,-32.9969877942782,8.829223941363292,11.614528710582778,36.14554976427909,146.0,0.0
0.02/0.20/0.06 cap0.95 pmpNone part1,0.02,0.2,0.95,True,,A,154.3907070318104,9.843269182246416,-23.21004461927257,-29.036243043882866,-33.58743567981065,8.60072735880685,11.46415731775058,23.7303815136731,49.0,0.0
0.02/0.20/0.06 cap0.95 pmpNone part1,0.02,0.2,0.95,True,,B,178.63609970941718,10.807037664879326,-32.59422576278848,-34.905771506617654,-35.38968883549084,7.707554588226204,13.296296453321684,51.37481847084471,100.5,0.0
0.02/0.20/0.06 cap0.95 pmpNone part1,0.02,0.2,0.95,True,,F,458.7122569331742,10.362031829976004,-34.90363893131059,-34.90577150661765,-34.9066693658342,9.232859958698397,12.18621833951688,37.78738903641934,148.0,0.0
0.02/0.20/0.06 cap1.0 pmpNone part1,0.02,0.2,1.0,True,,A,159.02059349285713,10.16614748132092,-24.368689655641468,-30.38919337980866,-35.41906254330638,8.892459103898416,11.833275677002296,24.847328201286533,50.0,0.0
0.02/0.20/0.06 cap1.0 pmpNone part1,0.02,0.2,1.0,True,,B,190.52463647534222,11.481034696819991,-34.09178630787176,-36.789154168421355,-36.79109064295989,7.9464440846914925,14.133986219381656,53.312187176315916,104.0,0.0
0.02/0.20/0.06 cap1.0 pmpNone part1,0.02,0.2,1.0,True,,F,496.74535031967054,10.789350137481101,-36.78669258974641,-36.7902046663605,-36.791103082194574,9.496091033465186,12.753602505739808,39.40182867188039,154.0,0.0
0.02/0.25/0.06 cap0.9 pmpNone part1,0.02,0.25,0.9,True,,A,150.37107058166302,9.55581481968405,-21.78074858738677,-29.279118312977044,-34.004138954361885,7.884230902658487,11.615613118181493,22.351495018968148,45.0,0.0
0.02/0.25/0.06 cap0.9 pmpNone part1,0.02,0.25,0.9,True,,B,163.4307744163923,9.883973939343893,-33.45107999401103,-33.72172357410672,-38.25534647784746,6.965558146491362,12.270838304817692,50.07009579099224,96.0,0.0
0.02/0.25/0.06 cap0.9 pmpNone part1,0.02,0.25,0.9,True,,F,418.63417189892607,9.874393590027486,-33.45191237196533,-33.72172189991601,-34.345156837114956,8.634038446256191,11.61952407252419,36.56942102641035,140.0,0.0
0.02/0.25/0.06 cap0.95 pmpNone part1,0.02,0.25,0.95,True,,A,155.55383830663175,9.925203303141894,-23.00863125234184,-30.664132800492442,-35.523224636743336,8.377408686152517,12.147496713015595,23.479752449595313,46.0,0.0
0.02/0.25/0.06 cap0.95 pmpNone part1,0.02,0.25,0.95,True,,B,172.832350225062,10.463760760270201,-35.04661698262923,-35.12233585963528,-38.78234457582291,7.587737464714555,12.60390210331652,52.57328622342611,97.0,0.0
0.02/0.25/0.06 cap0.95 pmpNone part1,0.02,0.25,0.95,True,,F,449.47951797195265,10.25367465003395,-35.04680044923221,-35.12232336648625,-35.96793599875517,9.034193242774538,11.991466964378134,38.33547977689306,143.5,0.0
0.02/0.25/0.06 cap1.0 pmpNone part1,0.02,0.25,1.0,True,,A,160.1339726999606,10.242516118063449,-24.01291486434584,-30.640389090790933,-35.62167833322767,8.70610784150635,12.352888243137873,24.667889705047315,48.0,0.0
0.02/0.25/0.06 cap1.0 pmpNone part1,0.02,0.25,1.0,True,,B,182.81130093358198,11.048484681572523,-35.101745873186005,-36.820464394478314,-39.20185709848645,7.7266796799015784,13.187060062842365,54.72324625903635,99.0,0.0
0.02/0.25/0.06 cap1.0 pmpNone part1,0.02,0.25,1.0,True,,F,485.48985576263163,10.666343583490445,-36.81576762317834,-36.8193331224004,-36.8207312483362,9.401372000673122,12.570126980440453,39.9943711320885,146.0,0.0
0.03/0.06/0.06 cap0.9 pmpNone part1,0.03,0.06,0.9,True,,A,130.4389481227634,8.019181989366109,-20.811592211588614,-23.07622548927844,-25.396140865957573,7.542731302870623,8.546160862071948,22.16335281579144,60.0,0.0
0.03/0.06/0.06 cap0.9 pmpNone part1,0.03,0.06,0.9,True,,B,172.21590842099397,10.426640179519541,-28.0055441865476,-29.886534342340216,-30.35318885371401,9.843742300676183,11.289498217354394,48.46888710709729,132.0,0.0
0.03/0.06/0.06 cap0.9 pmpNone part1,0.03,0.06,0.9,True,,F,378.87421181408877,9.344186072156402,-28.39814017937764,-29.985884239542273,-30.440059984727963,8.978015806092387,9.65090381895464,35.72983853228073,193.0,0.0
0.03/0.06/0.06 cap0.95 pmpNone part1,0.03,0.06,0.95,True,,A,131.9193276937414,8.140341527732398,-22.190519040563196,-24.159202498583735,-27.18048181312739,7.715687365841584,8.64294077415676,23.044487800614384,61.0,0.0
0.03/0.06/0.06 cap0.95 pmpNone part1,0.03,0.06,0.95,True,,B,180.26588113483717,10.902200571167398,-29.598687710254673,-31.302736025936845,-31.58067694405454,10.361498641292204,11.586041900563467,50.76402620254362,136.0,0.0
0.03/0.06/0.06 cap0.95 pmpNone part1,0.03,0.06,0.95,True,,F,400.74072711108977,9.641994363655792,-29.835615343941996,-31.302891516923232,-31.580591982412564,9.356236155936418,9.963990890637016,37.33542277349997,199.0,0.0
0.03/0.06/0.06 cap1.0 pmpNone part1,0.03,0.06,1.0,True,,A,134.11386244489682,8.317713682439631,-23.338494134088002,-25.685778014437645,-26.997661012548978,7.855308550453081,8.835808062419744,23.90494329836883,62.0,0.0
0.03/0.06/0.06 cap1.0 pmpNone part1,0.03,0.06,1.0,True,,B,189.3217287086661,11.414700735203509,-31.763665313436917,-32.85980457393333,-32.977170894006136,10.917636708727626,11.908587117531791,52.96658864118391,139.0,1.0
0.03/0.06/0.06 cap1.0 pmpNone part1,0.03,0.06,1.0,True,,F,425.94705080703477,9.966671169282504,-31.805945986734784,-32.846594816082,-32.977176834644816,9.702587975412214,10.284483713120322,38.995685088743414,201.0,1.0
0.03/0.08/0.06 cap0.9 pmpNone part1,0.03,0.08,0.9,True,,A,134.251921581208,8.328784934392308,-20.78059561921803,-24.84084829018783,-26.7590772772196,7.743148449528555,9.25348075847707,22.430125834493154,56.0,0.0
0.03/0.08/0.06 cap0.9 pmpNone part1,0.03,0.08,0.9,True,,B,173.4214581399876,10.499137002206648,-27.543944014089227,-28.791218359005732,-29.823691592461955,9.100345327491489,11.824137395563996,48.81672730623942,120.5,0.0
0.03/0.08/0.06 cap0.9 pmpNone part1,0.03,0.08,0.9,True,,F,396.8854094187005,9.590623312109681,-27.627396963272517,-28.79174059502719,-29.0900482584437,9.074019733612545,10.4267028560119,36.05124815345897,178.0,0.0
0.03/0.08/0.06 cap0.95 pmpNone part1,0.03,0.08,0.95,True,,A,137.81709428020818,8.611181682974644,-21.563823598960784,-25.582284794218957,-27.400673504720963,7.9308777846523615,9.395844048924433,23.36319226140469,58.0,0.0
0.03/0.08/0.06 cap0.95 pmpNone part1,0.03,0.08,0.95,True,,B,182.19357956531348,11.013219970426313,-29.243433550299407,-30.787329869005575,-31.56889838951131,9.82358095768431,12.357882607891227,51.13062673955275,123.0,0.0
0.03/0.08/0.06 cap0.95 pmpNone part1,0.03,0.08,0.95,True,,F,425.37437938548845,9.959490409312565,-29.614750688790657,-30.80622136322504,-31.77196968723871,9.45222537170269,10.691327607229764,37.59831339126732,183.0,0.0
0.03/0.08/0.06 cap1.0 pmpNone part1,0.03,0.08,1.0,True,,A,140.78328209668257,8.841081871908163,-22.546850791168065,-26.46640884720798,-29.571994261307022,8.07805836510161,9.561291161868926,24.145767855013695,59.0,0.0
0.03/0.08/0.06 cap1.0 pmpNone part1,0.03,0.08,1.0,True,,B,188.62783009493452,11.37620940952967,-30.706366553715803,-33.03117611034255,-33.40721409004763,10.291117758122722,12.847712596032467,53.342192802703515,127.0,0.0
0.03/0.08/0.06 cap1.0 pmpNone part1,0.03,0.08,1.0,True,,F,453.3167187942294,10.299140586170463,-30.785335716216274,-33.05390501589784,-33.8688561540326,9.817319382487133,11.063928268425002,39.14899629400752,187.0,0.0
0.03/0.10/0.06 cap0.9 pmpNone part1,0.03,0.1,0.9,True,,A,140.83740729950074,8.845301775284165,-20.422585927542414,-25.571226402482157,-27.849482306628094,7.944436888254581,9.7091938360505,22.815832471212072,56.0,0.0
0.03/0.10/0.06 cap0.9 pmpNone part1,0.03,0.1,0.9,True,,B,169.27439301652728,10.247850109484624,-26.981515696380388,-27.78466738642106,-31.30372860531293,8.784390567486259,11.626883023816214,48.958752836503095,112.0,0.0
0.03/0.10/0.06 cap0.9 pmpNone part1,0.03,0.1,0.9,True,,F,410.5974256567805,9.771198803608305,-26.33248887536257,-27.74768137811105,-29.84265559003876,9.059005164805908,10.680966928109385,36.08817429380833,169.0,0.0
0.03/0.10/0.06 cap0.95 pmpNone part1,0.03,0.1,0.95,True,,A,144.18835263147068,9.099831063032271,-21.33276411471211,-26.751310949482914,-29.620051352569675,8.130443844650419,9.94507104987939,23.687632307235134,56.0,0.0
0.03/0.10/0.06 cap0.95 pmpNone part1,0.03,0.1,0.95,True,,B,179.14049433180605,10.83688583140885,-28.480207169503835,-29.58874548983338,-31.65385390811477,9.420140771181515,12.527401806894892,51.1729929288586,116.0,0.0
0.03/0.10/0.06 cap0.95 pmpNone part1,0.03,0.1,0.95,True,,F,448.3013992808856,10.239672526421117,-28.44359450856916,-29.522466313187007,-30.67732860717062,9.600562241134744,11.031074960271456,37.73305381434906,173.0,0.0
0.03/0.10/0.06 cap1.0 pmpNone part1,0.03,0.1,1.0,True,,A,146.7401294476945,9.290136944377902,-22.328488999068135,-27.47678636875948,-30.795819911496213,8.275589639619778,10.093802184909945,24.522560504403373,57.0,0.0
0.03/0.10/0.06 cap1.0 pmpNone part1,0.03,0.1,1.0,True,,B,190.9821771925054,11.506092187677508,-30.398628080162172,-31.68578967275424,-32.64383701446617,10.012985079265006,12.88732764587218,53.41947353395624,119.0,0.0
0.03/0.10/0.06 cap1.0 pmpNone part1,0.03,0.1,1.0,True,,F,478.04320123228354,10.583461941111672,-30.58018854107944,-31.51712968871892,-32.5467716058228,9.934124901878963,11.542829264837549,39.34409694233052,177.0,0.0
0.03/0.12/0.06 cap0.9 pmpNone part1,0.03,0.12,0.9,True,,A,145.24177134750352,9.178770827810034,-20.792249632405145,-26.17575155780806,-31.057668051205567,8.294173387186618,10.29626622194911,23.05229170412804,55.0,0.0
0.03/0.12/0.06 cap0.9 pmpNone part1,0.03,0.12,0.9,True,,B,171.46056420126553,10.381001951203661,-26.17318036359699,-28.396698342133277,-31.08180098959641,8.765908025907358,11.940106399211423,49.30869806545007,106.0,0.0
0.03/0.12/0.06 cap0.9 pmpNone part1,0.03,0.12,0.9,True,,F,426.0698389514477,9.968189712842657,-26.173238648197522,-28.387987719577357,-31.44727571725905,9.20402490889854,10.986345794122613,36.38136639587204,160.0,0.0
0.03/0.12/0.06 cap0.95 pmpNone part1,0.03,0.12,0.95,True,,A,147.34722213979802,9.334965090832359,-22.198057628090435,-27.15416536898076,-30.147132270084686,8.483952351162435,10.496652194804598,24.072255596119014,55.0,0.0
0.03/0.12/0.06 cap0.95 pmpNone part1,0.03,0.12,0.95,True,,B,181.28594694867743,10.961040691674617,-27.041236066832514,-29.344876458543638,-31.964184133669892,9.240189411194418,12.23180527485912,51.29563674077904,110.0,0.0
0.03/0.12/0.06 cap0.95 pmpNone part1,0.03,0.12,0.95,True,,F,464.035796697077,10.42414106118118,-26.94643151583721,-29.30537219038383,-31.68302357004329,9.518106932429404,11.353395135949583,37.89352373735168,166.0,0.0
0.03/0.12/0.06 cap1.0 pmpNone part1,0.03,0.12,1.0,True,,A,151.4659385728601,9.634795130088648,-22.589516573122392,-28.453139192676787,-31.328627343403802,8.538532227555821,10.74847387345977,25.055856420628185,55.0,0.0
0.03/0.12/0.06 cap1.0 pmpNone part1,0.03,0.12,1.0,True,,B,187.06784894288595,11.289255095409366,-29.684298396761793,-30.84708990246886,-34.63210708192571,9.639906630588893,12.93266396946331,53.65839102511968,112.0,0.0
0.03/0.12/0.06 cap1.0 pmpNone part1,0.03,0.12,1.0,True,,F,491.11021718975195,10.728096719168445,-29.081338968077215,-30.60810348713727,-32.68835838295777,9.821038435155522,11.77889100382634,39.56842959414436,167.0,0.0
0.03/0.15/0.06 cap0.9 pmpNone part1,0.03,0.15,0.9,True,,A,148.84957548417347,9.445174952325242,-20.93784186847069,-26.065098099677407,-30.767914116541426,8.497525254991148,10.583426870777748,23.3793436097525,50.0,0.0
0.03/0.15/0.06 cap0.9 pmpNone part1,0.03,0.15,0.9,True,,B,167.8777199182362,10.161652054287417,-28.84225797960657,-31.253467955104576,-32.30674694251601,7.708843212864605,12.289599042163815,50.22529901421293,101.0,0.0
0.03/0.15/0.06 cap0.9 pmpNone part1,0.03,0.15,0.9,True,,F,412.73246071865435,9.798810275124058,-31.25222660732235,-31.253467955104576,-31.278559308697783,8.819415965812077,11.22220582971507,36.975794481987215,151.0,0.0
0.03/0.15/0.06 cap0.95 pmpNone part1,0.03,0.15,0.95,True,,A,153.97307108357418,9.81372842662247,-21.964571702974943,-27.283778589205216,-33.156826067732645,8.814483059231163,10.985234285247444,24.42892087370638,52.0,0.0
0.03/0.15/0.06 cap0.95 pmpNone part1,0.03,0.15,0.95,True,,B,180.37609599952,10.908573959631285,-30.064553164149622,-31.941538424790455,-33.252163989130324,8.353195700418217,12.861653014096696,52.33673966426342,105.0,0.0
0.03/0.15/0.06 cap0.95 pmpNone part1,0.03,0.15,0.95,True,,F,458.2020451560693,10.356462243303211,-31.939807396064573,-31.941622564320372,-33.156826067732645,9.37476614065691,11.746737881089633,38.57730019706939,157.0,0.0
0.03/0.15/0.06 cap1.0 pmpNone part1,0.03,0.15,1.0,True,,A,157.95661172846206,10.09270701466971,-23.180698470919264,-28.916363373758873,-35.50698659758197,9.12707156750124,11.454115934684902,25.327658406949578,54.0,0.0
0.03/0.15/0.06 cap1.0 pmpNone part1,0.03,0.15,1.0,True,,B,186.2413441588719,11.242911262686617,-31.09140134212328,-31.60967039978354,-34.174233259602794,9.154755701482129,13.158015247108196,54.41472098242599,106.0,0.0
0.03/0.15/0.06 cap1.0 pmpNone part1,0.03,0.15,1.0,True,,F,505.13249365196555,10.879319499369622,-31.09151491827505,-31.424892788705066,-35.50698659758197,9.995254756300612,12.211160118602955,40.16851976207699,159.0,0.0
0.03/0.18/0.06 cap0.9 pmpNone part1,0.03,0.18,0.9,True,,A,150.63634000706324,9.574992171847164,-20.807449124496696,-26.24522957918936,-30.686033100998777,8.4467731547852,10.797468358284853,23.191059954151005,48.0,0.0
0.03/0.18/0.06 cap0.9 pmpNone part1,0.03,0.18,0.9,True,,B,164.42683692743242,9.946942165627204,-29.778731720412377,-31.269642382990813,-34.537792029766024,7.57844119190908,11.78125052228081,51.185299670526454,99.0,0.0
0.03/0.18/0.06 cap0.9 pmpNone part1,0.03,0.18,0.9,True,,F,405.0861175590545,9.69932883386555,-31.267854230801152,-31.269642382990803,-31.269813487793673,8.726015126815037,11.245298382480788,37.38859625618609,146.0,0.0
0.03/0.18/0.06 cap0.95 pmpNone part1,0.03,0.18,0.95,True,,A,155.2406012266981,9.903195138911357,-22.259853094144816,-27.26902241856765,-32.30895274891971,8.760720008198193,11.129781935910641,24.43457010546424,49.0,0.0
0.03/0.18/0.06 cap0.95 pmpNone part1,0.03,0.18,0.95,True,,B,173.0675422317972,10.477903825091705,-30.585265757448532,-33.207421193191465,-35.04814792958091,7.850556187066274,12.497745677638799,53.14995808499925,99.5,0.0
0.03/0.18/0.06 cap0.95 pmpNone part1,0.03,0.18,0.95,True,,F,442.51850126617114,10.170186236178635,-33.2056163779108,-33.20804167921197,-33.20881993991226,9.23711621417457,11.8563693812511,39.08364870186018,147.0,0.0
0.03/0.18/0.06 cap1.0 pmpNone part1,0.03,0.18,1.0,True,,A,159.89437907813982,10.226129533715312,-23.21243205133548,-29.43734651269157,-33.862788629137405,9.046711596134378,11.651243946917802,25.605808632669348,49.0,0.0
0.03/0.18/0.06 cap1.0 pmpNone part1,0.03,0.18,1.0,True,,B,185.01896693624045,11.174023395886735,-31.961858893275814,-35.122929977800254,-35.575870760465776,8.161565195047302,13.46432825152975,55.22122477414024,101.0,0.0
0.03/0.18/0.06 cap1.0 pmpNone part1,0.03,0.18,1.0,True,,F,476.7236647079891,10.568649767177785,-35.11994902263772,-35.123772127248245,-35.124534431472,9.535529735449163,12.40758670347725,40.653221265835306,149.0,0.0
0.03/0.20/0.06 cap0.9 pmpNone part1,0.03,0.2,0.9,True,,A,149.78309754580306,9.513188803331907,-20.888155984744188,-26.929986140293703,-31.76885306425118,8.216308440365996,10.98735492541653,23.135394891412556,46.0,0.0
0.03/0.20/0.06 cap0.9 pmpNone part1,0.03,0.2,0.9,True,,B,161.7018077455075,9.774206507167927,-31.45676392741517,-31.563760940295083,-35.95845748491231,7.512200380983107,11.912085861259914,51.62392856539919,96.0,0.0
0.03/0.20/0.06 cap0.9 pmpNone part1,0.03,0.2,0.9,True,,F,406.8099152680062,9.721904125527125,-31.45697034848235,-31.56373245402354,-31.86567715948082,8.700274388542251,11.202147672714823,37.49573918136509,142.0,0.0
0.03/0.20/0.06 cap0.95 pmpNone part1,0.03,0.2,0.95,True,,A,156.2567837878429,9.974434959647017,-22.088238693382365,-27.835301891069935,-32.50499474424963,8.720516617771649,11.382519471385844,24.32454182181499,47.0,0.0
0.03/0.20/0.06 cap0.95 pmpNone part1,0.03,0.2,0.95,True,,B,171.24646827311844,10.368024925847374,-31.968063312537133,-33.21971963172333,-36.65191397426397,7.923920470956333,12.462473620544145,53.81442719632767,99.0,0.0
0.03/0.20/0.06 cap0.95 pmpNone part1,0.03,0.2,0.95,True,,F,440.7819506411299,10.149312069547422,-33.2164897209282,-33.21893537130946,-33.399982901700994,9.091166747424003,11.752624282107256,39.24773338019406,145.0,0.0
0.03/0.20/0.06 cap1.0 pmpNone part1,0.03,0.2,1.0,True,,A,160.7789313155103,10.28654277817289,-23.521912354480897,-28.709392801239865,-34.09895916542764,9.127242436411553,11.740979238421849,25.537255739007946,49.0,0.0
0.03/0.20/0.06 cap1.0 pmpNone part1,0.03,0.2,1.0,True,,B,181.74866674711137,10.98767413335261,-32.61831435395056,-35.13480172291904,-37.17294911169034,8.316441429499982,12.914480983203378,55.732059246135776,99.0,0.0
0.03/0.20/0.06 cap1.0 pmpNone part1,0.03,0.2,1.0,True,,F,484.04875853205624,10.650377647798525,-35.131267452831274,-35.135070029124286,-35.136005360665955,9.531460019132169,12.389689458209741,40.96755902539335,147.0,0.0
0.03/0.25/0.06 cap0.9 pmpNone part1,0.03,0.25,0.9,True,,A,150.3441372142919,9.553859938029863,-21.33378879358722,-28.20226895479897,-32.65229771551764,7.756632459585333,11.227939189384822,23.08617232935032,44.0,0.0
0.03/0.25/0.06 cap0.9 pmpNone part1,0.03,0.25,0.9,True,,B,166.1814722783167,10.05677935536381,-32.43408648244299,-33.12920529497045,-39.40680751790707,7.34674914509436,11.918125901060508,51.56469350834426,93.0,0.0
0.03/0.25/0.06 cap0.9 pmpNone part1,0.03,0.25,0.9,True,,F,405.47332320000066,9.704076604657729,-32.434086482443,-33.1289543358409,-34.78888228238094,8.501310884984905,11.159297911019364,37.414552435031304,136.0,0.0
0.03/0.25/0.06 cap0.95 pmpNone part1,0.03,0.25,0.95,True,,A,156.02505383991777,9.958234966807233,-22.319339412473855,-29.730269386422943,-33.87587767340906,8.308314889321993,11.55115476559017,24.22206319097541,45.0,0.0
0.03/0.25/0.06 cap0.95 pmpNone part1,0.03,0.25,0.95,True,,B,172.06486482980833,10.417525709972896,-34.03416537515858,-34.54429171051557,-40.20619911500556,7.775908141758987,12.661065886355333,54.072130402974096,94.0,0.0
0.03/0.25/0.06 cap0.95 pmpNone part1,0.03,0.25,0.95,True,,F,440.99227891085616,10.151109969341366,-34.034165375158594,-34.5428591584453,-34.54429171051559,8.900757261061905,11.785255244391895,39.37234268969641,137.5,0.0
0.03/0.25/0.06 cap1.0 pmpNone part1,0.03,0.25,1.0,True,,A,161.16942290865876,10.313130180950502,-23.386110491075613,-30.907858006473305,-36.21749707714312,8.669977663841454,12.152784264788993,25.28061849410106,45.0,0.0
0.03/0.25/0.06 cap1.0 pmpNone part1,0.03,0.25,1.0,True,,B,175.93226902258354,10.648593911291716,-35.62974861779901,-36.00369226811363,-41.02977105299283,7.87610579787118,13.124141681509496,56.7087735756733,95.0,0.0
0.03/0.25/0.06 cap1.0 pmpNone part1,0.03,0.25,1.0,True,,F,482.3433105156182,10.631386405708144,-35.6297345575049,-35.9461669955236,-36.39955153568258,9.289863530495193,12.303167114364092,41.29455761100726,139.0,0.0
0.04/0.06/0.06 cap0.9 pmpNone part1,0.04,0.06,0.9,True,,A,132.56738368612835,8.192995206547405,-20.639059673191035,-23.595337189207825,-25.78390386910486,7.63556832173518,8.834601751342447,23.300628840556275,55.0,0.0
0.04/0.06/0.06 cap0.9 pmpNone part1,0.04,0.06,0.9,True,,B,167.74426303117306,10.153722353055239,-26.97765204168415,-27.923868968742234,-28.540264436398786,9.307096124758782,11.15839086548151,50.453902974899464,120.0,0.0
0.04/0.06/0.06 cap0.9 pmpNone part1,0.04,0.06,0.9,True,,F,378.83516910068437,9.343639765530277,-26.976201753841277,-27.940077572023565,-28.624792899429853,8.870041192067394,9.858443087555615,37.273217966294695,177.0,0.0
0.04/0.06/0.06 cap0.95 pmpNone part1,0.04,0.06,0.95,True,,A,134.8065261259759,8.373155351243533,-21.985984339919373,-24.177683930704692,-26.304401818985745,7.851749294430332,8.976640174059561,24.270911889239695,57.0,0.0
0.04/0.06/0.06 cap0.95 pmpNone part1,0.04,0.06,0.95,True,,B,176.78735690777413,10.699120007513052,-28.322210804510927,-30.164141001340628,-30.481771335966535,9.810426426935196,11.656548694981552,52.54354184778101,125.0,0.0
0.04/0.06/0.06 cap0.95 pmpNone part1,0.04,0.06,0.95,True,,F,403.30919847889123,9.675954382162432,-28.43922287008997,-30.18233799347419,-30.800909262724208,9.32071320340258,10.151241334920257,38.85298386538303,184.0,0.0
0.04/0.06/0.06 cap1.0 pmpNone part1,0.04,0.06,1.0,True,,A,137.2688156151757,8.56816849662797,-22.965063080305896,-25.108918788610175,-27.422864875321128,8.154152857332669,9.211522547749274,25.192334343581113,59.0,0.0
0.04/0.06/0.06 cap1.0 pmpNone part1,0.04,0.06,1.0,True,,B,185.06839888347065,11.176822721883683,-30.1669509641475,-31.944905722420547,-32.56454610147268,10.485360008039699,12.05355591719636,54.698786544476555,129.0,0.0
0.04/0.06/0.06 cap1.0 pmpNone part1,0.04,0.06,1.0,True,,F,429.7300459935397,10.013813605483058,-30.35459319027101,-32.11531563043628,-32.66940806246615,9.623809500951296,10.353020430602776,40.48612404387455,190.0,0.0
0.04/0.08/0.06 cap0.9 pmpNone part1,0.04,0.08,0.9,True,,A,138.62391091049406,8.674177220221956,-20.20782382125395,-24.614256277139035,-26.85455810517969,7.963694635412944,9.426413228956054,23.567630658082965,54.0,0.0
0.04/0.08/0.06 cap0.9 pmpNone part1,0.04,0.08,0.9,True,,B,165.30237393087822,10.00186155992946,-26.24655230447449,-27.9344485313822,-29.865031884547435,8.765557978694938,11.096917075289966,50.85136720104568,112.0,0.0
0.04/0.08/0.06 cap0.9 pmpNone part1,0.04,0.08,0.9,True,,F,390.8942088437361,9.5097537229209,-26.035588354694283,-27.16516431529257,-29.722423862882497,8.930605647611578,10.300047167873384,37.505862490332056,166.0,0.0
0.04/0.08/0.06 cap0.95 pmpNone part1,0.04,0.08,0.95,True,,A,140.94151342324852,8.853310663292769,-21.3195184348465,-25.767956798278675,-28.22684769529433,8.182812025118965,9.633482500689093,24.564207011402168,55.0,0.0
0.04/0.08/0.06 cap0.95 pmpNone part1,0.04,0.08,0.95,True,,B,175.79486997207786,10.640482843977406,-28.13433671440688,-29.339081307587445,-31.00989760268895,9.418116142018622,11.948927727357976,52.92358452348249,116.0,0.0
0.04/0.08/0.06 cap0.95 pmpNone part1,0.04,0.08,0.95,True,,F,425.6780898421548,9.963306884461986,-27.930280418645886,-28.818032501668377,-30.329145068789344,9.377668803549374,10.598405149725966,39.12756615929969,172.0,0.0
0.04/0.08/0.06 cap1.0 pmpNone part1,0.04,0.08,1.0,True,,A,142.98033098520506,9.008715622811591,-22.607613670513704,-27.134667686568914,-28.79833571846787,8.398349027435174,9.902698002903742,25.51889055660898,56.0,0.0
0.04/0.08/0.06 cap1.0 pmpNone part1,0.04,0.08,1.0,True,,B,184.75635239851792,11.159176411467065,-29.820767445217257,-31.053648045614242,-32.506256955365075,9.946748979830724,12.48458808783231,55.316662690048446,119.0,0.0
0.04/0.08/0.06 cap1.0 pmpNone part1,0.04,0.08,1.0,True,,F,451.773990021044,10.280915175630867,-30.00235448903848,-30.957511434486012,-31.637802734423083,9.737853403723044,11.074761297451113,40.835450656296786,176.0,0.0
0.04/0.10/0.06 cap0.9 pmpNone part1,0.04,0.1,0.9,True,,A,143.7968567197143,9.070393909161801,-20.627245531983647,-25.135366517920698,-29.275855726267597,8.323629224927467,10.001984876714516,23.79630532689206,53.0,0.0
0.04/0.10/0.06 cap0.9 pmpNone part1,0.04,0.1,0.9,True,,B,164.35391024735537,9.942357650066413,-26.173898743262313,-28.83909265393393,-31.534655037553417,8.499154044424266,11.475655220212161,51.36379483006156,105.0,0.0
0.04/0.10/0.06 cap0.9 pmpNone part1,0.04,0.1,0.9,True,,F,408.1837587988737,9.739798469041382,-26.173493246457642,-28.532311423172363,-32.32555648318838,8.959223202718062,10.567855181079103,37.88775014237874,158.0,0.0
0.04/0.10/0.06 cap0.95 pmpNone part1,0.04,0.1,0.95,True,,A,146.3252891481101,9.259402769764147,-21.626582704953297,-26.428238957711496,-28.854893590182517,8.40857903100685,10.28050819878588,24.781320145609094,53.0,0.0
0.04/0.10/0.06 cap0.95 pmpNone part1,0.04,0.1,0.95,True,,B,174.45037135509924,10.560639542924422,-27.300479148821882,-30.37030593595046,-32.926479160948155,9.064389765670718,11.891447181531012,53.30610893106351,108.0,0.0
0.04/0.10/0.06 cap0.95 pmpNone part1,0.04,0.1,0.95,True,,F,436.14255402649593,10.092833984546278,-26.815718123139142,-29.248244019716235,-32.86380955241962,9.250163384098146,11.011464580454406,39.35767761772603,161.5,0.0
0.04/0.10/0.06 cap1.0 pmpNone part1,0.04,0.1,1.0,True,,A,149.2731209279746,9.476093750267722,-22.53115211475623,-27.86366135547303,-29.94301603393946,8.592881159183337,10.425214807111589,25.835968719769596,55.0,0.0
0.04/0.10/0.06 cap1.0 pmpNone part1,0.04,0.1,1.0,True,,B,182.35047038615616,11.022206735528917,-29.211000320640814,-31.295248220425442,-33.93517210451413,9.45297971082999,12.381634199345374,55.52012963682692,111.0,0.0
0.04/0.10/0.06 cap1.0 pmpNone part1,0.04,0.1,1.0,True,,F,468.0536638099066,10.470321847330089,-28.79247341124294,-30.679062333339342,-33.69281750928076,9.62554998279759,11.43734401499815,40.9028148441853,166.0,0.0
0.04/0.12/0.06 cap0.9 pmpNone part1,0.04,0.12,0.9,True,,A,147.17613170281444,9.32230979588542,-20.483044791574528,-24.921774374339794,-29.713565265329468,8.48829083011384,10.275073311867281,24.02849669907993,50.0,0.0
0.04/0.12/0.06 cap0.9 pmpNone part1,0.04,0.12,0.9,True,,B,162.98836463797417,9.856111280744884,-29.421209665146996,-30.078714185050544,-32.819537986551005,7.737538924370964,11.639308465599187,51.816894236455205,100.0,0.0
0.04/0.12/0.06 cap0.9 pmpNone part1,0.04,0.12,0.9,True,,F,401.8062069399239,9.656106815057264,-29.67019713886901,-29.675960813369368,-31.346117077069902,8.782256124632362,10.783796739828208,38.25083192796792,151.0,0.0
0.04/0.12/0.06 cap0.95 pmpNone part1,0.04,0.12,0.95,True,,A,151.41901794623135,9.631420636513377,-21.84985470254223,-26.524715601844797,-32.142768923289154,8.785295990486548,10.790654188715898,25.01279022323699,52.0,0.0
0.04/0.12/0.06 cap0.95 pmpNone part1,0.04,0.12,0.95,True,,B,174.25304504481318,10.54882601428815,-29.761597142723684,-30.445340663953562,-33.540559181340235,8.398223359407552,12.22376766524559,53.97540842719663,103.0,0.0
0.04/0.12/0.06 cap0.95 pmpNone part1,0.04,0.12,0.95,True,,F,440.4147670269164,10.144854001994673,-29.76182227578596,-30.190083518863876,-33.852417041904225,9.301791764425264,11.303744216975016,39.81699150752589,155.0,0.0
0.04/0.12/0.06 cap1.0 pmpNone part1,0.04,0.12,1.0,True,,A,154.26064269636046,9.83407746724878,-22.558638435625493,-28.172142311555437,-33.093316718449806,8.995330914298272,11.028288839791637,26.013249596711045,53.0,0.0
0.04/0.12/0.06 cap1.0 pmpNone part1,0.04,0.12,1.0,True,,B,182.479508771873,11.029596131068898,-28.96064623268975,-31.812413344554585,-34.84693133403232,9.210246073059878,12.755864138319339,55.97077807309763,105.0,0.0
0.04/0.12/0.06 cap1.0 pmpNone part1,0.04,0.12,1.0,True,,F,483.48481155887146,10.64415339365079,-28.957845291565054,-31.108586396279392,-35.43624754310102,9.769705291112766,11.673671909803963,41.28128671641492,159.0,0.0
0.04/0.15/0.06 cap0.9 pmpNone part1,0.04,0.15,0.9,True,,A,148.38677067068988,9.41134836695806,-20.11371407684673,-24.764032847109863,-29.226849027735526,8.498105563675269,10.420723700154966,24.080427052703445,47.0,0.0
0.04/0.15/0.06 cap0.9 pmpNone part1,0.04,0.15,0.9,True,,B,158.6415263743491,9.577056102942638,-29.49855209631911,-30.276509765899267,-34.65124488562387,7.6705896620182275,11.374761294422958,52.939105134653715,96.0,0.0
0.04/0.15/0.06 cap0.9 pmpNone part1,0.04,0.15,0.9,True,,F,395.63913606760053,9.573902374138965,-29.49864609478442,-29.684665665273908,-32.331727797911356,8.742672649228567,10.84810382892241,38.68522217726923,144.0,0.0
0.04/0.15/0.06 cap0.95 pmpNone part1,0.04,0.15,0.95,True,,A,153.54564519076598,9.783401859342277,-21.62837008257508,-26.501374035108537,-30.88197202914649,8.779518697632113,10.750464767932892,25.2101154584219,48.0,0.0
0.04/0.15/0.06 cap0.95 pmpNone part1,0.04,0.15,0.95,True,,B,169.7170356706037,10.274924310970658,-31.389083858126593,-32.02610096001905,-35.45151614855919,8.061382848288707,12.034214593199351,54.83840573916988,98.0,0.0
0.04/0.15/0.06 cap0.95 pmpNone part1,0.04,0.15,0.95,True,,F,432.99110213651284,10.054138850106098,-31.483417112100042,-31.48609987854628,-32.71369320812525,9.192997293191702,11.395010031870335,40.28539642522001,146.0,0.0
0.04/0.15/0.06 cap1.0 pmpNone part1,0.04,0.15,1.0,True,,A,159.4077406224333,10.19275381279946,-22.97234812431742,-27.745940237573947,-32.986545525294254,9.205290230382692,11.290803034225416,26.331076975236535,51.0,0.0
0.04/0.15/0.06 cap1.0 pmpNone part1,0.04,0.15,1.0,True,,B,177.48646973359268,10.74022384330826,-32.01882159644697,-33.49962725167031,-36.07340436103801,8.220695735821884,12.836682608312753,56.82063060653729,100.0,0.0
0.04/0.15/0.06 cap1.0 pmpNone part1,0.04,0.15,1.0,True,,F,477.0429664835044,10.572235484025871,-33.49548792996371,-33.49957599074248,-34.472981478983165,9.518398267667013,11.907586064041318,41.97629328448418,150.0,0.0
0.04/0.18/0.06 cap0.9 pmpNone part1,0.04,0.18,0.9,True,,A,150.0082450792944,9.52951280123685,-19.764713225283963,-25.925458014190255,-30.87260383021546,8.297628834548968,10.542486941842622,23.915385413543277,45.0,0.0
0.04/0.18/0.06 cap0.9 pmpNone part1,0.04,0.18,0.9,True,,B,158.84063865706574,9.590052199746014,-30.021380831317458,-30.9321423195401,-36.46176861300321,7.674225129084763,11.337025866893738,52.96291189891399,94.0,0.0
0.04/0.18/0.06 cap0.9 pmpNone part1,0.04,0.18,0.9,True,,F,386.55219529043444,9.450575238707703,-30.02135539804536,-30.314352662375164,-32.6750281206155,8.527703124733891,10.78231680635763,38.543195475109336,137.0,0.0
0.04/0.18/0.06 cap0.95 pmpNone part1,0.04,0.18,0.95,True,,A,154.69443040407546,9.864697611182105,-21.150396021722113,-26.952257567731326,-31.24461997814665,8.665945950300657,10.91902162832904,25.08819731365658,47.0,0.0
0.04/0.18/0.06 cap0.95 pmpNone part1,0.04,0.18,0.95,True,,B,164.81476371658272,9.971298468823553,-31.657856016250296,-32.003974076655794,-37.219006124737064,7.901307236688468,11.944403656028882,55.59819106667856,94.5,0.0
0.04/0.18/0.06 cap0.95 pmpNone part1,0.04,0.18,0.95,True,,F,422.94156771558926,9.928937666028403,-31.657856016250307,-31.761334841743754,-33.91969036799154,9.000414617918914,11.31707594536368,40.47593321153376,142.0,0.0
0.04/0.18/0.06 cap1.0 pmpNone part1,0.04,0.18,1.0,True,,A,161.48245607340652,10.334394507951849,-22.55475897687143,-27.891726479631064,-32.80743657858132,9.131524038413156,11.522778881042546,26.237379402250895,47.0,0.0
0.04/0.18/0.06 cap1.0 pmpNone part1,0.04,0.18,1.0,True,,B,172.58205457018983,10.44869999796233,-32.99749543498112,-33.49027843876262,-37.9978635736244,8.307305403720811,12.57716333833841,58.01508071902126,97.0,0.0
0.04/0.18/0.06 cap1.0 pmpNone part1,0.04,0.18,1.0,True,,F,461.08609495925873,10.39002630510053,-33.43183543005705,-33.43648929530924,-34.96427058793798,9.471002805465936,11.959982264461114,42.261918050246074,145.5,0.0
0.04/0.20/0.06 cap0.9 pmpNone part1,0.04,0.2,0.9,True,,A,149.76415583205699,9.511812907501206,-20.540851576182835,-25.848072858519757,-30.457604352847135,8.197686852235456,10.555113209656914,23.90112508185223,45.0,0.0
0.04/0.20/0.06 cap0.9 pmpNone part1,0.04,0.2,0.9,True,,B,160.30131965991933,9.684368989394908,-30.425236590813693,-30.951274034480452,-37.24882285657611,7.581293067308301,11.214164311450926,52.93643569465125,93.0,0.0
0.04/0.20/0.06 cap0.9 pmpNone part1,0.04,0.2,0.9,True,,F,388.13130763414597,9.471957422400902,-30.424777708909055,-30.950118736272636,-34.250790985601576,8.412571491212946,10.793464230557703,38.599936733620346,137.0,0.0
0.04/0.20/0.06 cap0.95 pmpNone part1,0.04,0.2,0.95,True,,A,155.66812792928488,9.933204832848997,-21.16360287597153,-27.598986347645255,-32.72735207572468,8.585803028698427,11.017579203266447,25.014414107965294,45.0,0.0
0.04/0.20/0.06 cap0.95 pmpNone part1,0.04,0.2,0.95,True,,B,166.63171701834582,10.084764335608243,-32.05249204844065,-32.45134009633122,-38.42406295212276,7.779869848352908,11.97830112189708,55.52836187937732,94.0,0.0
0.04/0.20/0.06 cap0.95 pmpNone part1,0.04,0.2,0.95,True,,F,420.88251175302395,9.902924341950426,-32.052466730400766,-32.39222963539715,-33.95830814960187,8.899486904089164,11.369871871111139,40.37645048541648,138.0,0.0
0.04/0.20/0.06 cap1.0 pmpNone part1,0.04,0.2,1.0,True,,A,160.60196117544564,10.27446627336992,-22.436070419020737,-28.76983380620097,-33.80698362414386,8.949058158876747,11.467970731001003,26.151392615273295,46.0,0.0
0.04/0.20/0.06 cap1.0 pmpNone part1,0.04,0.2,1.0,True,,B,171.42654401350384,10.378945356829094,-33.67448761420875,-33.82084050256974,-39.15690332172495,8.096012041249608,12.601203047071257,58.09419160404457,95.0,0.0
0.04/0.20/0.06 cap1.0 pmpNone part1,0.04,0.2,1.0,True,,F,463.0789994882543,10.413102078677305,-33.67451293194586,-33.82078975537773,-35.337434816282475,9.37193198412856,11.868814235883619,42.28037090582589,140.5,0.0
0.04/0.25/0.06 cap0.9 pmpNone part1,0.04,0.25,0.9,True,,A,149.3602159052795,9.482360087821117,-21.502659521987926,-28.300193627347557,-32.496714693651974,7.6331733955934205,11.238682705876968,23.897504815950903,41.0,0.0
0.04/0.25/0.06 cap0.9 pmpNone part1,0.04,0.25,0.9,True,,B,159.53184026665832,9.634833150428722,-31.046001280693652,-32.38872843180708,-38.661912436372084,7.484899207029569,11.502362011115236,52.842540449158,89.0,0.0
0.04/0.25/0.06 cap0.9 pmpNone part1,0.04,0.25,0.9,True,,F,398.6951860022818,9.614797044047263,-31.527865955720024,-32.38872843180707,-36.520345972031656,8.197281678733832,11.066901083377044,38.47951536922061,131.0,0.0
0.04/0.25/0.06 cap0.95 pmpNone part1,0.04,0.25,0.95,True,,A,153.2655751412902,9.763404964793065,-22.112043189853033,-28.871164671123616,-33.59680957960549,7.943147908089161,11.646685717418643,25.07707698953731,41.5,0.0
0.04/0.25/0.06 cap0.95 pmpNone part1,0.04,0.25,0.95,True,,B,167.7915412424146,10.156594354658843,-33.02229627614099,-33.96139656218777,-40.72730617514462,7.784873878790519,12.06292958539545,55.653543354316085,92.0,0.0
0.04/0.25/0.06 cap0.95 pmpNone part1,0.04,0.25,0.95,True,,F,425.5436926210385,9.961538288494342,-33.02232131096968,-33.96013564026384,-38.1514752745838,8.771158926347903,11.389197532792773,40.36691801542339,134.0,0.0
0.04/0.25/0.06 cap1.0 pmpNone part1,0.04,0.25,1.0,True,,A,159.23837028189237,10.181121264028937,-23.13038804140207,-29.584886705611662,-34.68324534037909,8.509040882652851,11.990950388828177,26.162973834179777,45.0,0.0
0.04/0.25/0.06 cap1.0 pmpNone part1,0.04,0.25,1.0,True,,B,176.58859045469654,10.687406692505807,-34.623255931890576,-35.377884090008614,-42.185111577239745,8.093536996868615,12.499257856477167,58.062317808963336,92.0,0.0
0.04/0.25/0.06 cap1.0 pmpNone part1,0.04,0.25,1.0,True,,F,456.84189231137094,10.340556708368764,-34.62328096635296,-35.37664361596573,-38.11660229437537,9.189291045494937,11.851778939782474,42.24080696241654,136.5,0.0
0.02/0.06/0.06 cap0.9 pmpNone part0,0.02,0.06,0.9,False,,A,125.54784621581179,7.609879080694004,-18.30097877434813,-22.716838178919406,-25.397059003657386,7.142284750902244,8.063305701482456,19.987376155803826,62.0,0.0
0.02/0.06/0.06 cap0.9 pmpNone part0,0.02,0.06,0.9,False,,B,172.5891824695643,10.449141891605185,-28.67836036773041,-29.722207910495584,-29.722588035268306,9.896702982257262,11.049006596539723,45.64486660106151,140.0,0.0
0.02/0.06/0.06 cap0.9 pmpNone part0,0.02,0.06,0.9,False,,F,362.0414514378401,9.103572031675423,-28.67843245479457,-29.722124592437044,-29.72251914135927,8.745758083812179,9.439891030087843,33.23700302444132,202.0,0.0
0.02/0.06/0.06 cap0.95 pmpNone part0,0.02,0.06,0.95,False,,A,128.6277203364206,7.869241567265172,-19.511819816038244,-23.86910258221903,-25.324963719041836,7.260491773919591,8.180944724929004,20.82089577547852,63.0,0.0
0.02/0.06/0.06 cap0.95 pmpNone part0,0.02,0.06,0.95,False,,B,181.75824605126925,10.988240910373204,-30.226302063903454,-31.858489729858892,-32.3833744412523,10.60036608438367,11.606037493358235,47.48398797599793,143.0,1.0
0.02/0.06/0.06 cap0.95 pmpNone part0,0.02,0.06,0.95,False,,F,390.2134884889637,9.500602153575821,-30.709732579319354,-31.889742151915705,-32.38347820549146,9.088971001367007,9.83162146920164,34.81330725280822,206.0,1.0
0.02/0.06/0.06 cap1.0 pmpNone part0,0.02,0.06,1.0,False,,A,131.52083237584142,8.107848509567328,-20.934796535016968,-25.010161986865615,-26.39124533902567,7.377341011405555,8.338227626757796,21.751850092597895,65.0,0.0
0.02/0.06/0.06 cap1.0 pmpNone part0,0.02,0.06,1.0,False,,B,193.608563343377,11.649603178921508,-31.667176541942943,-33.769072037230465,-34.46117273279612,11.179586869624451,12.26511091240087,49.598820687647574,147.0,3.0
0.02/0.06/0.06 cap1.0 pmpNone part0,0.02,0.06,1.0,False,,F,421.19414909728476,9.906853249382552,-31.907398804327574,-33.769240778513385,-34.59363063057004,9.5123280461532,10.276010550867014,36.29729896547585,212.0,3.0
0.02/0.08/0.06 cap0.9 pmpNone part0,0.02,0.08,0.9,False,,A,129.44695177664627,7.937300368268819,-20.518963447757105,-23.88975725123204,-27.297599506927007,7.225616602817378,8.798242004374432,20.74682521980682,60.0,1.0
0.02/0.08/0.06 cap0.9 pmpNone part0,0.02,0.08,0.9,False,,B,175.04098941431008,10.595795362965054,-26.828425658595755,-29.488445792861356,-29.50769347379555,9.101789646479112,11.913695329233041,45.67232366776505,125.0,0.0
0.02/0.08/0.06 cap0.9 pmpNone part0,0.02,0.08,0.9,False,,F,386.34131399176556,9.447674536634498,-27.701190488316342,-29.507266771682307,-29.87399687755167,8.691700277246547,10.16290405685933,33.5176800299268,185.0,2.0
0.02/0.08/0.06 cap0.95 pmpNone part0,0.02,0.08,0.95,False,,A,133.17029290340764,8.241773211420767,-19.473326101843853,-24.576552687116727,-27.589213340284946,7.3986242791475325,9.045709518999184,21.503284402576362,59.0,0.0
0.02/0.08/0.06 cap0.95 pmpNone part0,0.02,0.08,0.95,False,,B,179.81732317095987,10.876208030347156,-29.8895931734587,-32.81513789532356,-33.04079884704174,9.92283114993959,12.377477150785424,47.80317371722658,130.0,1.0
0.02/0.08/0.06 cap0.95 pmpNone part0,0.02,0.08,0.95,False,,F,407.0640301960312,9.725216955088346,-29.887902561414492,-32.815157083521676,-33.04126067143456,9.180936883406654,10.330685948180186,35.137429413755314,189.0,1.0
0.02/0.08/0.06 cap1.0 pmpNone part0,0.02,0.08,1.0,False,,A,133.99301631969763,8.308014933581687,-22.267863007850035,-25.599082675667116,-28.928633623539703,7.5254045216377285,9.054298549048937,22.5482933566859,61.0,0.5
0.02/0.08/0.06 cap1.0 pmpNone part0,0.02,0.08,1.0,False,,B,195.18112109172583,11.734592654040267,-32.11393773828176,-33.91873911493105,-34.99087484671281,10.366928932935132,12.877247572666423,49.67953255895593,134.5,3.0
0.02/0.08/0.06 cap1.0 pmpNone part0,0.02,0.08,1.0,False,,F,432.18426051513126,10.044166097490004,-32.21828741468386,-34.32137178057621,-34.991007806579375,9.325074699025059,10.581822564571214,36.70130646403308,195.0,3.0
0.02/0.10/0.06 cap0.9 pmpNone part0,0.02,0.1,0.9,False,,A,134.917515693728,8.382013375653818,-20.32607981463587,-25.09707398168607,-28.694409064533886,7.135356502486459,9.114521446680772,21.30850628091916,57.0,0.0
0.02/0.10/0.06 cap0.9 pmpNone part0,0.02,0.1,0.9,False,,B,177.40756615890504,10.735517175344855,-27.211380805808062,-27.964402969063805,-29.823905704925668,8.9780270082713,12.1064853989251,45.55485095735898,117.0,3.0
0.02/0.10/0.06 cap0.9 pmpNone part0,0.02,0.1,0.9,False,,F,408.4159666474998,9.742851447295442,-27.12087884342037,-27.902873831607305,-29.875425723070414,8.882144632176322,10.55642935502779,33.62965276761113,173.0,3.0
0.02/0.10/0.06 cap0.95 pmpNone part0,0.02,0.1,0.95,False,,A,138.07162550665532,8.631041352400581,-21.754889269478934,-26.330304316313143,-30.865157284764877,7.784716418343892,9.514048033897367,22.055421916969067,58.0,1.0
0.02/0.10/0.06 cap0.95 pmpNone part0,0.02,0.1,0.95,False,,B,180.954910880287,10.941994609213811,-29.460350175646393,-30.810119358373868,-32.01762365221481,9.347609484973766,12.52327343505765,47.79926644637189,119.0,1.0
0.02/0.10/0.06 cap0.95 pmpNone part0,0.02,0.1,0.95,False,,F,422.4696090305246,9.922889894449549,-29.459674481531927,-30.808023062498176,-30.88755868348203,9.252140392793045,10.860706956778543,35.26609904621984,177.0,3.0
0.02/0.10/0.06 cap1.0 pmpNone part0,0.02,0.1,1.0,False,,A,136.99882016887383,8.546861698564568,-22.59483641147959,-27.55260285593943,-29.785932392836113,7.836738811418284,9.727922791651606,23.011695309655327,58.0,0.0
0.02/0.10/0.06 cap1.0 pmpNone part0,0.02,0.1,1.0,False,,B,196.2006441939448,11.78931946440186,-31.217793044029573,-32.5319320927821,-33.050057285547126,10.210117014944235,13.273531047413876,50.18217273517895,123.0,3.0
0.02/0.10/0.06 cap1.0 pmpNone part0,0.02,0.1,1.0,False,,F,449.46800923363054,10.25351395311105,-31.28375346768944,-32.73194276846495,-33.03196118430771,9.40757656083873,11.314353951894972,36.83602863553574,181.0,3.0
0.02/0.12/0.06 cap0.9 pmpNone part0,0.02,0.12,0.9,False,,A,142.2085402597012,8.950118557235298,-20.1538881123417,-25.360900990147623,-28.79746410165165,7.957965525768063,9.920867074207187,21.255269325445774,55.0,1.0
0.02/0.12/0.06 cap0.9 pmpNone part0,0.02,0.12,0.9,False,,B,171.14564160650065,10.361914893087775,-25.555130725087636,-27.151846314934446,-30.65649803598085,8.478365530891038,11.943542692876719,45.69719965669123,110.0,3.0
0.02/0.12/0.06 cap0.9 pmpNone part0,0.02,0.12,0.9,False,,F,412.37670072310834,9.794222268514241,-25.43904621923941,-27.465296405763922,-35.25606092552821,9.05301275414546,10.793055230336387,33.76575366706179,166.0,4.0
0.02/0.12/0.06 cap0.95 pmpNone part0,0.02,0.12,0.95,False,,A,140.78098016697996,8.840985760099374,-21.83444094406909,-27.538723473869393,-29.794273329160692,7.856445502523027,10.265274034827248,22.303260964450565,55.0,0.0
0.02/0.12/0.06 cap0.95 pmpNone part0,0.02,0.12,0.95,False,,B,179.8148753767541,10.876070637263313,-28.694441381003564,-30.10612224237743,-33.22944879989018,9.407600579844685,12.632588329251321,48.08509646281516,112.0,1.0
0.02/0.12/0.06 cap0.95 pmpNone part0,0.02,0.12,0.95,False,,F,437.34191697888707,10.107493438412153,-28.63191383195709,-30.10566174931155,-30.848324949955774,9.228813424292012,11.322009789542994,35.557454329939965,166.0,2.0
0.02/0.12/0.06 cap1.0 pmpNone part0,0.02,0.12,1.0,False,,A,144.2555467581416,9.104904845494222,-21.67853847880407,-27.676925927867103,-31.234903279880164,8.164935042016086,10.421870282068655,23.192995791652418,57.0,1.0
0.02/0.12/0.06 cap1.0 pmpNone part0,0.02,0.12,1.0,False,,B,190.1306521948923,11.45889408931139,-30.367155098406258,-31.41890763793041,-34.12768241625336,9.700551874508106,13.12667722779826,49.6409043754221,115.0,3.0
0.02/0.12/0.06 cap1.0 pmpNone part0,0.02,0.12,1.0,False,,F,467.2793536614144,10.461455308835731,-30.41307189026192,-31.264697990316577,-33.461665434807294,9.58678875866907,11.465126832383596,36.96726903775619,172.0,4.0
0.02/0.15/0.06 cap0.9 pmpNone part0,0.02,0.15,0.9,False,,A,149.01842826044066,9.457522047868805,-20.89567757933336,-25.56558241125075,-27.889156635397494,8.419021217485401,10.670944045597727,21.881707599053613,52.0,1.0
0.02/0.15/0.06 cap0.9 pmpNone part0,0.02,0.15,0.9,False,,B,169.10492856969262,10.237379756895393,-27.958875023442875,-32.21602062379199,-32.79689889532902,7.593752354648305,12.341876968346309,45.659620751379805,104.5,4.0
0.02/0.15/0.06 cap0.9 pmpNone part0,0.02,0.15,0.9,False,,F,413.30779793841117,9.806146790550862,-31.533783207003,-32.21661533241782,-32.79749850617313,8.69437088302891,11.27624495072053,34.115450695431015,157.0,5.0
0.02/0.15/0.06 cap0.95 pmpNone part0,0.02,0.15,0.95,False,,A,148.4722819235513,9.417579148540845,-22.531680425119617,-27.1546104598237,-34.84106266246357,8.271105606054356,10.788237760533677,23.012495265097897,55.0,0.0
0.02/0.15/0.06 cap0.95 pmpNone part0,0.02,0.15,0.95,False,,B,181.7898576877229,10.990022196239057,-30.18983642568428,-33.5273921332389,-36.234224979211604,9.053538458491042,13.32771079928514,48.788220886865794,107.0,4.0
0.02/0.15/0.06 cap0.95 pmpNone part0,0.02,0.15,0.95,False,,F,456.49016222994896,10.33643394262077,-31.294956627221936,-33.62703251352149,-34.84106266246357,9.27613890456365,11.841495289678823,35.96356729537047,160.0,4.0
0.02/0.15/0.06 cap1.0 pmpNone part0,0.02,0.15,1.0,False,,A,153.5511203722386,9.783798580985515,-22.700829279671442,-28.328753083375275,-34.20431483073069,8.670058202620465,11.194971663048113,23.939701864312575,56.0,1.0
0.02/0.15/0.06 cap1.0 pmpNone part0,0.02,0.15,1.0,False,,B,189.05563643059557,11.39991980800178,-27.61188245878685,-29.875368924444963,-34.031376685830736,9.490333600004037,13.037261840178417,50.185552422127124,107.0,2.0
0.02/0.15/0.06 cap1.0 pmpNone part0,0.02,0.15,1.0,False,,F,494.92822583852467,10.76966397294159,-27.612277613378943,-30.668076985793473,-36.355890281533966,9.89644361579101,11.774925834645929,37.25867298762942,162.0,4.0
0.02/0.18/0.06 cap0.9 pmpNone part0,0.02,0.18,0.9,False,,A,149.05712101092803,9.460346657084074,-20.15390490553245,-25.477318496249644,-30.78415390344784,8.305333740913937,10.960847929506727,21.63980533472327,53.0,2.0
0.02/0.18/0.06 cap0.9 pmpNone part0,0.02,0.18,0.9,False,,B,166.56027429431774,10.0801258189109,-31.28123935727856,-32.03530846583219,-35.800781425701715,7.7407722187275985,12.334121294299882,47.29233607668473,103.5,6.0
0.02/0.18/0.06 cap0.9 pmpNone part0,0.02,0.18,0.9,False,,F,418.3972328101524,9.871332327493121,-31.248350764534123,-32.0200398665312,-33.638240198843114,8.795979206504215,11.0874085324366,34.743271528723845,156.0,7.0
0.02/0.18/0.06 cap0.95 pmpNone part0,0.02,0.18,0.95,False,,A,149.4028819729712,9.485542345410447,-22.73669012383281,-28.07533921130049,-32.334260787309645,8.18439068866634,11.092483882566377,22.892944261554543,51.0,0.0
0.02/0.18/0.06 cap0.95 pmpNone part0,0.02,0.18,0.95,False,,B,177.2986317773662,10.72912931722999,-32.642108024272595,-34.462551806119315,-36.48543419906134,7.5662233502108185,13.13676970251657,49.28616014800101,101.0,2.0
0.02/0.18/0.06 cap0.95 pmpNone part0,0.02,0.18,0.95,False,,F,429.358922951058,10.009084439409277,-34.46092397834614,-34.462540318310886,-34.462669361067725,8.634879814287807,11.799077264756813,36.51682688286949,151.0,3.0
0.02/0.18/0.06 cap1.0 pmpNone part0,0.02,0.18,1.0,False,,A,154.39112939387283,9.843263121763734,-23.594314410534423,-29.163371766122758,-31.811267898486896,8.622518524953867,11.273418422343653,23.68644578312329,52.0,1.0
0.02/0.18/0.06 cap1.0 pmpNone part0,0.02,0.18,1.0,False,,B,188.23280959302699,11.354262397931302,-32.46035250289594,-36.58208235614776,-38.875661647455516,7.915305393479641,13.726269077581751,50.329139481915476,103.0,4.0
0.02/0.18/0.06 cap1.0 pmpNone part0,0.02,0.18,1.0,False,,F,454.3279541891,10.311020835471785,-34.10198020207088,-36.32485133684719,-36.664571989060335,9.241180130726752,12.108628036872192,37.930987314977834,155.0,6.0
0.02/0.20/0.06 cap0.9 pmpNone part0,0.02,0.2,0.9,False,,A,141.77101149502775,8.91678082053936,-20.771741074837653,-26.356042979642442,-31.059405198123912,7.6705443298762415,10.74383544068172,21.439669946289794,50.0,1.0
0.02/0.20/0.06 cap0.9 pmpNone part0,0.02,0.2,0.9,False,,B,159.19764791710264,9.613105105954833,-31.88625258689325,-32.82465334585165,-33.46896187914229,7.337445044395496,11.828111145520753,46.652657548276565,100.0,5.0
0.02/0.20/0.06 cap0.9 pmpNone part0,0.02,0.2,0.9,False,,F,389.4769369237825,9.490478461641516,-31.85050509721789,-32.341205476368714,-33.20675602121774,8.389800375362357,10.837862937900063,34.36869057213154,149.0,6.0
0.02/0.20/0.06 cap0.95 pmpNone part0,0.02,0.2,0.95,False,,A,154.99155481059645,9.885667064414383,-21.45365105491816,-27.278599260064357,-33.094770860245504,8.631610383777053,11.556587578192463,22.953373565654285,52.0,2.0
0.02/0.20/0.06 cap0.95 pmpNone part0,0.02,0.2,0.95,False,,B,173.41564744810483,10.498711518448244,-32.44628930906877,-33.82988659267636,-38.28973352102402,7.738739398109558,12.359172607146768,48.441755729277006,103.0,7.0
0.02/0.20/0.06 cap0.95 pmpNone part0,0.02,0.2,0.95,False,,F,438.076666271788,10.116423807219189,-32.801909436215695,-33.89316619653838,-35.36678132459515,8.947976928092096,11.691120266448369,36.09422736724653,154.0,9.0
0.02/0.20/0.06 cap1.0 pmpNone part0,0.02,0.2,1.0,False,,A,149.797296283374,9.514219641000565,-22.296465267804138,-29.658907451005913,-34.65521507774467,8.250312844568601,11.522609556403571,23.998839254752326,53.0,2.0
0.02/0.20/0.06 cap1.0 pmpNone part0,0.02,0.2,1.0,False,,B,181.02839693376342,10.946097430562629,-34.265832764517526,-35.61044073650715,-36.03849117369494,8.433133475849404,13.826994971660787,52.01050357469042,104.0,5.0
0.02/0.20/0.06 cap1.0 pmpNone part0,0.02,0.2,1.0,False,,F,452.0501807438916,10.284178834323166,-34.33983684868795,-35.70926245290751,-38.402728801453925,9.301182781874191,12.094121899575898,38.52964860277835,155.0,6.5
0.02/0.25/0.06 cap0.9 pmpNone part0,0.02,0.25,0.9,False,,A,146.75822067380963,9.290356507353192,-21.021860985442064,-27.615168498527034,-32.97304391303631,7.485594850435984,11.305780197656304,21.687497256802178,50.0,3.0
0.02/0.25/0.06 cap0.9 pmpNone part0,0.02,0.25,0.9,False,,B,165.20372866412217,9.995664965957252,-31.559679776379074,-34.1851744877193,-36.924956183007126,7.285741905761281,12.667112834926069,46.69651999585016,100.0,10.0
0.02/0.25/0.06 cap0.9 pmpNone part0,0.02,0.25,0.9,False,,F,399.42815326830197,9.624261071376516,-32.0337026032641,-33.98523050068782,-39.91815567162882,8.32404962658744,11.445330961763146,34.04642515040948,149.0,13.0
0.02/0.25/0.06 cap0.95 pmpNone part0,0.02,0.25,0.95,False,,A,145.82233688401539,9.222041595763619,-22.53908456133652,-30.410047708704663,-35.54957564859899,8.053112484790992,11.100824151336111,22.7080021818313,48.0,0.0
0.02/0.25/0.06 cap0.95 pmpNone part0,0.02,0.25,0.95,False,,B,168.3087925704063,10.188426985822119,-33.50221292546352,-35.44531084984364,-41.18632415713671,7.11246766931721,13.016511792683366,49.022498916341576,100.0,8.0
0.02/0.25/0.06 cap0.95 pmpNone part0,0.02,0.25,0.95,False,,F,413.9580607604638,9.814402181037686,-33.11364286189666,-35.072211323316374,-39.889130195239005,8.415670098169462,11.398563614649762,35.80407249527667,146.5,8.0
0.02/0.25/0.06 cap1.0 pmpNone part0,0.02,0.25,1.0,False,,A,148.0659415829592,9.387827632200574,-22.145769050002773,-29.813596147647214,-36.34317522879077,8.261879282480892,11.462496387436277,23.396665770648696,51.5,1.0
0.02/0.25/0.06 cap1.0 pmpNone part0,0.02,0.25,1.0,False,,B,167.87242627102282,10.161610499252705,-35.88836418769581,-35.89027345440462,-39.282855776183965,7.603552136146301,12.94784290208803,52.91963747362555,97.0,3.0
0.02/0.25/0.06 cap1.0 pmpNone part0,0.02,0.25,1.0,False,,F,444.3349642488774,10.192190894146725,-35.88886543875706,-35.89027345440463,-38.93474171420834,8.780292667414946,11.596161508773397,38.18677706060342,147.0,4.0
0.02/0.08/0.06 cap0.9 pmp15 part0,0.02,0.08,0.9,False,15.0,A,130.6599618059563,8.037349576315211,-18.634671466934684,-24.196701078311023,-25.5590758297646,7.222402324099712,8.802095005847763,20.35760900462816,58.0,0.0
0.02/0.08/0.06 cap0.9 pmp15 part0,0.02,0.08,0.9,False,15.0,B,173.5429669338437,10.506306184925919,-26.81628433240249,-29.488445792861356,-29.50769347379555,9.065594620720038,11.885554447892462,45.6235846736384,125.0,0.0
0.02/0.08/0.06 cap0.9 pmp15 part0,0.02,0.08,0.9,False,15.0,F,382.6618471385981,9.396913078579871,-27.701190488316346,-29.507266771682296,-29.873996877551654,8.75634136966112,10.171054868091922,33.30018233732518,184.0,0.0
