name,win,paired_win,dd_month_mode,dd_month_share,tr_mean,tr_hold,pt_n,pt_mean,pt_med,pt_win,pt_hold_med,pt_hold_mean,pt_ret_per_yr
base,A,0.0,2012-12,0.625,0.31394247228234606,173.5,127,0.3484563544037679,0.4220429589878776,0.8976377952755905,238.0,273.37007874015745,0.3110192266335607
tr_a45_t05_sl40,A,0.9875,2012-12,0.975,0.4774076454048316,218.5,127,0.43967633803891665,0.425532118543688,0.8976377952755905,294.0,321.38582677165357,0.33380758435784863
t2_a50_t075_x100_t30_sl40,A,1.0,2012-12,0.975,0.6773227881859352,255.5,127,0.6473024709022478,0.44252064012639525,0.889763779527559,322.0,366.98425196850394,0.4303776035427909
t2_a50_t075_x100_t35_sl40,A,1.0,2012-12,0.9625,0.6498472432274045,255.5,127,0.6219658286092624,0.44252064012639525,0.889763779527559,325.0,368.2204724409449,0.41214346713163597
tr_a50_t10_sl70,A,1.0,2012-12,0.9875,0.6071573358714379,360.5,127,0.5551633972514138,0.45278132974099083,0.9606299212598425,395.0,407.6377952755906,0.3323044881983158
t2_a50_t075_x100_t30_sl70,A,1.0,2012-12,0.9875,0.7978674045605036,345.0,127,0.710985428660976,0.45231644013918326,0.9606299212598425,412.0,417.2204724409449,0.4158004126171764
t2_a50_t10_x150_t35_noSL,A,1.0,2012-12,0.9875,0.6422138097298407,360.5,127,0.564232481642848,0.45278132974099083,0.9606299212598425,395.0,411.3307086614173,0.3347008200989409
tr_a70_t20_noSL,A,1.0,2012-12,0.975,1.0676720706771219,518.5,127,1.1098774705148102,0.7728253077059273,0.9448818897637795,557.0,533.2204724409448,0.5078764166085283
tr_a60_t30_sl70,A,1.0,2012-12,0.5375,1.3175399828422907,545.0,127,1.4675171163217695,0.9493794073132615,0.9448818897637795,619.0,605.4094488188977,0.5914578589433713
tr_a100_t30_noSL,A,1.0,2015-09,0.5875,1.3174042079113963,566.0,127,1.6224158217884042,1.1697740972038844,0.9291338582677166,676.0,660.4566929133858,0.5993874613793733
base,B,0.0,2018-10,0.95,0.21062262527445746,162.0,536,0.32424890765658787,0.4273597680843082,0.8451492537313433,152.0,215.50746268656715,0.36711830060045003
tr_a45_t05_sl40,B,0.75,2018-10,0.9125,0.23702353199747575,167.0,536,0.3639011844329475,0.4104221906564455,0.8432835820895522,169.5,241.38059701492537,0.3678501507565204
t2_a50_t075_x100_t30_sl40,B,0.4875,2018-10,0.4875,0.2743527357864085,185.0,536,0.3766237481417394,0.42387659098812336,0.8283582089552238,194.0,281.57835820895525,0.3263609999401643
t2_a50_t075_x100_t35_sl40,B,0.7625,2024-02,0.425,0.29677750521364943,196.0,536,0.3908307346201109,0.42135602046413767,0.8283582089552238,197.0,285.9235074626866,0.3335252148155466
tr_a50_t10_sl70,B,0.9375,2018-10,0.7125,0.39091207118685434,296.75,536,0.44564771205534104,0.4201856686419755,0.9011194029850746,220.0,349.55223880597015,0.31107808696330985
t2_a50_t075_x100_t30_sl70,B,0.8875,2018-10,0.4625,0.39686111992200807,289.5,536,0.4464738765060783,0.43900081536568314,0.9011194029850746,220.0,351.86380597014926,0.30960736517675563
t2_a50_t10_x150_t35_noSL,B,0.9375,2018-10,0.45,0.4269746203024035,307.5,536,0.46354921909656305,0.4201856686419755,0.9011194029850746,230.0,368.7369402985075,0.3067390247584023
tr_a70_t20_noSL,B,0.4875,2018-10,0.9875,0.4503397241448866,530.0,536,0.5947164795544733,0.49714664274048836,0.8526119402985075,407.5,511.7444029850746,0.28356112966715485
tr_a60_t30_sl70,B,0.2375,2018-10,0.9125,0.45939848238555003,534.0,536,0.5824763336010301,0.31730361043678657,0.8619402985074627,442.5,502.73320895522386,0.28270307763040514
tr_a100_t30_noSL,B,0.25,2018-10,0.575,0.6273181886192154,704.0,536,0.7747556459136538,0.5545411838680842,0.8246268656716418,584.0,663.5391791044776,0.2848970845369873
base,F,0.0,2018-10,0.925,0.24482364617101504,162.75,663,0.32888592988417736,0.4254545765869293,0.8552036199095022,161.0,226.59125188536953,0.35415386174015273
tr_a45_t05_sl40,F,1.0,2018-10,0.8125,0.3131764153968599,180.0,663,0.3784161836908029,0.4141772634558496,0.8536953242835595,180.0,256.70588235294116,0.3596861434347961
t2_a50_t075_x100_t30_sl40,F,0.975,2018-10,0.475,0.40220476588564025,216.0,663,0.42854324497374613,0.4319819446183806,0.8401206636500754,213.0,298.0180995475113,0.3508664471465229
t2_a50_t075_x100_t35_sl40,F,0.9875,2018-10,0.55,0.4089508090144204,223.5,663,0.43517550919878084,0.4291737436513934,0.8401206636500754,215.0,301.7677224736048,0.3518693893903454
tr_a50_t10_sl70,F,1.0,2018-10,0.75,0.47168890809156644,334.5,663,0.4725985109438876,0.4236397271560821,0.918552036199095,260.0,373.41478129713425,0.3088095127614959
t2_a50_t075_x100_t30_sl70,F,1.0,2018-10,0.6375,0.5243935248200242,326.5,663,0.5028175347748449,0.44252064012639525,0.918552036199095,259.0,377.07239819004525,0.3253684944163625
t2_a50_t10_x150_t35_noSL,F,1.0,2018-10,0.6,0.5012995334746075,344.0,663,0.4888081361200674,0.4236397271560821,0.918552036199095,264.0,389.63197586727,0.306107282257363
tr_a70_t20_noSL,F,1.0,2018-10,0.975,0.6777696216896072,520.5,663,0.7033371253479581,0.5440003612156838,0.8793363499245852,426.0,530.0241327300151,0.3237857448130933
tr_a60_t30_sl70,F,1.0,2018-10,1.0,0.7497309161676693,543.0,663,0.763936323443835,0.3912553081849379,0.8868778280542986,502.0,537.604826546003,0.34672393869281115
tr_a100_t30_noSL,F,1.0,2018-10,0.875,0.9341041985851384,684.0,663,0.9541716709625306,0.6372048349139388,0.8552036199095022,606.0,689.1870286576169,0.33781524903092697
