name,win,drop,final,cagr,max_dd,dd_p10,cagr_p10,avg_exp,n,n0,n1,n2,tr_mean,tr_hold,fam,act,tr,sl,act2,tr2
base,A,,130.6599618059563,8.037349576315211,-18.634671466934684,-24.196701078311023,7.222402324099712,0.20357609004628158,58.0,42.0,16.0,0.0,0.31394247228234606,173.5,base,,,,,
base,B,,173.54296693384367,10.506306184925919,-26.81628433240249,-29.488445792861356,9.065594620720038,0.45623584673638407,125.0,85.0,40.0,0.0,0.21062262527445746,162.0,base,,,,,
base,F,,382.661847138598,9.396913078579871,-27.701190488316346,-29.507266771682296,8.75634136966114,0.3330018233732518,184.0,127.0,57.0,0.0,0.24482364617101504,162.75,base,,,,,
tr_a0.5_t0.2_sl0.4,A,,197.17506204409798,12.54479588128643,-23.516468386161314,-26.545382358010556,11.116784731583488,0.3002663546630342,49.0,36.0,14.0,0.0,0.8173547916513182,273.0,trail,0.5,0.2,0.4,,
tr_a0.5_t0.2_sl0.4,B,,152.7864774759166,9.190194416646513,-29.126050863467555,-30.354080501540082,7.977354594694849,0.5500311152176922,114.0,81.0,34.0,0.0,0.2403526184345911,241.5,trail,0.5,0.2,0.4,,
tr_a0.5_t0.2_sl0.4,F,,489.944533949511,10.715361898757248,-29.169185794534602,-30.42862892153082,9.862515257062904,0.42865397895139323,164.0,117.0,47.0,0.0,0.41207072835490755,265.0,trail,0.5,0.2,0.4,,
tr_a0.5_t0.2_slNone,A,,205.3928410756607,13.002292119026215,-24.41510606313933,-27.78975515781771,11.65549690286306,0.31043820435647485,46.5,33.0,14.0,0.0,0.8973350514848228,397.5,trail,0.5,0.2,,,
tr_a0.5_t0.2_slNone,B,,175.9807373418798,10.651510504729632,-29.60548291951198,-30.488180245983887,9.53578115570995,0.5835597688488658,96.0,71.0,25.0,0.0,0.3627479386443214,378.0,trail,0.5,0.2,,,
tr_a0.5_t0.2_slNone,F,,607.0721994807125,11.87176066431429,-29.651316160343622,-31.069407589518644,11.01761095977828,0.4542327733330501,143.0,105.0,37.5,0.0,0.5457390016460134,392.0,trail,0.5,0.2,,,
tr_a0.5_t0.25_sl0.4,A,,250.49545914390703,15.252669010240794,-23.682150136947605,-26.752903851573933,13.829206849399768,0.34068561129772706,49.0,36.0,13.0,0.0,0.9574049139436793,398.0,trail,0.5,0.25,0.4,,
tr_a0.5_t0.25_sl0.4,B,,147.0263477238885,8.796128506237,-29.509556065387716,-31.62790997469121,7.64648549950672,0.564875318442254,116.0,83.0,33.0,0.0,0.26245773043296866,273.5,trail,0.5,0.25,0.4,,
tr_a0.5_t0.25_sl0.4,F,,625.3634720220663,12.032854675025039,-30.55468202744506,-32.96618730823146,10.985643745857791,0.4575969449796802,164.5,118.0,46.0,0.0,0.46697571611436445,306.0,trail,0.5,0.25,0.4,,
tr_a0.5_t0.25_slNone,A,,263.5440275428489,15.8355403688614,-24.62543466235263,-27.998981088230696,14.423976864501414,0.3521065610538993,47.0,34.0,13.0,0.0,1.065032105379378,483.0,trail,0.5,0.25,,,
tr_a0.5_t0.25_slNone,B,,172.52709796928175,10.44540851342144,-29.544884595732952,-30.379370080750345,9.27684869749063,0.6017365594808346,98.0,75.0,23.0,0.0,0.393044321603935,436.0,trail,0.5,0.25,,,
tr_a0.5_t0.25_slNone,F,,761.877127011599,13.110293276615604,-31.384003460635718,-33.86971268500924,12.37242559145788,0.48480680274956633,144.0,107.0,36.0,0.0,0.6080821995780155,477.0,trail,0.5,0.25,,,
tr_a0.5_t0.3_sl0.4,A,,307.4557918912621,17.6224737666253,-25.338103583487005,-28.152483245297375,16.193672330027137,0.38246766034009777,45.0,32.0,13.0,0.0,1.1537047232170923,414.0,trail,0.5,0.3,0.4,,
tr_a0.5_t0.3_sl0.4,B,,140.36963363108794,8.323072410740473,-30.643875900939584,-33.400674436298125,7.264572590680151,0.6182309816584277,115.0,82.0,33.0,0.0,0.2806489922612301,313.0,trail,0.5,0.3,0.4,,
tr_a0.5_t0.3_sl0.4,F,,737.302129054883,12.930672296795208,-36.44704911863104,-39.27207797932159,11.955150990496639,0.5035972483258812,161.0,116.0,46.0,0.0,0.5372694966336456,382.0,trail,0.5,0.3,0.4,,
tr_a0.5_t0.3_slNone,A,,336.2971365369141,18.674689410830148,-25.73971717083456,-28.458406431460574,17.11012201349656,0.3928212513552296,43.0,30.0,13.0,0.0,1.2722476965135519,492.0,trail,0.5,0.3,,,
tr_a0.5_t0.3_slNone,B,,166.52569801039425,10.078200736981024,-29.986924551906636,-31.04723167850446,8.936966290679223,0.6422498088836905,95.5,71.0,23.0,0.0,0.4206664101095232,523.5,trail,0.5,0.3,,,
tr_a0.5_t0.3_slNone,F,,944.4200247789463,14.294095936145347,-36.91309904240339,-39.93056356622999,13.38760631475266,0.525144040621781,137.5,102.0,36.0,0.0,0.6897787334625509,513.0,trail,0.5,0.3,,,
tr_a0.5_t0.35_sl0.4,A,,273.00213511649986,16.241929249870466,-27.847018548228895,-30.963133029610685,14.829977354510998,0.40930023877601684,46.0,33.0,13.0,0.0,1.0603005188750543,506.5,trail,0.5,0.35,0.4,,
tr_a0.5_t0.35_sl0.4,B,,147.52187630442805,8.830371645671375,-32.317685317616025,-33.96389087685358,6.463644026001914,0.6716019295589487,107.0,75.0,32.0,0.0,0.31116959318830195,367.5,trail,0.5,0.35,0.4,,
tr_a0.5_t0.35_sl0.4,F,,669.3222210600777,12.401820832594158,-40.527353699191806,-43.29523098858124,10.996898541542995,0.5474741079425799,154.0,109.0,45.0,0.0,0.5422141391574792,406.0,trail,0.5,0.35,0.4,,
tr_a0.5_t0.35_slNone,A,,295.73075902992747,17.16905868791875,-28.142878592544285,-31.200349904121072,15.76146205028445,0.41988686518062296,43.5,30.5,13.0,0.0,1.1451578800938857,589.0,trail,0.5,0.35,,,
tr_a0.5_t0.35_slNone,B,,147.83281055475538,8.852207935698054,-30.675768198251628,-31.704448919856613,7.427421657830173,0.6803151105797167,89.0,66.0,22.0,0.0,0.40688674178065276,545.0,trail,0.5,0.35,,,
tr_a0.5_t0.35_slNone,F,,756.9296618096635,13.074582733688311,-41.590672823109074,-44.42175309263749,11.802747602637583,0.5597175617895078,132.0,96.0,35.0,0.0,0.6576132760430855,556.5,trail,0.5,0.35,,,
tr_a0.5_t0.4_sl0.4,A,,264.70345358017704,15.88609494323141,-35.483152643728694,-38.21605941674105,14.462389408848628,0.45686651760373664,46.0,33.0,13.0,0.0,1.0574690445173909,612.0,trail,0.5,0.4,0.4,,
tr_a0.5_t0.4_sl0.4,B,,127.65144451806164,7.359642267982536,-32.26755694791604,-34.81722445968434,5.848920719150826,0.695132373611263,104.0,76.0,28.0,0.0,0.3127748787020921,452.0,trail,0.5,0.4,0.4,,
tr_a0.5_t0.4_sl0.4,F,,583.650646631563,11.658537088196773,-46.96606216580756,-49.2407345963287,10.689569220481285,0.5823507490172533,149.5,108.0,41.0,0.0,0.5398474083114349,471.0,trail,0.5,0.4,0.4,,
tr_a0.5_t0.4_slNone,A,,272.005817947981,16.199781439600958,-35.568760141601715,-38.11484214378343,14.924486276893653,0.4630593084824124,45.0,33.0,12.0,0.0,1.102099606291842,716.0,trail,0.5,0.4,,,
tr_a0.5_t0.4_slNone,B,,134.89598689361486,7.91855763333068,-30.91773002697198,-31.659311357108738,6.582184646594416,0.7042982610420025,82.0,63.0,19.0,0.0,0.3897992811801293,613.5,trail,0.5,0.4,,,
tr_a0.5_t0.4_slNone,F,,598.8725869457911,11.79803976536543,-47.66608606195224,-50.17205945648655,10.748599310130189,0.5935484055792124,125.0,95.0,31.0,0.0,0.6525861716944066,680.0,trail,0.5,0.4,,,
tr_a0.6_t0.2_sl0.4,A,,216.30956919612206,13.585100095643787,-23.19997050277431,-26.160792879615407,12.436673993033613,0.3202380589336895,47.5,34.5,14.0,0.0,0.8908744858896624,318.0,trail,0.6,0.2,0.4,,
tr_a0.6_t0.2_sl0.4,B,,152.44935582117705,9.167497849998341,-31.294946639768785,-31.96629373298941,7.411809584141274,0.5895988323822595,109.0,79.0,29.0,0.0,0.2982747016178052,317.0,trail,0.6,0.2,0.4,,
tr_a0.6_t0.2_sl0.4,F,,557.2249608548649,11.40810098781907,-31.332364983796545,-32.4071324807019,10.558004132370646,0.45714859090123205,157.0,113.0,43.0,0.0,0.47785536794893824,317.0,trail,0.6,0.2,0.4,,
tr_a0.6_t0.2_slNone,A,,228.89128834216967,14.2244913325272,-23.760481137386712,-27.149665649346407,12.953584769036189,0.3292872784377131,44.5,31.0,14.0,0.0,0.9935472497130468,476.0,trail,0.6,0.2,,,
tr_a0.6_t0.2_slNone,B,,168.20338344960064,10.1820474386758,-31.040824972173276,-31.850575659945175,8.93826607298556,0.6245702013404584,90.0,70.0,20.0,0.0,0.4188086834319943,518.25,trail,0.6,0.2,,,
tr_a0.6_t0.2_slNone,F,,639.056665249569,12.15054215945981,-31.15688106209066,-32.7275262592482,11.206532813081136,0.48005992996497726,134.0,100.0,34.0,0.0,0.6181265705627081,497.0,trail,0.6,0.2,,,
tr_a0.6_t0.25_sl0.4,A,,248.34914117838946,15.154179878335894,-23.31762608981108,-26.391799094501035,13.727053646234383,0.3466559681050765,48.0,35.0,13.0,0.0,0.9735606856793593,417.5,trail,0.6,0.25,0.4,,
tr_a0.6_t0.25_sl0.4,B,,145.17239070644627,8.666426704124452,-31.289863824604637,-32.34359722808513,7.205861967186136,0.6051382273352369,109.0,80.0,29.0,0.0,0.3083300786160675,323.5,trail,0.6,0.25,0.4,,
tr_a0.6_t0.25_sl0.4,F,,631.7734284666915,12.088208360375619,-31.41312298358101,-34.46606934382575,11.003353774652643,0.4820256798506465,157.0,115.0,42.0,0.0,0.5275605203960789,383.0,trail,0.6,0.25,0.4,,
tr_a0.6_t0.25_slNone,A,,260.2449058050221,15.690671275797596,-23.995263165016723,-27.38202581098401,14.269740368122843,0.35498627382607956,45.0,32.0,13.0,0.0,1.093184283756111,524.0,trail,0.6,0.25,,,
tr_a0.6_t0.25_slNone,B,,164.0282883989844,9.921848767616959,-30.974563312623133,-31.736447928311378,9.148842758492988,0.6299983056721218,88.0,68.0,20.0,0.0,0.45002451987633263,521.0,trail,0.6,0.25,,,
tr_a0.6_t0.25_slNone,F,,737.1713503215099,12.929699873947209,-31.326341518607652,-33.38118275614359,12.084391258251385,0.5011001130922176,133.0,100.0,33.0,0.0,0.6834945159962028,522.5,trail,0.6,0.25,,,
tr_a0.6_t0.3_sl0.4,A,,305.71286076045584,17.556069909016458,-25.69556889451579,-28.02704217814791,16.08797857349356,0.38639506389552725,44.0,31.0,13.0,0.0,1.180851880886546,446.0,trail,0.6,0.3,0.4,,
tr_a0.6_t0.3_sl0.4,B,,137.9904514089686,8.149029630352988,-31.49293892515246,-33.099879341595866,6.990504067406126,0.639928444442808,107.0,78.0,28.0,0.0,0.32662805671180517,365.0,trail,0.6,0.3,0.4,,
tr_a0.6_t0.3_sl0.4,F,,766.3912063214757,13.142691884929548,-35.74064734289339,-39.201405160478586,11.92867113805638,0.5175056922615028,153.5,112.0,42.0,0.0,0.5962166682926175,413.5,trail,0.6,0.3,0.4,,
tr_a0.6_t0.3_slNone,A,,334.7864796757355,18.62171327251683,-25.532219255646304,-28.17735632548981,17.19561989373147,0.394379887198387,41.0,28.0,13.0,0.0,1.3175399828422907,545.0,trail,0.6,0.3,,,
tr_a0.6_t0.3_slNone,B,,155.85072907287366,9.39434861075693,-31.040331659525794,-31.72282615002341,8.093801179608901,0.6531118170814273,85.0,65.0,20.0,0.0,0.44016339701573226,601.5,trail,0.6,0.3,,,
tr_a0.6_t0.3_slNone,F,,962.6115129189108,14.399806095644795,-36.29154239777062,-38.742950292548656,13.196863184498126,0.5298237040555581,133.0,100.0,33.0,0.0,0.7527276730434704,593.0,trail,0.6,0.3,,,
tr_a0.6_t0.35_sl0.4,A,,268.3478452091201,16.043606089099093,-27.805822275872536,-30.882175396026984,14.791770909113488,0.4112598622300351,45.0,32.0,13.0,0.0,1.0478917057837132,535.0,trail,0.6,0.35,0.4,,
tr_a0.6_t0.35_sl0.4,B,,133.2601905534782,7.7946968872703355,-31.861396043264197,-33.24739388539014,6.039664443041888,0.6803399097412579,100.0,72.0,28.0,0.0,0.32073830365458256,433.5,trail,0.6,0.35,0.4,,
tr_a0.6_t0.35_sl0.4,F,,658.5506050438165,12.314018777590451,-40.159024806339914,-43.7669754178784,11.015281357405895,0.5541741718721482,147.0,105.0,41.0,0.0,0.5659078191021939,458.0,trail,0.6,0.35,0.4,,
tr_a0.6_t0.35_slNone,A,,293.7326351049757,17.090179373200453,-28.169657989321895,-31.24803477483411,15.674560316974912,0.42130150554209567,41.5,28.5,13.0,0.0,1.1854745254349859,697.0,trail,0.6,0.35,,,
tr_a0.6_t0.35_slNone,B,,139.000285317124,8.22324491284433,-31.325141424412866,-32.14132683899299,7.088457219767285,0.693046766531364,77.0,59.0,19.0,0.0,0.44225353656479804,622.0,trail,0.6,0.35,,,
tr_a0.6_t0.35_slNone,F,,782.5415154412595,13.257121044869658,-39.76121458564864,-42.207069711990876,12.071224269082471,0.5646267055217462,127.0,94.5,32.0,0.0,0.7243111386591925,622.0,trail,0.6,0.35,,,
tr_a0.6_t0.4_sl0.4,A,,263.8453349376236,15.848707077416712,-35.395071843089994,-38.09885845558436,14.507697761134208,0.45885647688924347,45.0,32.0,13.0,0.0,1.069922599015967,615.0,trail,0.6,0.4,0.4,,
tr_a0.6_t0.4_sl0.4,B,,120.73412810019427,6.798512144767432,-32.08726367490327,-33.29076082821032,5.803746272444339,0.7025758360079559,97.0,72.0,25.0,0.0,0.327137534629781,457.75,trail,0.6,0.4,0.4,,
tr_a0.6_t0.4_sl0.4,F,,561.7034002074561,11.451013273828604,-46.60651155711069,-50.23674631556238,10.453928125695466,0.5887476792243116,142.5,104.0,39.0,0.0,0.572643325349783,526.0,trail,0.6,0.4,0.4,,
tr_a0.6_t0.4_slNone,A,,271.23899220755703,16.16720066544074,-35.40374973823634,-37.89010156468413,14.885275934167494,0.46323089115458543,43.0,31.0,12.0,0.0,1.1479450360160266,722.0,trail,0.6,0.4,,,
tr_a0.6_t0.4_slNone,B,,131.46155073915003,7.657086253485779,-31.59815433100511,-32.2862304654638,6.840285995269705,0.7068574504490788,73.0,57.0,16.0,0.0,0.4477861040642017,682.0,trail,0.6,0.4,,,
tr_a0.6_t0.4_slNone,F,,632.4181303684334,12.093700669387097,-46.670049154563756,-49.801872605061334,11.278625808476123,0.594645225908942,119.0,90.0,29.0,0.0,0.718118409404964,716.0,trail,0.6,0.4,,,
tr_a0.7_t0.2_sl0.4,A,,226.4285626046177,14.102111765228099,-23.997582830818875,-27.021071418861425,13.074916013878953,0.32411185469739767,47.0,34.0,14.0,0.0,0.9101829466655933,341.0,trail,0.7,0.2,0.4,,
tr_a0.7_t0.2_sl0.4,B,,158.6104123559728,9.575017837904976,-31.11390531687127,-31.82402330278623,8.251921324325709,0.6000410253928827,107.5,80.0,28.0,0.0,0.3336615809312447,318.0,trail,0.7,0.2,0.4,,
tr_a0.7_t0.2_sl0.4,F,,619.424483662403,11.98100768302991,-31.223669405772718,-31.95487873598018,11.22579094331548,0.46772583340068474,156.0,113.5,42.0,0.0,0.5185974356794629,321.5,trail,0.7,0.2,0.4,,
tr_a0.7_t0.2_slNone,A,,244.04519607080184,14.954482171821192,-24.42839952053643,-27.813722412510373,13.85816268183385,0.33554569120672856,43.5,30.0,14.0,0.0,1.0676720706771219,518.5,trail,0.7,0.2,,,
tr_a0.7_t0.2_slNone,B,,172.8170301220399,10.462813699606032,-31.026674240012902,-31.7810661021683,9.450282460202008,0.6186747360849597,88.0,68.0,19.0,0.0,0.4503397241448866,530.0,trail,0.7,0.2,,,
tr_a0.7_t0.2_slNone,F,,732.0990224829362,12.89190281700867,-30.806102055774588,-31.63870522035172,12.06081256623629,0.48545389968209673,131.0,97.0,33.0,0.0,0.6777696216896072,520.5,trail,0.7,0.2,,,
tr_a0.7_t0.25_sl0.4,A,,256.7447427552293,15.535210299932768,-23.740208647440518,-26.880622055770704,14.161483319079576,0.3529703933086907,47.0,34.0,13.0,0.0,1.0087286238654825,476.0,trail,0.7,0.25,0.4,,
tr_a0.7_t0.25_sl0.4,B,,158.98754881585162,9.599585477172123,-31.253812178554796,-32.17668012186667,8.452912862989592,0.6157538301096017,107.0,79.0,28.0,0.0,0.368061293798538,340.0,trail,0.7,0.25,0.4,,
tr_a0.7_t0.25_sl0.4,F,,707.9524357450529,12.708525303355012,-31.12957004128371,-33.089027991092266,11.868780535374304,0.489891019219866,154.0,113.0,41.0,0.0,0.5761667803412029,397.5,trail,0.7,0.25,0.4,,
tr_a0.7_t0.25_slNone,A,,270.67821924018733,16.143320465500032,-24.448424416182352,-27.832639202331073,14.679963791475545,0.3589692015416799,44.0,31.0,13.0,0.0,1.1208207225027582,523.5,trail,0.7,0.25,,,
tr_a0.7_t0.25_slNone,B,,180.6876857561829,10.926574834834458,-30.974563312623122,-31.736447928311378,9.99973122677108,0.6296762301835135,87.0,67.0,20.0,0.0,0.5221461372393141,560.0,trail,0.7,0.25,,,
tr_a0.7_t0.25_slNone,F,,843.5213810977727,13.66978647730842,-31.08989571253516,-32.094866917038246,12.917270225939276,0.5036116144939946,130.0,97.0,33.0,0.0,0.7435095294222339,527.5,trail,0.7,0.25,,,
tr_a0.7_t0.3_sl0.4,A,,301.2425771294499,17.38418383314234,-25.57868584012161,-28.20716857274372,15.919835446708946,0.3842708555858793,43.0,30.0,13.0,0.0,1.1648495797591982,471.5,trail,0.7,0.3,0.4,,
tr_a0.7_t0.3_sl0.4,B,,142.47280631148683,8.474726815429811,-31.518705449148744,-33.402288711213,7.704849380556425,0.6406383730633549,104.0,77.0,27.0,0.0,0.369594882907466,390.5,trail,0.7,0.3,0.4,,
tr_a0.7_t0.3_sl0.4,F,,770.5172617237305,13.172145441216577,-35.37287299205722,-39.024802742079515,12.102306030915768,0.5157009383856865,149.0,109.0,40.0,0.0,0.6181878296577683,437.0,trail,0.7,0.3,0.4,,
tr_a0.7_t0.3_slNone,A,,331.0611852925889,18.489839852102808,-25.516018741562807,-28.21754055836399,16.901055558504233,0.39276249473674485,40.0,27.0,13.0,0.0,1.3198801808284335,539.5,trail,0.7,0.3,,,
tr_a0.7_t0.3_slNone,B,,163.36341810458686,9.879862577535059,-31.040331659525794,-31.728668094578772,8.806005017353318,0.6535107092117405,85.0,65.0,19.0,0.0,0.5052988941739531,609.0,trail,0.7,0.3,,,
tr_a0.7_t0.3_slNone,F,,958.2763551791388,14.37481778406211,-35.9133383227795,-38.3905246542555,13.225924578582696,0.5275057013648323,129.0,96.0,32.0,0.0,0.7772538075126837,600.0,trail,0.7,0.3,,,
tr_a0.7_t0.35_sl0.4,A,,264.9777728606315,15.898017322981971,-27.539515783709227,-30.705062572624364,14.624091554639449,0.40904215514667414,44.0,31.0,13.0,0.0,1.0341477176082647,536.5,trail,0.7,0.35,0.4,,
tr_a0.7_t0.35_sl0.4,B,,132.73938178840996,7.755081158330257,-32.028282541926195,-34.00697203949035,6.520095483247197,0.6819931234458337,98.0,71.0,27.0,0.0,0.36499811474210353,447.0,trail,0.7,0.35,0.4,,
tr_a0.7_t0.35_sl0.4,F,,656.6314357724257,12.298129267762848,-39.93279456522297,-43.60548153765268,11.162646543492016,0.5511372157920758,144.0,103.5,40.0,0.0,0.5805919666118626,475.5,trail,0.7,0.35,0.4,,
tr_a0.7_t0.35_slNone,A,,292.3247355830628,17.0343097016873,-27.995522725471307,-31.07606434985272,15.612210752035018,0.4199316767930996,40.5,27.5,13.0,0.0,1.1976784931929136,649.0,trail,0.7,0.35,,,
tr_a0.7_t0.35_slNone,B,,137.41318902876722,8.106391669675283,-31.359963241684657,-32.159737564219995,6.973200174830736,0.6927714472969706,75.0,56.0,18.0,0.0,0.46608030121349275,639.0,trail,0.7,0.35,,,
tr_a0.7_t0.35_slNone,F,,800.311412910213,13.380447693082132,-39.584913698699545,-42.0519836781349,12.37295989724375,0.563157737239991,123.0,92.0,31.5,0.0,0.7548350018490455,632.5,trail,0.7,0.35,,,
tr_a0.7_t0.4_sl0.4,A,,262.8096448232073,15.803455059116867,-35.15543282230358,-37.84798060853831,14.45754345552786,0.45754377063910967,44.0,31.0,13.0,0.0,1.0815376061411963,612.0,trail,0.7,0.4,0.4,,
tr_a0.7_t0.4_sl0.4,B,,125.91712390893139,7.22160156215682,-31.998111384990096,-32.74224885472034,6.0125656317106495,0.7018351923465662,96.0,71.0,25.0,0.0,0.3569721076986873,464.5,trail,0.7,0.4,0.4,,
tr_a0.7_t0.4_sl0.4,F,,578.9277713022411,11.61462926501292,-46.391263809814326,-50.098406953737076,10.565090229165323,0.5869928312285786,141.0,103.0,37.0,0.0,0.5973280352442943,535.0,trail,0.7,0.4,0.4,,
tr_a0.7_t0.4_slNone,A,,270.41713866349784,16.13218876391803,-35.33615366569531,-37.64760643854289,14.846463347994929,0.46191164339349355,42.0,30.0,12.0,0.0,1.1645153777566888,725.0,trail,0.7,0.4,,,
tr_a0.7_t0.4_slNone,B,,131.42693030813862,7.6544180989330135,-31.609051451837523,-32.2862304654638,6.681641003730876,0.7070571593821642,71.0,54.0,16.0,0.0,0.4593277120287116,683.0,trail,0.7,0.4,,,
tr_a0.7_t0.4_slNone,F,,639.7881117516837,12.156760835805203,-46.44093373764466,-49.63650019245967,11.083033111228538,0.5928866997085189,119.0,91.0,28.0,0.0,0.724747652894006,716.0,trail,0.7,0.4,,,
tr_a0.8_t0.2_sl0.4,A,,228.46512887300318,14.20362990175079,-24.667289136023317,-27.89867549020883,13.037355287279711,0.3394747245880433,48.5,35.0,14.0,0.0,0.9481457560058126,346.0,trail,0.8,0.2,0.4,,
tr_a0.8_t0.2_sl0.4,B,,150.09753173085548,9.007928494320083,-31.556274263749295,-34.50356882351506,7.617104078050023,0.6313524913370221,101.5,77.0,25.0,0.0,0.3625380348944888,411.0,trail,0.8,0.2,0.4,,
tr_a0.8_t0.2_sl0.4,F,,597.0827946618493,11.781820091220506,-31.362259175508882,-33.978891263192246,10.671118375698608,0.4922510635218673,150.0,111.0,39.0,0.0,0.5582860702776943,383.0,trail,0.8,0.2,0.4,,
tr_a0.8_t0.2_slNone,A,,243.21261236634794,14.915382979984027,-24.152985329945604,-27.72011714186554,13.878894449904461,0.3540355339345295,48.0,36.0,12.0,0.0,1.1120571366414,521.0,trail,0.8,0.2,,,
tr_a0.8_t0.2_slNone,B,,169.13851909639783,10.239503775652437,-31.438624161251305,-34.266682978866505,8.93232413921632,0.6480164185283661,79.0,61.0,18.0,0.0,0.5257590888272368,620.0,trail,0.8,0.2,,,
tr_a0.8_t0.2_slNone,F,,709.8386837236751,12.723018930100316,-31.296773959107753,-33.991351602690166,11.893347599465391,0.5098208367396339,126.0,95.0,30.0,0.0,0.7788923537295678,548.5,trail,0.8,0.2,,,
tr_a0.8_t0.25_sl0.4,A,,255.84187768684978,15.494784164074138,-24.710961894437766,-27.931806118005433,14.102381874024658,0.36642112814415684,47.0,33.0,14.0,0.0,0.9783935446745766,476.0,trail,0.8,0.25,0.4,,
tr_a0.8_t0.25_sl0.4,B,,150.49590443030502,9.035168250078263,-31.781006777770738,-34.888200307385354,7.76848480764812,0.6418909927694808,100.0,75.0,25.0,0.0,0.38755790813440977,433.0,trail,0.8,0.25,0.4,,
tr_a0.8_t0.25_sl0.4,F,,672.363977782795,12.427087612417488,-31.534987397539044,-35.59878060870037,11.64863913106117,0.5111293250004347,149.0,109.0,39.0,0.0,0.599227284949724,436.5,trail,0.8,0.25,0.4,,
tr_a0.8_t0.25_slNone,A,,268.75415264653816,16.061023001558596,-23.992942952553648,-27.551562405633913,14.634801056919816,0.37946833019608595,46.0,33.0,13.0,0.0,1.129496286227049,523.5,trail,0.8,0.25,,,
tr_a0.8_t0.25_slNone,B,,169.5697347732293,10.265922661974159,-31.368160404431094,-32.506783549357166,9.146307528802113,0.6620963905642806,78.0,60.5,18.0,0.0,0.5601870756989202,626.0,trail,0.8,0.25,,,
tr_a0.8_t0.25_slNone,F,,779.0997534207518,13.23292137316413,-31.353147670051705,-33.06809556611748,12.587063010506286,0.5290077740286654,124.5,94.0,31.0,0.0,0.8104294271009069,591.5,trail,0.8,0.25,,,
tr_a0.8_t0.3_sl0.4,A,,300.08110751223376,17.339143738013576,-25.63289157020862,-28.762520068999287,15.893513320033179,0.3945265013491895,44.0,31.0,13.0,0.0,1.1162648676958353,459.0,trail,0.8,0.3,0.4,,
tr_a0.8_t0.3_sl0.4,B,,141.79483705063873,8.426032235430615,-32.11206170839594,-34.964025500684095,7.119974187290104,0.6616110051467308,99.0,74.0,24.0,0.0,0.39694607806834936,458.0,trail,0.8,0.3,0.4,,
tr_a0.8_t0.3_sl0.4,F,,755.3149497398327,13.062880162633206,-34.99265703434343,-37.90095993479456,12.215515838195108,0.5312056750522121,146.0,108.0,38.0,0.0,0.645296057704656,474.0,trail,0.8,0.3,0.4,,
tr_a0.8_t0.3_slNone,A,,313.29398566676133,17.842445787936335,-25.795462178111727,-28.117301328253415,16.51254487181499,0.4041619449433391,43.0,31.0,12.0,0.0,1.282212279620381,545.0,trail,0.8,0.3,,,
tr_a0.8_t0.3_slNone,B,,167.16809741807063,10.118077891058675,-31.48331960282475,-33.330621468304585,8.517871360158827,0.6761748104363978,76.0,57.0,18.0,0.0,0.5769613287034904,671.5,trail,0.8,0.3,,,
tr_a0.8_t0.3_slNone,F,,931.4636739413411,14.217587020343025,-36.768112114782056,-38.90231897550683,13.429963258711188,0.5445485124869027,126.0,97.0,29.0,0.0,0.8500315566505867,614.5,trail,0.8,0.3,,,
tr_a0.8_t0.35_sl0.4,A,,268.6327154167632,16.05583668091678,-28.447103003851154,-31.428103870240076,14.634192215607179,0.4226680564404311,41.0,28.0,13.0,0.0,1.0818565831276175,538.0,trail,0.8,0.35,0.4,,
tr_a0.8_t0.35_sl0.4,B,,136.02254487697041,8.003021045345571,-32.86849168575726,-35.650042765705756,6.439061150525596,0.6890589180195612,92.0,67.0,24.0,0.0,0.3907671963847879,480.0,trail,0.8,0.35,0.4,,
tr_a0.8_t0.35_sl0.4,F,,680.4022889037632,12.491870932081294,-39.14531341512626,-43.392228044850256,11.126139687491673,0.5629827165894856,136.0,98.0,38.0,0.0,0.6276903913756262,517.5,trail,0.8,0.35,0.4,,
tr_a0.8_t0.35_slNone,A,,277.6848519398632,16.438528476520098,-28.962334593256394,-31.33154082129097,15.1757867708526,0.4322707572694646,40.0,28.0,12.0,0.0,1.205134509028946,716.0,trail,0.8,0.35,,,
tr_a0.8_t0.35_slNone,B,,146.73146426722911,8.775662696489784,-31.638879457520375,-32.28829513417492,7.3716683707361135,0.6954348825256946,70.0,53.0,17.0,0.0,0.5776927965828861,790.0,trail,0.8,0.35,,,
tr_a0.8_t0.35_slNone,F,,784.2885762388852,13.269172294047726,-39.945938240105846,-42.31182495136234,12.194956125037534,0.5729662797900663,117.5,88.0,29.0,0.0,0.8307681994617215,716.0,trail,0.8,0.35,,,
tr_a0.8_t0.4_sl0.4,A,,261.83134833380694,15.760577012865918,-35.49847066666505,-38.32687701565124,14.27557918344349,0.45716769282574726,41.0,28.0,13.0,0.0,1.0841155798595592,561.0,trail,0.8,0.4,0.4,,
tr_a0.8_t0.4_sl0.4,B,,124.66926983750528,7.121203555222011,-32.33472906936242,-34.362592310464926,5.93334456006146,0.7079642891067777,90.0,69.0,22.0,0.0,0.3877793512007961,527.5,trail,0.8,0.4,0.4,,
tr_a0.8_t0.4_sl0.4,F,,564.9923969546273,11.482884831221064,-46.82053350028473,-50.427882011389315,10.469998408079634,0.59021439483418,133.0,98.5,35.0,0.0,0.6102314855173039,548.0,trail,0.8,0.4,0.4,,
tr_a0.8_t0.4_slNone,A,,268.5868733127718,16.053871399642915,-35.766751811431746,-38.119893293344205,14.764349705897775,0.46400498918232536,39.0,27.0,12.0,0.0,1.1962890576266032,728.0,trail,0.8,0.4,,,
tr_a0.8_t0.4_slNone,B,,131.2367947008051,7.639752152730805,-31.709043777424007,-32.557512414047466,6.795760688882306,0.708885040562931,66.0,52.0,15.0,0.0,0.5212669732697637,935.5,trail,0.8,0.4,,,
tr_a0.8_t0.4_slNone,F,,640.2631575498689,12.160800040343622,-46.833444987896186,-49.97503410612588,11.27457664800708,0.595225512865075,110.0,83.0,27.0,0.0,0.7671928809906201,817.0,trail,0.8,0.4,,,
tr_a1.0_t0.2_sl0.4,A,,252.98726106091024,15.366120059856447,-24.643670521813377,-27.87209409264811,13.825743442602928,0.3394131527787447,48.0,35.0,13.0,0.0,1.0574465251406415,471.5,trail,1.0,0.2,0.4,,
tr_a1.0_t0.2_sl0.4,B,,134.6642952639991,7.900972002172912,-31.925871203144563,-35.27612922841767,6.740397656677355,0.6602660740789419,95.0,72.0,22.0,0.0,0.35739383507904954,419.0,trail,1.0,0.2,0.4,,
tr_a1.0_t0.2_sl0.4,F,,614.5881197311904,11.938506504559253,-31.826993008219844,-34.58871445915675,11.01098162359392,0.5094631559533137,143.0,107.0,36.0,0.0,0.6099462062364822,435.5,trail,1.0,0.2,0.4,,
tr_a1.0_t0.2_slNone,A,,257.96090387678834,15.589457403117024,-24.115115778941508,-27.6779009253748,13.73834596242786,0.35216420769743195,48.0,36.0,12.0,0.0,1.17065650637001,532.0,trail,1.0,0.2,,,
tr_a1.0_t0.2_slNone,B,,156.00214346580097,9.404339317738131,-31.697815347606628,-33.30369929565131,8.242404151266339,0.662232198781763,66.0,51.0,15.0,0.0,0.5428339585290216,737.0,trail,1.0,0.2,,,
tr_a1.0_t0.2_slNone,F,,742.1164015840077,12.966302160360977,-31.203940555574583,-32.301757742554464,12.209130414716174,0.5197811219890149,117.0,90.0,27.0,0.0,0.848779596757786,633.0,trail,1.0,0.2,,,
tr_a1.0_t0.25_sl0.4,A,,270.47621602473964,16.13470829395417,-24.694182190680742,-27.912746563113206,14.57601008708726,0.3760599325692223,47.0,33.0,14.0,0.0,1.0626621645418464,477.0,trail,1.0,0.25,0.4,,
tr_a1.0_t0.25_sl0.4,B,,130.85734117275024,7.610382890346601,-31.781118431291212,-34.36199137947726,6.686915595327399,0.6658439191392074,92.5,71.0,22.0,0.0,0.38020482952423607,458.5,trail,1.0,0.25,0.4,,
tr_a1.0_t0.25_sl0.4,F,,664.7498033962522,12.365034731194513,-31.489772864985376,-35.2012885025538,11.233884745786437,0.5301016078852253,141.0,105.0,36.0,0.0,0.6448643728340755,473.5,trail,1.0,0.25,0.4,,
tr_a1.0_t0.25_slNone,A,,276.5712540360995,16.39205360523609,-23.96593740775172,-27.519912944078456,14.479988443364105,0.38858756009438644,45.0,32.0,13.0,0.0,1.18815334666616,551.0,trail,1.0,0.25,,,
tr_a1.0_t0.25_slNone,B,,166.06795120394568,10.049701459430715,-31.40123160816558,-32.50926553322017,9.19400773407945,0.6683872634642906,69.0,54.0,15.0,0.0,0.615999437298884,682.0,trail,1.0,0.25,,,
tr_a1.0_t0.25_slNone,F,,845.3009001507584,13.681449065753126,-31.34430377335834,-33.04106459979235,12.656406731520239,0.5431309484657638,119.0,92.0,28.0,0.0,0.8694590487365911,623.5,trail,1.0,0.25,,,
tr_a1.0_t0.3_sl0.4,A,,305.1106125951752,17.533040568664447,-25.508269763684588,-28.308504883910267,16.10611701594343,0.398666068630722,44.0,31.0,13.0,0.0,1.1684103911751467,480.0,trail,1.0,0.3,0.4,,
tr_a1.0_t0.3_sl0.4,B,,130.6840240469828,7.597018622723006,-32.44020645118445,-35.751092702030434,6.596526552017626,0.6792903550415069,92.0,71.0,22.0,0.0,0.40443587751989285,481.0,trail,1.0,0.3,0.4,,
tr_a1.0_t0.3_sl0.4,F,,782.2258035776075,13.254684242108949,-33.290791660848924,-36.00401136430133,12.031747677727573,0.5474242368351232,143.0,107.0,35.0,0.0,0.6959147833090917,491.5,trail,1.0,0.3,0.4,,
tr_a1.0_t0.3_slNone,A,,315.25245133202225,17.915414890122506,-25.801502373347585,-28.092520544986566,16.49929630181885,0.409196367942467,43.0,31.0,12.0,0.0,1.3174042079113963,566.0,trail,1.0,0.3,,,
tr_a1.0_t0.3_slNone,B,,159.17058936087503,9.611455796910706,-31.42305505202931,-32.817057682975474,8.74740433662752,0.6744697940004392,70.0,56.0,14.0,0.0,0.6273181886192154,704.0,trail,1.0,0.3,,,
tr_a1.0_t0.3_slNone,F,,984.550173175319,14.524848333288876,-33.41981888452188,-35.94732105359177,13.817451497305907,0.5568820891676819,121.0,94.0,27.0,0.0,0.9341041985851384,684.0,trail,1.0,0.3,,,
tr_a1.0_t0.35_sl0.4,A,,274.25141114317097,16.29472143153189,-28.011436042388155,-30.908975870570398,14.909033371819161,0.42744455306769874,42.0,29.0,13.0,0.0,1.1608277005946737,540.0,trail,1.0,0.35,0.4,,
tr_a1.0_t0.35_sl0.4,B,,123.48775333774776,7.025298490863319,-33.2715090804662,-36.175323975603476,5.8064603347454735,0.6992857658736321,86.0,64.5,21.0,0.0,0.39767611385636326,514.0,trail,1.0,0.35,0.4,,
tr_a1.0_t0.35_sl0.4,F,,675.5775250023253,12.452767507322749,-35.865887063120596,-39.15373042383343,11.201353715020483,0.573097801597215,136.0,101.0,34.0,0.0,0.6804437247732982,535.0,trail,1.0,0.35,0.4,,
tr_a1.0_t0.35_slNone,A,,280.5221836434614,16.556141411520787,-28.746177613354888,-31.119686262730344,15.248997882377047,0.4366431829925302,40.0,28.0,12.0,0.0,1.2523631672201718,719.5,trail,1.0,0.35,,,
tr_a1.0_t0.35_slNone,B,,143.3070109797258,8.53431457941316,-32.8592791973234,-34.390868554552625,7.584383848826926,0.6940070571680466,64.0,51.0,14.0,0.0,0.5890409141031597,945.5,trail,1.0,0.35,,,
tr_a1.0_t0.35_slNone,F,,861.2587513732441,13.784555557524614,-35.946050167924064,-38.830549486879555,12.961061097490528,0.5814150167073602,114.0,88.0,26.0,0.0,0.9506150955794005,788.75,trail,1.0,0.35,,,
tr_a1.0_t0.4_sl0.4,A,,266.2917231845471,15.954979519242585,-35.07911989207236,-37.84127738514612,14.498662561727096,0.46088877816266705,41.0,28.0,13.0,0.0,1.1364794795474844,615.0,trail,1.0,0.4,0.4,,
tr_a1.0_t0.4_sl0.4,B,,118.4714147780016,6.608582694133447,-32.1311249250741,-34.62270371770174,5.616187418370666,0.7130996530797883,87.0,68.0,19.0,0.0,0.39565651060179463,536.5,trail,1.0,0.4,0.4,,
tr_a1.0_t0.4_sl0.4,F,,647.1549018206604,12.219024010705759,-42.10271995048993,-45.457204788952346,11.357539506736032,0.5979779863657092,131.0,98.5,32.0,0.0,0.7398612275776404,573.0,trail,1.0,0.4,0.4,,
tr_a1.0_t0.4_slNone,A,,271.19210065940155,16.165130705726906,-35.494097595120124,-37.86645420695992,14.894235826188137,0.46893068916092473,39.0,27.0,12.0,0.0,1.2384465077922413,797.0,trail,1.0,0.4,,,
tr_a1.0_t0.4_slNone,B,,150.2113932028459,9.015755892572653,-33.00767172078426,-35.65536578195109,8.624420121260364,0.7095083335009195,62.0,49.0,14.0,0.0,0.5973280317459586,967.75,trail,1.0,0.4,,,
tr_a1.0_t0.4_slNone,F,,799.5853373231676,13.375466875101793,-43.375116664410676,-46.818692207423545,12.588051220078874,0.6029411887373506,106.0,79.0,26.0,0.0,0.9481418393609755,844.0,trail,1.0,0.4,,,
t2_a0.5_t0.075_a20.8_t20.2_sl0.4,A,,153.67939503997658,9.792881804480347,-23.875573377209275,-26.589454679471086,9.147373013918255,0.26767323646402874,54.0,40.0,14.0,0.0,0.6157090711033736,256.0,trail2,,0.075,0.4,0.8,0.2
t2_a0.5_t0.075_a20.8_t20.2_sl0.4,B,,173.3699790746082,10.49604354835677,-28.630795082539656,-29.551719056795168,9.443064759359395,0.5021476997565048,118.0,84.0,34.5,0.0,0.2607478503498508,184.0,trail2,,0.075,0.4,0.8,0.2
t2_a0.5_t0.075_a20.8_t20.2_sl0.4,F,,449.4250212684935,10.253049836158667,-28.67993089470379,-29.561241233999525,9.631054776739497,0.3887814735053701,173.0,124.0,48.0,0.0,0.37623994682337525,217.5,trail2,,0.075,0.4,0.8,0.2
t2_a0.5_t0.075_a20.8_t20.2_sl0.7,A,,166.5759874067581,10.675279640385648,-24.044328622914417,-27.41983619608049,10.244538062575856,0.27841654526189263,53.0,40.0,13.0,0.0,0.7255319396206332,345.0,trail2,,0.075,0.7,0.8,0.2
t2_a0.5_t0.075_a20.8_t20.2_sl0.7,B,,205.17259044542502,12.260507210930205,-29.115735561599244,-29.930830201350293,11.043907754622207,0.5448207695637932,103.0,76.0,27.0,0.0,0.39022498848899045,304.0,trail2,,0.075,0.7,0.8,0.2
t2_a0.5_t0.075_a20.8_t20.2_sl0.7,F,,564.4746822171256,11.47792883065576,-28.927746464847164,-30.109309348100886,10.627727885244614,0.4188252303589272,155.0,115.5,39.0,0.0,0.510615610065114,337.75,trail2,,0.075,0.7,0.8,0.2
t2_a0.5_t0.075_a20.8_t20.2_slNone,A,,166.5759874067581,10.675279640385648,-24.044328622914417,-27.41983619608049,10.244538062575856,0.27841654526189263,53.0,40.0,13.0,0.0,0.7255319396206332,345.0,trail2,,0.075,,0.8,0.2
t2_a0.5_t0.075_a20.8_t20.2_slNone,B,,207.90933897506943,12.400539907754315,-29.115812296220057,-29.919268329799436,10.957496155245291,0.5454540718504937,102.0,76.0,26.0,0.0,0.39726038390623686,323.0,trail2,,0.075,,0.8,0.2
t2_a0.5_t0.075_a20.8_t20.2_slNone,F,,569.3161570665726,11.52408648767873,-28.927746464847164,-30.109309348100886,10.69051344773274,0.4195736796151785,154.0,115.5,39.0,0.0,0.5162471071001514,341.0,trail2,,0.075,,0.8,0.2
t2_a0.5_t0.075_a20.8_t20.25_sl0.4,A,,152.55691947228632,9.712974423315778,-23.875573377209253,-26.589454679471082,9.073834609371243,0.2724802908280837,54.0,40.0,14.0,0.0,0.6087079563339645,284.0,trail2,,0.075,0.4,0.8,0.25
t2_a0.5_t0.075_a20.8_t20.25_sl0.4,B,,170.32088214048878,10.311782009243231,-28.73369946727273,-29.84713682345382,9.106966269051911,0.5086649184174212,118.0,84.0,34.0,0.0,0.26374578845689844,184.0,trail2,,0.075,0.4,0.8,0.25
t2_a0.5_t0.075_a20.8_t20.25_sl0.4,F,,445.2754417244435,10.203485408969371,-28.997885334395836,-30.47713439122045,9.5546404055242,0.394074347575861,173.0,124.0,48.0,0.0,0.37590883515925255,217.5,trail2,,0.075,0.4,0.8,0.25
t2_a0.5_t0.075_a20.8_t20.25_sl0.7,A,,166.35611717070827,10.66076127645782,-24.044328622914428,-27.419836196080492,10.191893582475423,0.2828685840972125,53.0,40.0,13.0,0.0,0.7218364881892325,370.0,trail2,,0.075,0.7,0.8,0.25
t2_a0.5_t0.075_a20.8_t20.25_sl0.7,B,,197.9953882853422,11.885155065648966,-29.123954280425856,-30.38050394147312,10.380534636931479,0.5516893018082396,102.0,76.0,26.5,0.0,0.3842492716539385,304.0,trail2,,0.075,0.7,0.8,0.25
t2_a0.5_t0.075_a20.8_t20.25_sl0.7,F,,541.052251217017,11.249151381170897,-29.047532755133883,-30.150318202489824,10.362032305131086,0.42303304031219047,154.0,116.0,39.0,0.0,0.5083745301279514,343.5,trail2,,0.075,0.7,0.8,0.25
t2_a0.5_t0.075_a20.8_t20.25_slNone,A,,166.35611717070827,10.66076127645782,-24.044328622914428,-27.419836196080492,10.191893582475423,0.2828685840972125,53.0,40.0,13.0,0.0,0.7218364881892325,370.0,trail2,,0.075,,0.8,0.25
t2_a0.5_t0.075_a20.8_t20.25_slNone,B,,198.706090968497,11.92283343900793,-29.123954280425856,-30.3857287694968,10.616481209394372,0.5520374342870681,102.0,76.0,26.0,0.0,0.3929708725301008,331.25,trail2,,0.075,,0.8,0.25
t2_a0.5_t0.075_a20.8_t20.25_slNone,F,,541.5237909056655,11.25383741940137,-29.047532755133883,-30.150318202489824,10.415113604699302,0.4240282310588466,153.0,116.0,38.0,0.0,0.5143950931924586,355.0,trail2,,0.075,,0.8,0.25
t2_a0.5_t0.075_a20.8_t20.3_sl0.4,A,,177.81040410452383,11.395133668169521,-23.875573377209253,-26.589454679471082,9.438225724311064,0.28008669087701266,54.0,40.0,14.0,0.0,0.6935569406672537,284.0,trail2,,0.075,0.4,0.8,0.3
t2_a0.5_t0.075_a20.8_t20.3_sl0.4,B,,170.44117619019192,10.31907819701865,-28.996922389338486,-30.39297574428702,9.30904291744775,0.520067995768144,119.0,84.0,35.0,0.0,0.2811921471418132,183.0,trail2,,0.075,0.4,0.8,0.3
t2_a0.5_t0.075_a20.8_t20.3_sl0.4,F,,515.9941232712711,10.993727578512114,-29.35159631001372,-31.459755395265475,9.813296685010569,0.40274937517555304,173.5,124.0,49.0,0.0,0.41035753363732985,218.5,trail2,,0.075,0.4,0.8,0.3
t2_a0.5_t0.075_a20.8_t20.3_sl0.7,A,,192.8964092618779,12.29988120539225,-24.044328622914428,-27.419836196080492,10.453355883460185,0.28959179481648833,53.0,40.0,13.0,0.0,0.8054307779999396,370.0,trail2,,0.075,0.7,0.8,0.3
t2_a0.5_t0.075_a20.8_t20.3_sl0.7,B,,195.892105384342,11.772812281073541,-29.135282865730566,-29.994199878242007,9.802595181256065,0.5589932562352611,102.0,77.0,26.0,0.0,0.4039636126555052,309.5,trail2,,0.075,0.7,0.8,0.3
t2_a0.5_t0.075_a20.8_t20.3_sl0.7,F,,610.6655676845947,11.90335456348638,-29.589414422876885,-32.357811910948,10.633909031392186,0.4315132637722574,154.0,116.0,39.0,0.0,0.5452003082828598,343.5,trail2,,0.075,0.7,0.8,0.3
t2_a0.5_t0.075_a20.8_t20.3_slNone,A,,192.8964092618779,12.29988120539225,-24.044328622914428,-27.419836196080492,10.453355883460185,0.28959179481648833,53.0,40.0,13.0,0.0,0.8054307779999396,370.0,trail2,,0.075,,0.8,0.3
t2_a0.5_t0.075_a20.8_t20.3_slNone,B,,198.98224111398108,11.937482567964953,-29.135282865730566,-30.159800102036733,10.197350363444915,0.5614862903272051,102.0,76.5,25.0,0.0,0.4120510312010415,334.25,trail2,,0.075,,0.8,0.3
t2_a0.5_t0.075_a20.8_t20.3_slNone,F,,621.1821853432173,11.996308896113494,-29.598727861364488,-32.357811910948,10.74551075220139,0.4329717322690028,153.0,116.0,38.0,0.0,0.5522526472338283,355.0,trail2,,0.075,,0.8,0.3
t2_a0.5_t0.075_a20.8_t20.35_sl0.4,A,,172.4087517933431,11.05429215456949,-24.75644722793361,-27.851718046791575,9.338637186434678,0.29182081654183867,54.0,39.0,15.0,0.0,0.6708407763344286,284.0,trail2,,0.075,0.4,0.8,0.35
t2_a0.5_t0.075_a20.8_t20.35_sl0.4,B,,184.33614702534905,11.135350447165692,-29.87451224605058,-32.28002470606089,9.458062819383404,0.5337091953110531,117.0,82.5,35.0,0.0,0.2893149168781766,196.0,trail2,,0.075,0.4,0.8,0.35
t2_a0.5_t0.075_a20.8_t20.35_sl0.4,F,,554.7285781054409,11.383700224966177,-31.302981537526232,-33.29087846227338,9.969509001278198,0.4165003298725745,171.0,122.0,49.0,0.0,0.41593654968231664,225.0,trail2,,0.075,0.4,0.8,0.35
t2_a0.5_t0.075_a20.8_t20.35_sl0.7,A,,186.8469941099264,11.945004927756042,-23.949323725615574,-27.312100407900235,10.3567741981562,0.29847532851590775,54.0,41.0,13.0,0.0,0.7790801984746871,365.0,trail2,,0.075,0.7,0.8,0.35
t2_a0.5_t0.075_a20.8_t20.35_sl0.7,B,,194.8851370877051,11.718640589602403,-29.424542584120665,-32.484637804539844,9.68909836097704,0.5762186189682781,102.0,76.0,26.0,0.0,0.41454236419051,320.0,trail2,,0.075,0.7,0.8,0.35
t2_a0.5_t0.075_a20.8_t20.35_sl0.7,F,,623.1969046354043,12.014004665304068,-31.77063037518291,-34.89438884144814,10.584077093205735,0.4463548036793447,153.0,115.0,39.0,0.0,0.5475255892605632,355.0,trail2,,0.075,0.7,0.8,0.35
t2_a0.5_t0.075_a20.8_t20.35_slNone,A,,186.8469941099264,11.945004927756042,-23.949323725615574,-27.312100407900235,10.3567741981562,0.29847532851590775,54.0,41.0,13.0,0.0,0.7790801984746871,365.0,trail2,,0.075,,0.8,0.35
t2_a0.5_t0.075_a20.8_t20.35_slNone,B,,196.21529907321278,11.790145441649836,-29.413122537709818,-32.502209286470624,10.065643826162454,0.577481270376711,101.0,76.0,25.0,0.0,0.42351448767289135,338.0,trail2,,0.075,,0.8,0.35
t2_a0.5_t0.075_a20.8_t20.35_slNone,F,,613.316604070466,11.927265957109967,-31.786682630169373,-34.89438884144814,10.565914255449698,0.4471904684234571,152.0,114.0,38.0,0.0,0.5459185170671761,370.0,trail2,,0.075,,0.8,0.35
t2_a0.5_t0.075_a21.0_t20.2_sl0.4,A,,153.5605191022751,9.784465887979133,-23.875573377209264,-26.589454679471103,9.134563006085754,0.2661905772118621,54.0,40.0,14.0,0.0,0.615476977353411,255.5,trail2,,0.075,0.4,1.0,0.2
t2_a0.5_t0.075_a21.0_t20.2_sl0.4,B,,170.8385914390833,10.343279816370055,-28.5278902768445,-29.551708973057302,9.404953254733876,0.506130129778597,118.0,84.0,35.0,0.0,0.2507113380213679,185.0,trail2,,0.075,0.4,1.0,0.2
t2_a0.5_t0.075_a21.0_t20.2_sl0.4,F,,443.93603154558986,10.187395134162692,-28.530241171957936,-29.91932048400435,9.370461733270878,0.39190254835823185,172.5,124.0,49.0,0.0,0.3668703948769203,215.0,trail2,,0.075,0.4,1.0,0.2
t2_a0.5_t0.075_a21.0_t20.2_sl0.7,A,,167.78274828625578,10.754666900062382,-24.044328622914417,-27.41983619608051,10.3294319804807,0.2768379591347869,53.0,40.0,13.0,0.0,0.724545425154519,345.0,trail2,,0.075,0.7,1.0,0.2
t2_a0.5_t0.075_a21.0_t20.2_sl0.7,B,,204.08979084293725,12.204641938702887,-28.67167863890419,-29.732016207641678,11.045658295538411,0.5449612176775271,103.0,76.0,26.0,0.0,0.37580014372300863,289.5,trail2,,0.075,0.7,1.0,0.2
t2_a0.5_t0.075_a21.0_t20.2_sl0.7,F,,571.1810532784423,11.541772173545006,-29.044874016455157,-30.108698275792683,10.588738439142888,0.41865292302703183,155.0,116.0,39.0,0.0,0.5009148683384786,326.0,trail2,,0.075,0.7,1.0,0.2
t2_a0.5_t0.075_a21.0_t20.2_slNone,A,,167.78274828625578,10.754666900062382,-24.044328622914417,-27.41983619608051,10.3294319804807,0.2768379591347869,53.0,40.0,13.0,0.0,0.724545425154519,345.0,trail2,,0.075,,1.0,0.2
t2_a0.5_t0.075_a21.0_t20.2_slNone,B,,204.4774493520473,12.224701600143117,-28.901214133827263,-29.752348497519666,10.914786558156228,0.5468780994973413,102.0,77.0,26.0,0.0,0.3835799671831136,303.5,trail2,,0.075,,1.0,0.2
t2_a0.5_t0.075_a21.0_t20.2_slNone,F,,571.4451978247096,11.54425796219275,-29.001779217683836,-30.108698275792683,10.646260604829813,0.4191935144105523,154.0,115.0,39.0,0.0,0.5052294008982959,337.25,trail2,,0.075,,1.0,0.2
t2_a0.5_t0.075_a21.0_t20.25_sl0.4,A,,151.1452882591237,9.611716880842813,-23.875573377209253,-26.589454679471103,8.971975742520186,0.26752358759270967,54.0,40.0,14.0,0.0,0.5948969760563023,255.5,trail2,,0.075,0.4,1.0,0.25
t2_a0.5_t0.075_a21.0_t20.25_sl0.4,B,,170.79659966017903,10.340702730158014,-28.935593938477012,-30.855467714137504,9.320370260292865,0.5103146893034121,118.0,83.0,35.0,0.0,0.25810710411231447,185.0,trail2,,0.075,0.4,1.0,0.25
t2_a0.5_t0.075_a21.0_t20.25_sl0.4,F,,443.2014351744137,10.178549742715159,-29.012479916493707,-30.565031550805386,9.28455134235833,0.3938477479565777,173.0,124.0,49.0,0.0,0.3669411257381064,215.0,trail2,,0.075,0.4,1.0,0.25
t2_a0.5_t0.075_a21.0_t20.25_sl0.7,A,,165.689463135704,10.616629648033326,-24.044328622914417,-27.41983619608052,10.211122776090988,0.2781678033059665,53.0,40.0,13.0,0.0,0.7052842427519425,345.0,trail2,,0.075,0.7,1.0,0.25
t2_a0.5_t0.075_a21.0_t20.25_sl0.7,B,,202.30270497041155,12.111852107201038,-29.11594775820012,-30.498135416127546,10.68277659705413,0.5464312834421166,103.0,76.0,26.0,0.0,0.380580416681062,289.5,trail2,,0.075,0.7,1.0,0.25
t2_a0.5_t0.075_a21.0_t20.25_sl0.7,F,,567.0686738917109,11.502708563708119,-29.070522179826902,-30.297574714868624,10.542762505131364,0.4213596410340327,154.5,115.0,39.0,0.0,0.4977089381556635,327.25,trail2,,0.075,0.7,1.0,0.25
t2_a0.5_t0.075_a21.0_t20.25_slNone,A,,165.689463135704,10.616629648033326,-24.044328622914417,-27.41983619608052,10.211122776090988,0.2781678033059665,53.0,40.0,13.0,0.0,0.7052842427519425,345.0,trail2,,0.075,,1.0,0.25
t2_a0.5_t0.075_a21.0_t20.25_slNone,B,,204.4719516259406,12.22441195683237,-29.115812296220057,-30.410359368925015,10.819904429454558,0.5490484786884982,103.0,77.0,26.0,0.0,0.38961892268473397,303.5,trail2,,0.075,,1.0,0.25
t2_a0.5_t0.075_a21.0_t20.25_slNone,F,,558.9792700058557,11.425073439606415,-29.070522179826902,-30.297574714868624,10.54407320718201,0.4220600618860974,154.0,116.0,38.5,0.0,0.5012168710531162,337.5,trail2,,0.075,,1.0,0.25
t2_a0.5_t0.075_a21.0_t20.3_sl0.4,A,,176.61758693373991,11.320678450251254,-23.875573377209257,-26.589454679471103,9.386886698386231,0.27469469696351556,54.0,40.0,14.0,0.0,0.6773227881859352,255.5,trail2,,0.075,0.4,1.0,0.3
t2_a0.5_t0.075_a21.0_t20.3_sl0.4,B,,172.94310046603493,10.470421208681902,-29.223400775739027,-31.300417244719263,9.054599564190854,0.5157417864028477,118.0,83.0,35.0,0.0,0.2743527357864085,185.0,trail2,,0.075,0.4,1.0,0.3
t2_a0.5_t0.075_a21.0_t20.3_sl0.4,F,,505.9122043007167,10.887613936048835,-29.76292348679565,-31.487789329767345,9.834801731834002,0.39820716346668783,173.0,124.0,49.0,0.0,0.40220476588564025,216.0,trail2,,0.075,0.4,1.0,0.3
t2_a0.5_t0.075_a21.0_t20.3_sl0.7,A,,193.54036313783507,12.337079294817544,-24.044328622914417,-27.41983619608052,10.437675413625861,0.2853770924978313,53.0,40.0,13.0,0.0,0.7978674045605036,345.0,trail2,,0.075,0.7,1.0,0.3
t2_a0.5_t0.075_a21.0_t20.3_sl0.7,B,,202.40439313897602,12.117178580571286,-29.135282865730566,-30.89168993630978,10.539180504282756,0.5517956134443746,103.0,76.0,26.0,0.0,0.39686111992200807,289.5,trail2,,0.075,0.7,1.0,0.3
t2_a0.5_t0.075_a21.0_t20.3_sl0.7,F,,622.6979979986802,12.00956793632929,-29.52652535089554,-30.79805292711398,10.975347685376795,0.42629059827569893,155.0,116.0,39.0,0.0,0.5243935248200242,326.5,trail2,,0.075,0.7,1.0,0.3
t2_a0.5_t0.075_a21.0_t20.3_slNone,A,,193.54036313783507,12.337079294817544,-24.044328622914417,-27.41983619608052,10.437675413625861,0.2853770924978313,53.0,40.0,13.0,0.0,0.7978674045605036,345.0,trail2,,0.075,,1.0,0.3
t2_a0.5_t0.075_a21.0_t20.3_slNone,B,,204.64777633308856,12.23349199815239,-29.135282865730566,-30.845916310278156,10.798978275832468,0.5539614676757609,102.0,77.0,26.0,0.0,0.4062873872274567,303.5,trail2,,0.075,,1.0,0.3
t2_a0.5_t0.075_a21.0_t20.3_slNone,F,,631.7931067494998,12.08839844624594,-29.569805647437263,-30.79805292711398,10.977160718101873,0.42716129127234337,155.0,116.5,39.0,0.0,0.5392486512605861,337.5,trail2,,0.075,,1.0,0.3
t2_a0.5_t0.075_a21.0_t20.35_sl0.4,A,,170.5808128107403,10.936773437822012,-23.875573377209257,-26.589454679471103,9.25656455037867,0.27507625070796804,54.0,40.0,14.0,0.0,0.6498472432274045,255.5,trail2,,0.075,0.4,1.0,0.35
t2_a0.5_t0.075_a21.0_t20.35_sl0.4,B,,193.26382331332172,11.630859006509587,-29.570788146252603,-32.390837124940404,9.960807288896238,0.5263758817673365,118.5,83.0,35.0,0.0,0.29677750521364943,196.0,trail2,,0.075,0.4,1.0,0.35
t2_a0.5_t0.075_a21.0_t20.35_sl0.4,F,,554.5890057697533,11.382497108627664,-30.464956733064902,-33.004911480543214,10.038264788786885,0.40769300440864015,173.0,123.0,49.0,0.0,0.4089508090144204,223.5,trail2,,0.075,0.4,1.0,0.35
t2_a0.5_t0.075_a21.0_t20.35_sl0.7,A,,187.24058849012047,11.968419590557545,-24.044328622914424,-27.41983619608052,10.313267693901436,0.28582839234276414,53.0,40.0,13.0,0.0,0.7668924167913982,345.0,trail2,,0.075,0.7,1.0,0.35
t2_a0.5_t0.075_a21.0_t20.35_sl0.7,B,,209.47048504224048,12.479660522655866,-29.474413401420186,-32.79575571342874,10.708722611515997,0.5626124606323255,103.0,76.0,26.5,0.0,0.41163148841868263,308.0,trail2,,0.075,0.7,1.0,0.35
t2_a0.5_t0.075_a21.0_t20.35_sl0.7,F,,670.3625612656062,12.41083271501886,-30.769259602203725,-32.83726007646751,10.911060687573118,0.43397552849592647,155.0,116.0,40.0,0.0,0.5389461050881952,327.0,trail2,,0.075,0.7,1.0,0.35
t2_a0.5_t0.075_a21.0_t20.35_slNone,A,,187.24058849012047,11.968419590557545,-24.044328622914424,-27.41983619608052,10.313267693901436,0.28582839234276414,53.0,40.0,13.0,0.0,0.7668924167913982,345.0,trail2,,0.075,,1.0,0.35
t2_a0.5_t0.075_a21.0_t20.35_slNone,B,,211.58117253193976,12.585781616434621,-29.44638712239705,-32.66789619432118,11.302545072373245,0.565833991463171,103.0,77.0,26.0,0.0,0.421727695808179,310.0,trail2,,0.075,,1.0,0.35
t2_a0.5_t0.075_a21.0_t20.35_slNone,F,,676.1910396994399,12.45802123185582,-30.92488647502616,-32.83726007646751,10.945318748698877,0.43497375847416775,154.5,116.0,39.0,0.0,0.5455401697834117,338.0,trail2,,0.075,,1.0,0.35
t2_a0.5_t0.075_a21.5_t20.2_sl0.4,A,,140.65062415709562,8.830960235998742,-23.875573377209257,-26.589454679471103,8.226161198734996,0.2578210286765651,54.0,40.0,14.0,0.0,0.47024840121018174,244.5,trail2,,0.075,0.4,1.5,0.2
t2_a0.5_t0.075_a21.5_t20.2_sl0.4,B,,176.04103046447486,10.655020219737988,-28.04793605842713,-29.534545726513777,9.774801140916708,0.5026429605164036,119.0,84.0,35.0,0.0,0.26077470453114426,186.75,trail2,,0.075,0.4,1.5,0.2
t2_a0.5_t0.075_a21.5_t20.2_sl0.4,F,,417.928043994063,9.86541311346617,-28.52992737027141,-29.55267090606753,9.10624503675235,0.3847790483858069,173.0,124.0,49.0,0.0,0.328224408256256,214.0,trail2,,0.075,0.4,1.5,0.2
t2_a0.5_t0.075_a21.5_t20.2_sl0.7,A,,153.54932012469925,9.783670857302507,-24.044328622914414,-27.41983619608052,9.331925437832734,0.27017855318921474,53.0,40.0,13.0,0.0,0.5778825177110762,345.0,trail2,,0.075,0.7,1.5,0.2
t2_a0.5_t0.075_a21.5_t20.2_sl0.7,B,,208.3479102973025,12.422592611671067,-28.463064400622468,-29.706327900009555,11.14404825812021,0.5422781525892582,103.0,76.0,26.0,0.0,0.3812524322795338,289.5,trail2,,0.075,0.7,1.5,0.2
t2_a0.5_t0.075_a21.5_t20.2_sl0.7,F,,532.8579208032645,11.16688311770625,-28.715047645537346,-30.03422919148022,10.278056403798242,0.4142270866737918,155.0,116.0,40.0,0.0,0.4550653734135791,314.5,trail2,,0.075,0.7,1.5,0.2
t2_a0.5_t0.075_a21.5_t20.2_slNone,A,,153.54932012469925,9.783670857302507,-24.044328622914414,-27.41983619608052,9.331925437832734,0.27017855318921474,53.0,40.0,13.0,0.0,0.5778825177110762,345.0,trail2,,0.075,,1.5,0.2
t2_a0.5_t0.075_a21.5_t20.2_slNone,B,,211.508265781511,12.582139938408343,-28.546575690803,-29.716650459188386,11.094533091579443,0.5436578328996297,103.0,77.0,26.0,0.0,0.38978344314524505,303.5,trail2,,0.075,,1.5,0.2
t2_a0.5_t0.075_a21.5_t20.2_slNone,F,,535.3043377841523,11.19149887310834,-28.715047645537346,-30.131082666051107,10.312874364629243,0.4147384494340851,154.0,116.0,39.0,0.0,0.45889831273706994,326.0,trail2,,0.075,,1.5,0.2
t2_a0.5_t0.075_a21.5_t20.25_sl0.4,A,,139.78259294665784,8.764055956456573,-23.875573377209257,-26.589454679471103,8.155877927178183,0.25808988554929657,54.0,40.0,14.0,0.0,0.4608203313002799,244.5,trail2,,0.075,0.4,1.5,0.25
t2_a0.5_t0.075_a21.5_t20.25_sl0.4,B,,178.03116426530144,10.772125231658347,-28.042102578242822,-29.534545726513777,9.858526707082238,0.5050848838830574,119.0,83.0,35.0,0.0,0.2718570557828174,185.0,trail2,,0.075,0.4,1.5,0.25
t2_a0.5_t0.075_a21.5_t20.25_sl0.4,F,,420.1368271732089,9.893488514463211,-28.529927370271434,-29.55267090606755,9.08609559039579,0.38615422701953767,173.0,124.0,49.0,0.0,0.33329923554097884,214.0,trail2,,0.075,0.4,1.5,0.25
t2_a0.5_t0.075_a21.5_t20.25_sl0.7,A,,152.66901647249801,9.720988823929044,-24.044328622914414,-27.41983619608052,9.293127857411918,0.27044959335029395,53.0,40.0,13.0,0.0,0.5691689040778773,345.0,trail2,,0.075,0.7,1.5,0.25
t2_a0.5_t0.075_a21.5_t20.25_sl0.7,B,,205.75659167358168,12.29054965858385,-28.546575690803,-29.725268772619028,11.290163699745785,0.5445332543775488,103.0,76.0,26.0,0.0,0.38801870690103735,289.5,trail2,,0.075,0.7,1.5,0.25
t2_a0.5_t0.075_a21.5_t20.25_sl0.7,F,,533.9471255650774,11.17789265643383,-28.71738689569589,-30.06428952467556,10.149602822780166,0.41608923889659566,155.0,116.0,39.5,0.0,0.46018425835144783,314.5,trail2,,0.075,0.7,1.5,0.25
t2_a0.5_t0.075_a21.5_t20.25_slNone,A,,152.66901647249801,9.720988823929044,-24.044328622914414,-27.41983619608052,9.293127857411918,0.27044959335029395,53.0,40.0,13.0,0.0,0.5691689040778773,345.0,trail2,,0.075,,1.5,0.25
t2_a0.5_t0.075_a21.5_t20.25_slNone,B,,208.23760996882027,12.417133793596037,-28.56506310979557,-29.730208018236205,11.086354241954979,0.5456645017902797,103.0,77.0,26.0,0.0,0.39975546362239955,303.5,trail2,,0.075,,1.5,0.25
t2_a0.5_t0.075_a21.5_t20.25_slNone,F,,533.6561136098454,11.174955272227605,-28.71738689569589,-30.1499142289694,10.340889319061437,0.4162249063876313,154.0,115.5,39.0,0.0,0.4636035609862793,326.0,trail2,,0.075,,1.5,0.25
t2_a0.5_t0.075_a21.5_t20.3_sl0.4,A,,163.17035490149306,10.448417347388572,-23.87557337720927,-26.589454679471103,8.33996443900088,0.2663341568372773,54.0,40.0,14.0,0.0,0.531697772793281,244.5,trail2,,0.075,0.4,1.5,0.3
t2_a0.5_t0.075_a21.5_t20.3_sl0.4,B,,182.41263502030793,11.025754135729837,-28.040355608549017,-29.534545726513777,10.060669656274941,0.5093059090291894,119.0,83.0,35.0,0.0,0.29318541228834566,185.0,trail2,,0.075,0.4,1.5,0.3
t2_a0.5_t0.075_a21.5_t20.3_sl0.4,F,,493.00602670394574,10.748792265493744,-28.52992737027143,-29.552670906067537,9.727408488731207,0.39064611077181977,173.0,124.0,49.0,0.0,0.3669372821258228,214.0,trail2,,0.075,0.4,1.5,0.3
t2_a0.5_t0.075_a21.5_t20.3_sl0.7,A,,179.34437827095758,11.490224196987475,-24.044328622914414,-27.41983619608052,9.42006566013215,0.2771741708213452,53.0,40.0,13.0,0.0,0.6424482956989641,345.0,trail2,,0.075,0.7,1.5,0.3
t2_a0.5_t0.075_a21.5_t20.3_sl0.7,B,,209.7407248363938,12.493298321180568,-28.546575690803,-29.730208018236205,11.262296500773505,0.548434505074391,103.0,76.0,26.0,0.0,0.41416056771942644,289.5,trail2,,0.075,0.7,1.5,0.3
t2_a0.5_t0.075_a21.5_t20.3_sl0.7,F,,618.0203111226203,11.968728949306273,-28.78922531045443,-30.04177398161329,10.767107524353495,0.42020518446219207,155.0,116.0,40.0,0.0,0.4947618199424666,312.0,trail2,,0.075,0.7,1.5,0.3
t2_a0.5_t0.075_a21.5_t20.3_slNone,A,,179.34437827095758,11.490224196987475,-24.044328622914414,-27.41983619608052,9.42006566013215,0.2771741708213452,53.0,40.0,13.0,0.0,0.6424482956989641,345.0,trail2,,0.075,,1.5,0.3
t2_a0.5_t0.075_a21.5_t20.3_slNone,B,,210.63508063342337,12.538337493022144,-28.571858682776792,-29.730208018236205,11.09917514583213,0.5480631319099445,103.0,77.0,26.0,0.0,0.4224691593225327,303.5,trail2,,0.075,,1.5,0.3
t2_a0.5_t0.075_a21.5_t20.3_slNone,F,,619.2369166980191,11.979397777942612,-28.78922531045443,-30.104571306686722,10.729824882328613,0.4199130342623685,154.5,115.5,39.0,0.0,0.4895459683118706,321.5,trail2,,0.075,,1.5,0.3
t2_a0.5_t0.075_a21.5_t20.35_sl0.4,A,,158.28445727585282,10.115383479170559,-23.87557337720927,-26.589454679471103,8.298814529648176,0.26666681541732007,54.0,40.0,14.0,0.0,0.5144417572526114,244.5,trail2,,0.075,0.4,1.5,0.35
t2_a0.5_t0.075_a21.5_t20.35_sl0.4,B,,181.94308195418716,10.998818159256164,-28.036544492772848,-29.534545726513777,9.940563494509824,0.5107225995543971,119.0,84.0,35.0,0.0,0.2935401120998684,185.0,trail2,,0.075,0.4,1.5,0.35
t2_a0.5_t0.075_a21.5_t20.35_sl0.4,F,,483.02573969725853,10.639054115659885,-28.529927370271412,-29.55267090606754,9.598624478566169,0.3918960044550135,173.0,124.0,49.0,0.0,0.36234992803864646,214.0,trail2,,0.075,0.4,1.5,0.35
t2_a0.5_t0.075_a21.5_t20.35_sl0.7,A,,174.3009851881436,11.174772580841296,-24.044328622914414,-27.41983619608052,9.381240197516377,0.2775217921860298,53.0,40.0,13.0,0.0,0.6246335807527775,345.0,trail2,,0.075,0.7,1.5,0.35
t2_a0.5_t0.075_a21.5_t20.35_sl0.7,B,,206.66171110684266,12.336897553386805,-28.617224568015402,-29.730208018236205,11.144319984813597,0.549040416614243,103.0,76.0,26.0,0.0,0.41456245305964,290.5,trail2,,0.075,0.7,1.5,0.35
t2_a0.5_t0.075_a21.5_t20.35_sl0.7,F,,593.9732449315043,11.75325243519525,-28.79618305325472,-30.061064979282015,10.59528865011409,0.42090092662261935,155.0,116.0,40.0,0.0,0.4828753288059261,312.0,trail2,,0.075,0.7,1.5,0.35
t2_a0.5_t0.075_a21.5_t20.35_slNone,A,,174.3009851881436,11.174772580841296,-24.044328622914414,-27.41983619608052,9.381240197516377,0.2775217921860298,53.0,40.0,13.0,0.0,0.6246335807527775,345.0,trail2,,0.075,,1.5,0.35
t2_a0.5_t0.075_a21.5_t20.35_slNone,B,,208.61445603005606,12.436319379736515,-28.87154749815058,-29.712644167194796,10.990317721939382,0.5504433566241382,103.0,77.0,26.0,0.0,0.42089331828910115,303.5,trail2,,0.075,,1.5,0.35
t2_a0.5_t0.075_a21.5_t20.35_slNone,F,,598.1958148481721,11.791808864119291,-28.79618305325472,-30.153142487244082,10.584241312243838,0.42164015770289237,154.0,115.5,39.0,0.0,0.4861757010915586,317.0,trail2,,0.075,,1.5,0.35
t2_a0.5_t0.1_a20.8_t20.2_sl0.4,A,,164.66184536997005,10.548285798657664,-23.921012213790306,-26.665306812880974,9.793311481944714,0.2819692493052773,54.0,40.0,14.0,0.0,0.6592541774824232,273.0,trail2,,0.1,0.4,0.8,0.2
t2_a0.5_t0.1_a20.8_t20.2_sl0.4,B,,165.89577310373258,10.0387514705508,-28.376293242210515,-29.806555961229996,8.929350460545901,0.5095245056811116,119.0,84.0,34.0,0.0,0.2479384181757862,202.0,trail2,,0.1,0.4,0.8,0.2
t2_a0.5_t0.1_a20.8_t20.2_sl0.4,F,,469.57257700478993,10.487643066575881,-28.403776170541377,-29.807761089370555,9.490872022481241,0.399664309690213,173.0,124.5,48.0,0.0,0.38072260424386317,223.5,trail2,,0.1,0.4,0.8,0.2
t2_a0.5_t0.1_a20.8_t20.2_sl0.7,A,,176.37640097752148,11.305549841514306,-24.120452486612358,-27.49664633225173,10.659324607596698,0.290933241692785,53.0,40.0,13.0,0.0,0.762725915992843,369.0,trail2,,0.1,0.7,0.8,0.2
t2_a0.5_t0.1_a20.8_t20.2_sl0.7,B,,199.611812037011,11.970743222966318,-29.377556662190752,-30.148442900372263,10.679227829533728,0.5531222247774455,103.0,76.0,27.0,0.0,0.37572528637218533,304.0,trail2,,0.1,0.7,0.8,0.2
t2_a0.5_t0.1_a20.8_t20.2_sl0.7,F,,580.357023686523,11.627968952327027,-28.983245761907895,-30.34857744277599,10.704469866793206,0.42883949154093337,154.0,116.0,39.0,0.0,0.5134212840998744,341.0,trail2,,0.1,0.7,0.8,0.2
t2_a0.5_t0.1_a20.8_t20.2_slNone,A,,176.37640097752148,11.305549841514306,-24.120452486612358,-27.49664633225173,10.659324607596698,0.290933241692785,53.0,40.0,13.0,0.0,0.762725915992843,369.0,trail2,,0.1,,0.8,0.2
t2_a0.5_t0.1_a20.8_t20.2_slNone,B,,200.26281109423803,12.005050411226414,-29.377556662190752,-30.08686387778672,10.547438559524643,0.5547061541912057,102.5,76.5,26.0,0.0,0.38266274687557467,323.5,trail2,,0.1,,0.8,0.2
t2_a0.5_t0.1_a20.8_t20.2_slNone,F,,581.3976061700587,11.637656008010545,-28.983245761907895,-30.35611767110149,10.7459934126852,0.43011631438620573,154.0,116.0,38.0,0.0,0.5206466762728528,349.25,trail2,,0.1,,0.8,0.2
t2_a0.5_t0.1_a20.8_t20.25_sl0.4,A,,163.3783222221434,10.46239182327503,-23.921012213790306,-26.665306812880978,9.7292820072653,0.29587043359335996,54.0,40.0,14.0,0.0,0.655515977648516,323.5,trail2,,0.1,0.4,0.8,0.25
t2_a0.5_t0.1_a20.8_t20.25_sl0.4,B,,165.63930176699427,10.022928043374257,-29.10593018168766,-30.037636099633847,9.0424690231959,0.5163051394998015,118.5,85.0,34.0,0.0,0.2705165643842643,202.0,trail2,,0.1,0.4,0.8,0.25
t2_a0.5_t0.1_a20.8_t20.25_sl0.4,F,,472.4443827914901,10.520188539829888,-29.107769736672072,-30.544669369052613,9.588860249962124,0.4090697892992864,173.0,124.0,48.0,0.0,0.39431601230720104,227.5,trail2,,0.1,0.4,0.8,0.25
t2_a0.5_t0.1_a20.8_t20.25_sl0.7,A,,176.8760151845309,11.336830182901403,-24.120452486612376,-27.4966463322517,10.709742507472136,0.30497601093552157,53.0,40.0,13.0,0.0,0.7652600268075251,404.5,trail2,,0.1,0.7,0.8,0.25
t2_a0.5_t0.1_a20.8_t20.25_sl0.7,B,,197.13082323005872,11.839063491944712,-29.380839704631654,-30.50984494822809,10.354664210757827,0.5598983579495567,102.0,76.0,26.0,0.0,0.3914807916631954,338.0,trail2,,0.1,0.7,0.8,0.25
t2_a0.5_t0.1_a20.8_t20.25_sl0.7,F,,581.9659901823691,11.642949146953574,-29.05705681741548,-31.240870403101802,10.652822665153664,0.4393903058310793,154.0,115.0,39.0,0.0,0.5270066536983359,377.0,trail2,,0.1,0.7,0.8,0.25
t2_a0.5_t0.1_a20.8_t20.25_slNone,A,,176.8760151845309,11.336830182901403,-24.120452486612376,-27.4966463322517,10.709742507472136,0.30497601093552157,53.0,40.0,13.0,0.0,0.7652600268075251,404.5,trail2,,0.1,,0.8,0.25
t2_a0.5_t0.1_a20.8_t20.25_slNone,B,,199.4102555462776,11.96012031952165,-29.377768871503466,-30.700368027584684,10.600959963430752,0.5600081877457299,102.0,77.0,25.0,0.0,0.400849010103276,377.0,trail2,,0.1,,0.8,0.25
t2_a0.5_t0.1_a20.8_t20.25_slNone,F,,586.7826179581944,11.687536630163143,-29.05705681741548,-31.24568343941142,10.725393981300638,0.44074956027349665,153.0,115.0,38.0,0.0,0.5304616448709645,382.0,trail2,,0.1,,0.8,0.25
t2_a0.5_t0.1_a20.8_t20.3_sl0.4,A,,184.8320106288336,11.824509960720109,-23.9210122137903,-26.665306812880964,9.946262141637755,0.3091773305770411,54.0,40.0,14.0,0.0,0.7312776386005975,327.5,trail2,,0.1,0.4,0.8,0.3
t2_a0.5_t0.1_a20.8_t20.3_sl0.4,B,,165.72762578835918,10.028465396076413,-29.106629000042954,-30.953655561370358,9.07287720003438,0.5261257864130651,119.0,84.0,34.0,0.0,0.28435197455557665,201.5,trail2,,0.1,0.4,0.8,0.3
t2_a0.5_t0.1_a20.8_t20.3_sl0.4,F,,525.0321254645784,11.087187545401155,-32.163861739304785,-34.66202365219891,9.905706716884417,0.42298112943162613,173.0,124.0,48.0,0.0,0.42660336324895487,227.5,trail2,,0.1,0.4,0.8,0.3
t2_a0.5_t0.1_a20.8_t20.3_sl0.7,A,,199.52259940318527,12.677268760194094,-24.120452486612386,-27.4966463322517,10.727510273850738,0.31718969204041925,53.0,40.0,13.0,0.0,0.8428269023967564,404.5,trail2,,0.1,0.7,0.8,0.3
t2_a0.5_t0.1_a20.8_t20.3_sl0.7,B,,195.815730871444,11.768716468467,-29.377768871503466,-30.28562639182911,9.703656887365867,0.5664140306171137,102.0,77.0,26.0,0.0,0.4091305013806832,338.0,trail2,,0.1,0.7,0.8,0.3
t2_a0.5_t0.1_a20.8_t20.3_sl0.7,F,,614.8657175335842,11.940957281095187,-32.752246135371934,-36.32865497395111,10.890006737478576,0.45030245604063734,153.0,114.0,38.5,0.0,0.559781986277545,381.0,trail2,,0.1,0.7,0.8,0.3
t2_a0.5_t0.1_a20.8_t20.3_slNone,A,,199.52259940318527,12.677268760194094,-24.120452486612386,-27.4966463322517,10.727510273850738,0.31718969204041925,53.0,40.0,13.0,0.0,0.8428269023967564,404.5,trail2,,0.1,,0.8,0.3
t2_a0.5_t0.1_a20.8_t20.3_slNone,B,,197.8467534939977,11.87724835440812,-29.377768871503466,-30.48836386143296,9.99159569628019,0.5684403569942756,101.5,76.0,25.0,0.0,0.41711690601433216,379.0,trail2,,0.1,,0.8,0.3
t2_a0.5_t0.1_a20.8_t20.3_slNone,F,,637.0767572326002,12.133675131685518,-32.8259340669092,-36.32865497395111,10.813091796635895,0.4520619211458583,152.0,115.0,38.0,0.0,0.5686514903297955,383.0,trail2,,0.1,,0.8,0.3
t2_a0.5_t0.1_a20.8_t20.35_sl0.4,A,,178.0785654941009,11.411811972635466,-24.546922770287704,-26.898834957253513,9.722888813668225,0.3234841277886674,55.0,41.0,14.0,0.0,0.7032919437385066,318.0,trail2,,0.1,0.4,0.8,0.35
t2_a0.5_t0.1_a20.8_t20.35_sl0.4,B,,178.88437689665702,10.821971790746032,-29.806408054231653,-32.450089130099045,9.168032612554342,0.5508885863938198,117.0,83.0,34.0,0.0,0.2966911087365241,209.25,trail2,,0.1,0.4,0.8,0.35
t2_a0.5_t0.1_a20.8_t20.35_sl0.4,F,,563.3193779380368,11.46685590347758,-34.17225784390706,-37.44772991825899,9.826860836167997,0.44084090260818876,172.0,124.0,48.0,0.0,0.42790876380186804,230.0,trail2,,0.1,0.4,0.8,0.35
t2_a0.5_t0.1_a20.8_t20.35_sl0.7,A,,191.9794475700178,12.24675532165812,-24.817514130950453,-27.51463412391472,10.549340782500671,0.3320799562812832,54.0,41.0,13.0,0.0,0.811448894998198,408.0,trail2,,0.1,0.7,0.8,0.35
t2_a0.5_t0.1_a20.8_t20.35_sl0.7,B,,192.26794621475503,11.576596343063771,-29.692234222897042,-32.348537256611614,9.793072718148647,0.5854572246635525,101.0,76.0,26.0,0.0,0.4216029991715854,338.0,trail2,,0.1,0.7,0.8,0.35
t2_a0.5_t0.1_a20.8_t20.35_sl0.7,F,,622.5454458697558,12.008324322623542,-35.578497022977274,-39.15236495601283,10.557762141747915,0.4669684066352163,153.0,115.0,38.0,0.0,0.5626552780267029,386.0,trail2,,0.1,0.7,0.8,0.35
t2_a0.5_t0.1_a20.8_t20.35_slNone,A,,191.9794475700178,12.24675532165812,-24.817514130950453,-27.51463412391472,10.549340782500671,0.3320799562812832,54.0,41.0,13.0,0.0,0.811448894998198,408.0,trail2,,0.1,,0.8,0.35
t2_a0.5_t0.1_a20.8_t20.35_slNone,B,,195.4172661510643,11.747285795782837,-29.718224910501394,-32.477739084563,9.995624943775905,0.5869219857264245,100.5,76.0,25.0,0.0,0.430591139642766,380.75,trail2,,0.1,,0.8,0.35
t2_a0.5_t0.1_a20.8_t20.35_slNone,F,,628.8782513317432,12.063180439871445,-35.578497022977274,-39.15236495601283,10.691980709151867,0.46869441833794084,152.5,115.0,38.0,0.0,0.5641502385816572,390.0,trail2,,0.1,,0.8,0.35
t2_a0.5_t0.1_a21.0_t20.2_sl0.4,A,,159.14129083801984,10.174450244808153,-23.921012213790316,-26.665306812880978,9.358700416106485,0.2732285530598251,54.0,40.0,14.0,0.0,0.6362638673681047,263.5,trail2,,0.1,0.4,1.0,0.2
t2_a0.5_t0.1_a21.0_t20.2_sl0.4,B,,161.90883251729184,9.78746145574606,-28.376235975050555,-29.806218285485002,8.588932104762044,0.5138949183211882,118.0,84.0,34.0,0.0,0.23461940727787145,204.5,trail2,,0.1,0.4,1.0,0.2
t2_a0.5_t0.1_a21.0_t20.2_sl0.4,F,,439.62425496194726,10.135278039566165,-28.378271830796237,-29.80775663290928,9.261028387950729,0.39877424390367605,173.0,124.0,49.0,0.0,0.3639635745778884,220.0,trail2,,0.1,0.4,1.0,0.2
t2_a0.5_t0.1_a21.0_t20.2_sl0.7,A,,171.04487218191227,10.966639524626054,-24.120452486612376,-27.49664633225169,10.38949495417409,0.28280709774530743,53.0,40.0,13.0,0.0,0.7526235733887536,360.5,trail2,,0.1,0.7,1.0,0.2
t2_a0.5_t0.1_a21.0_t20.2_sl0.7,B,,195.6341394720023,11.758962614861545,-28.93208567716541,-30.013881754583554,10.352906198277394,0.5521128067706749,103.0,76.0,26.0,0.0,0.3657418679688774,297.5,trail2,,0.1,0.7,1.0,0.2
t2_a0.5_t0.1_a21.0_t20.2_sl0.7,F,,567.6266002139527,11.508025769648512,-29.077463511587958,-30.37148122643711,10.547797553928099,0.42674377752132275,154.0,115.0,39.0,0.0,0.5022675249575159,338.75,trail2,,0.1,0.7,1.0,0.2
t2_a0.5_t0.1_a21.0_t20.2_slNone,A,,171.04487218191227,10.966639524626054,-24.120452486612376,-27.49664633225169,10.38949495417409,0.28280709774530743,53.0,40.0,13.0,0.0,0.7526235733887536,360.5,trail2,,0.1,,1.0,0.2
t2_a0.5_t0.1_a21.0_t20.2_slNone,B,,197.7686746012088,11.873078538843274,-28.967364598970946,-30.005230853303928,10.52138107510148,0.5538364480637246,102.0,77.0,25.0,0.0,0.3732747100716508,310.0,trail2,,0.1,,1.0,0.2
t2_a0.5_t0.1_a21.0_t20.2_slNone,F,,567.6419035050694,11.508164830208523,-29.052432494184764,-30.373834338984558,10.602569033186233,0.42737704825409034,154.0,116.0,38.0,0.0,0.5064921955988126,343.0,trail2,,0.1,,1.0,0.2
t2_a0.5_t0.1_a21.0_t20.25_sl0.4,A,,155.94152584474693,9.952385835933875,-23.92101221379031,-26.665306812880978,9.214275733893992,0.27467548876264436,54.0,40.0,14.0,0.0,0.6133891441589259,263.5,trail2,,0.1,0.4,1.0,0.25
t2_a0.5_t0.1_a21.0_t20.25_sl0.4,B,,168.039618470222,10.17195095723692,-29.172408054722297,-30.90628301714023,9.027503005141527,0.5200499116885982,118.0,84.0,34.0,0.0,0.2644234836927166,204.0,trail2,,0.1,0.4,1.0,0.25
t2_a0.5_t0.1_a21.0_t20.25_sl0.4,F,,445.6593419442853,10.208091119085427,-29.163915979276855,-30.769527193419616,9.412874377784409,0.4022748584781197,173.0,124.0,48.5,0.0,0.3772684833595254,220.0,trail2,,0.1,0.4,1.0,0.25
t2_a0.5_t0.1_a21.0_t20.25_sl0.7,A,,168.3020653938535,10.78867116684531,-24.120452486612376,-27.49664633225169,10.272044282251187,0.28414310621550787,53.0,40.0,13.0,0.0,0.731000308171823,360.5,trail2,,0.1,0.7,1.0,0.25
t2_a0.5_t0.1_a21.0_t20.25_sl0.7,B,,198.96529976099487,11.936598067766035,-29.377768871503466,-30.33288635824845,10.479659124942025,0.5576917964695028,103.0,76.0,26.0,0.0,0.3915702537571998,306.5,trail2,,0.1,0.7,1.0,0.25
t2_a0.5_t0.1_a21.0_t20.25_sl0.7,F,,565.5433935834925,11.488153274819457,-29.249131209883977,-30.64829223743383,10.588268942499532,0.43038393006734416,154.0,115.0,39.0,0.0,0.5125215392865825,346.0,trail2,,0.1,0.7,1.0,0.25
t2_a0.5_t0.1_a21.0_t20.25_slNone,A,,168.3020653938535,10.78867116684531,-24.120452486612376,-27.49664633225169,10.272044282251187,0.28414310621550787,53.0,40.0,13.0,0.0,0.731000308171823,360.5,trail2,,0.1,,1.0,0.25
t2_a0.5_t0.1_a21.0_t20.25_slNone,B,,200.9900234252464,12.043237498698234,-29.377768871503466,-30.3421503826176,10.79287663637884,0.5590804724044633,102.0,77.0,26.0,0.0,0.4002920823964551,338.0,trail2,,0.1,,1.0,0.25
t2_a0.5_t0.1_a21.0_t20.25_slNone,F,,572.2151278834943,11.551536754265868,-29.196226575496837,-30.667301085812515,10.642872246776774,0.4305620601887607,153.5,116.0,38.0,0.0,0.5159875017935593,352.0,trail2,,0.1,,1.0,0.25
t2_a0.5_t0.1_a21.0_t20.3_sl0.4,A,,178.99171406180886,11.468430262187734,-23.92101221379031,-26.665306812880964,9.43930453192406,0.28186476912254105,54.0,40.0,14.0,0.0,0.698865736490764,263.5,trail2,,0.1,0.4,1.0,0.3
t2_a0.5_t0.1_a21.0_t20.3_sl0.4,B,,168.38416075214968,10.193174075813705,-29.33176847446149,-31.25107222718004,9.046854149767222,0.5254353288442033,119.0,84.0,35.0,0.0,0.2785657415635108,203.5,trail2,,0.1,0.4,1.0,0.3
t2_a0.5_t0.1_a21.0_t20.3_sl0.4,F,,499.7597173837906,10.821848847095128,-30.23578904175278,-32.26149623569424,9.740953622445813,0.40726545347317733,172.5,124.0,49.0,0.0,0.40936597437844635,218.5,trail2,,0.1,0.4,1.0,0.3
t2_a0.5_t0.1_a21.0_t20.3_sl0.7,A,,195.96375700335832,12.476023501678545,-24.120452486612376,-27.49664633225169,10.474202340724755,0.2902917896241065,53.0,40.0,13.0,0.0,0.8185197317757449,360.5,trail2,,0.1,0.7,1.0,0.3
t2_a0.5_t0.1_a21.0_t20.3_sl0.7,B,,200.35257397669525,12.009780992433816,-29.40742775504776,-30.91932551297066,10.215063542136019,0.562077598896523,103.0,76.5,26.0,0.0,0.40588805583191545,306.5,trail2,,0.1,0.7,1.0,0.3
t2_a0.5_t0.1_a21.0_t20.3_sl0.7,F,,620.3304256292641,11.988906436813163,-29.731257018642133,-32.22398958870336,10.869653629025041,0.4359125052013579,154.0,115.0,39.0,0.0,0.5322346340102108,346.0,trail2,,0.1,0.7,1.0,0.3
t2_a0.5_t0.1_a21.0_t20.3_slNone,A,,195.96375700335832,12.476023501678545,-24.120452486612376,-27.49664633225169,10.474202340724755,0.2902917896241065,53.0,40.0,13.0,0.0,0.8185197317757449,360.5,trail2,,0.1,,1.0,0.3
t2_a0.5_t0.1_a21.0_t20.3_slNone,B,,200.81722022266936,12.034190404115785,-29.40742775504776,-30.928409536730957,10.705825193638425,0.5648137322447795,103.0,77.0,25.5,0.0,0.4104436108109183,338.0,trail2,,0.1,,1.0,0.3
t2_a0.5_t0.1_a21.0_t20.3_slNone,F,,623.2042868787058,12.014054002531738,-29.731257018642133,-32.22398958870336,10.901425594516049,0.4366352216906488,154.0,116.0,38.0,0.0,0.5483526594310655,352.0,trail2,,0.1,,1.0,0.3
t2_a0.5_t0.1_a21.0_t20.35_sl0.4,A,,172.72478171654882,11.074497723082889,-23.92101221379031,-26.665306812880964,9.283509364098979,0.2823353924715766,54.0,40.0,14.0,0.0,0.6698244990128157,263.5,trail2,,0.1,0.4,1.0,0.35
t2_a0.5_t0.1_a21.0_t20.35_sl0.4,B,,188.300919231863,11.358054208514968,-29.893756650701036,-32.189980295744775,9.863131012245468,0.5361037293194957,119.0,83.5,35.0,0.0,0.3028061521781049,208.5,trail2,,0.1,0.4,1.0,0.35
t2_a0.5_t0.1_a21.0_t20.35_sl0.4,F,,561.2496922837496,11.446974609316962,-31.378846690236443,-34.01521923288407,9.890510310044727,0.41369849473731324,173.0,124.0,49.0,0.0,0.41818965561693844,228.5,trail2,,0.1,0.4,1.0,0.35
t2_a0.5_t0.1_a21.0_t20.35_sl0.7,A,,189.59165664091952,12.107292856213869,-24.120452486612376,-27.49664633225169,10.348668973296308,0.29078589260377335,53.0,40.0,13.0,0.0,0.7892655766604786,360.5,trail2,,0.1,0.7,1.0,0.35
t2_a0.5_t0.1_a21.0_t20.35_sl0.7,B,,204.35729039337346,12.218479738257281,-29.732259751560285,-32.335042535820044,11.058129593507479,0.5773113015804812,102.0,76.0,27.0,0.0,0.41503487813424345,312.0,trail2,,0.1,0.7,1.0,0.35
t2_a0.5_t0.1_a21.0_t20.35_sl0.7,F,,657.8231661124356,12.307985939864775,-31.39659899954764,-34.21153443495179,10.725343980845627,0.442285415688229,155.0,115.0,39.0,0.0,0.5508638554781042,346.5,trail2,,0.1,0.7,1.0,0.35
t2_a0.5_t0.1_a21.0_t20.35_slNone,A,,189.59165664091952,12.107292856213869,-24.120452486612376,-27.49664633225169,10.348668973296308,0.29078589260377335,53.0,40.0,13.0,0.0,0.7892655766604786,360.5,trail2,,0.1,,1.0,0.35
t2_a0.5_t0.1_a21.0_t20.35_slNone,B,,209.8385479306774,12.498043616365385,-29.732259751560285,-32.36508750007078,11.072224845540664,0.5789145185039115,103.0,76.0,26.0,0.0,0.42785505284685665,356.0,trail2,,0.1,,1.0,0.35
t2_a0.5_t0.1_a21.0_t20.35_slNone,F,,660.3845013622487,12.329141531933708,-31.39798176604644,-34.21153443495179,10.996593113818513,0.4428316629270037,154.0,115.0,39.0,0.0,0.5536277433103868,354.0,trail2,,0.1,,1.0,0.35
t2_a0.5_t0.1_a21.5_t20.2_sl0.4,A,,145.38169705086895,9.1892064230772,-23.921012213790316,-26.665306812880967,8.322939686031013,0.26658351308685824,54.0,40.0,14.0,0.0,0.4883167444761658,258.5,trail2,,0.1,0.4,1.5,0.2
t2_a0.5_t0.1_a21.5_t20.2_sl0.4,B,,166.39505750447344,10.070072500296412,-28.31693529441011,-29.80612963529095,9.124194577488757,0.5109706648755299,118.0,84.0,34.0,0.0,0.243746712020974,204.5,trail2,,0.1,0.4,1.5,0.2
t2_a0.5_t0.1_a21.5_t20.2_sl0.4,F,,413.16661646650925,9.80440764405095,-28.378457500337834,-29.807916389304527,8.843515346897894,0.3945116137927982,173.0,124.0,49.0,0.0,0.3235392678868134,215.0,trail2,,0.1,0.4,1.5,0.2
t2_a0.5_t0.1_a21.5_t20.2_sl0.7,A,,156.64313657229212,10.00134185192274,-24.120452486612372,-27.4966463322517,9.384402510909986,0.2763933336100237,53.0,40.0,13.0,0.0,0.5931119523289288,360.5,trail2,,0.1,0.7,1.5,0.2
t2_a0.5_t0.1_a21.5_t20.2_sl0.7,B,,199.77998592054388,11.979630456938784,-28.89482167427345,-29.992138324683616,10.907626483278428,0.5521220089069985,103.0,76.0,26.0,0.0,0.37607887060687895,296.5,trail2,,0.1,0.7,1.5,0.2
t2_a0.5_t0.1_a21.5_t20.2_sl0.7,F,,530.5071804795831,11.143067448431887,-28.922398318629877,-30.39016959411111,10.134174714225725,0.42295233590747167,154.0,115.0,39.0,0.0,0.45923571282707976,338.0,trail2,,0.1,0.7,1.5,0.2
t2_a0.5_t0.1_a21.5_t20.2_slNone,A,,156.64313657229212,10.00134185192274,-24.120452486612372,-27.4966463322517,9.384402510909986,0.2763933336100237,53.0,40.0,13.0,0.0,0.5931119523289288,360.5,trail2,,0.1,,1.5,0.2
t2_a0.5_t0.1_a21.5_t20.2_slNone,B,,200.49456468428482,12.017232375440246,-28.943122195325692,-29.992138324683616,10.783125704941348,0.5531941778781603,102.0,76.0,26.0,0.0,0.3824677598961832,305.0,trail2,,0.1,,1.5,0.2
t2_a0.5_t0.1_a21.5_t20.2_slNone,F,,531.7060164840738,11.155229284904532,-28.934589430304,-30.39016959411111,10.24360796435573,0.4236752695256498,153.5,115.5,38.5,0.0,0.4618677259461178,343.5,trail2,,0.1,,1.5,0.2
t2_a0.5_t0.1_a21.5_t20.25_sl0.4,A,,143.4779697414351,9.046342295631781,-23.921012213790316,-26.665306812880967,8.253795578737796,0.26687124720002653,54.0,40.0,14.0,0.0,0.4769427130728662,258.5,trail2,,0.1,0.4,1.5,0.25
t2_a0.5_t0.1_a21.5_t20.25_sl0.4,B,,166.66270794931873,10.086711810134263,-28.641353691273014,-29.818118351774984,9.20464230635942,0.5141835372874599,118.0,84.0,34.0,0.0,0.2543837082246454,204.5,trail2,,0.1,0.4,1.5,0.25
t2_a0.5_t0.1_a21.5_t20.25_sl0.4,F,,412.4724811886106,9.795457109004369,-29.107417860332767,-30.19551807788428,8.89113053595521,0.3959831777611926,172.0,124.0,49.0,0.0,0.32793538157422564,215.0,trail2,,0.1,0.4,1.5,0.25
t2_a0.5_t0.1_a21.5_t20.25_sl0.7,A,,155.42430376211024,9.916084059019303,-24.120452486612372,-27.4966463322517,9.348432782306466,0.27666170933703493,53.0,40.0,13.0,0.0,0.5832086501616985,360.5,trail2,,0.1,0.7,1.5,0.25
t2_a0.5_t0.1_a21.5_t20.25_sl0.7,B,,197.5872979674498,11.863440786505908,-29.377556662190752,-30.003980646553103,10.416920779892099,0.5527613945321257,103.0,76.0,26.0,0.0,0.38091065722392137,296.5,trail2,,0.1,0.7,1.5,0.25
t2_a0.5_t0.1_a21.5_t20.25_sl0.7,F,,530.1680267138624,11.139616612283254,-29.119033486427348,-30.427187634015656,10.155943969381715,0.4244642639920701,154.5,115.0,40.0,0.0,0.46047223810763543,337.75,trail2,,0.1,0.7,1.5,0.25
t2_a0.5_t0.1_a21.5_t20.25_slNone,A,,155.42430376211024,9.916084059019303,-24.120452486612372,-27.4966463322517,9.348432782306466,0.27666170933703493,53.0,40.0,13.0,0.0,0.5832086501616985,360.5,trail2,,0.1,,1.5,0.25
t2_a0.5_t0.1_a21.5_t20.25_slNone,B,,201.3471704122976,12.061965363862392,-29.377556662190752,-30.01138873077484,10.665189625891646,0.5547172934133345,103.0,77.0,26.0,0.0,0.39248667747273996,305.0,trail2,,0.1,,1.5,0.25
t2_a0.5_t0.1_a21.5_t20.25_slNone,F,,532.1833197709519,11.160038437466845,-29.119033486427348,-30.42886208828655,10.19652540440501,0.42543724648211906,154.0,116.0,39.0,0.0,0.46377846702571446,344.0,trail2,,0.1,,1.5,0.25
t2_a0.5_t0.1_a21.5_t20.3_sl0.4,A,,165.1633939855179,10.581693691674754,-23.921012213790316,-26.665306812880967,8.473177481292076,0.2737636203500308,54.0,40.0,14.0,0.0,0.5412127843212995,258.5,trail2,,0.1,0.4,1.5,0.3
t2_a0.5_t0.1_a21.5_t20.3_sl0.4,B,,171.45552783308332,10.380691506552198,-28.974674147737517,-30.226303605522304,9.185710347314927,0.5193621075299227,118.0,84.0,34.0,0.0,0.27636798664743745,204.0,trail2,,0.1,0.4,1.5,0.3
t2_a0.5_t0.1_a21.5_t20.3_sl0.4,F,,465.9735472991346,10.446186418551607,-29.107585808729375,-30.208613137195567,9.237093770828578,0.4002980991529572,173.0,124.0,49.0,0.0,0.35807607541777564,216.0,trail2,,0.1,0.4,1.5,0.3
t2_a0.5_t0.1_a21.5_t20.3_sl0.7,A,,181.20200906853512,11.604406417933689,-24.120452486612372,-27.4966463322517,9.443105107804882,0.2825118647322309,53.0,40.0,13.0,0.0,0.660128095998596,360.5,trail2,,0.1,0.7,1.5,0.3
t2_a0.5_t0.1_a21.5_t20.3_sl0.7,B,,202.02218870045604,12.097250492642175,-29.377768871503466,-30.2227302889755,10.548182943811135,0.5564112640295586,103.0,76.0,26.0,0.0,0.4041365403450231,296.5,trail2,,0.1,0.7,1.5,0.3
t2_a0.5_t0.1_a21.5_t20.3_sl0.7,F,,596.1532009370786,11.773317198472121,-29.124281671360734,-30.390780644947235,10.5868040012752,0.42881286582675854,154.0,115.0,40.0,0.0,0.47910564245374165,337.5,trail2,,0.1,0.7,1.5,0.3
t2_a0.5_t0.1_a21.5_t20.3_slNone,A,,181.20200906853512,11.604406417933689,-24.120452486612372,-27.4966463322517,9.443105107804882,0.2825118647322309,53.0,40.0,13.0,0.0,0.660128095998596,360.5,trail2,,0.1,,1.5,0.3
t2_a0.5_t0.1_a21.5_t20.3_slNone,B,,208.92901233615427,12.452268929730314,-29.380839704631654,-30.20973550205098,10.697912345538924,0.5586236879193018,103.0,77.0,26.0,0.0,0.4154951096190505,304.75,trail2,,0.1,,1.5,0.3
t2_a0.5_t0.1_a21.5_t20.3_slNone,F,,595.2144215647701,11.764836761949127,-29.129983964646822,-30.41459027211798,10.534076031538456,0.42975272978281825,154.0,116.0,39.0,0.0,0.48977442147534933,344.0,trail2,,0.1,,1.5,0.3
t2_a0.5_t0.1_a21.5_t20.35_sl0.4,A,,160.25163611732228,10.250569312744561,-23.921012213790316,-26.665306812880967,8.432303854977704,0.27406896285848426,54.0,40.0,14.0,0.0,0.5232498027223851,258.5,trail2,,0.1,0.4,1.5,0.35
t2_a0.5_t0.1_a21.5_t20.35_sl0.4,B,,189.3428516093462,11.415861805481631,-29.527869022850055,-31.615347593937678,9.905876493357527,0.5236056436390318,118.0,84.0,35.0,0.0,0.2961259788332299,202.0,trail2,,0.1,0.4,1.5,0.35
t2_a0.5_t0.1_a21.5_t20.35_sl0.4,F,,522.3537524463568,11.059636515603389,-29.54884539065989,-32.14011853838862,9.58357665100245,0.4044807192112253,173.0,124.0,49.0,0.0,0.3689452414777059,217.5,trail2,,0.1,0.4,1.5,0.35
t2_a0.5_t0.1_a21.5_t20.35_sl0.7,A,,176.14060627975744,11.290780367916852,-24.120452486612372,-27.4966463322517,9.404264101896393,0.2828744063114325,53.0,40.0,13.0,0.0,0.6422138097298407,360.5,trail2,,0.1,0.7,1.5,0.35
t2_a0.5_t0.1_a21.5_t20.35_sl0.7,B,,208.49158842265453,12.430055622657887,-29.667908610957117,-31.606670240268542,10.850635664861246,0.5664510454295311,103.5,76.0,27.0,0.0,0.4132697085082867,296.5,trail2,,0.1,0.7,1.5,0.35
t2_a0.5_t0.1_a21.5_t20.35_sl0.7,F,,614.3526505586101,11.936426996440751,-29.86826494630696,-31.148013354116305,10.390433916186689,0.43370188414757116,154.0,114.5,40.0,0.0,0.48893259875656814,337.0,trail2,,0.1,0.7,1.5,0.35
t2_a0.5_t0.1_a21.5_t20.35_slNone,A,,176.14060627975744,11.290780367916852,-24.120452486612372,-27.4966463322517,9.404264101896393,0.2828744063114325,53.0,40.0,13.0,0.0,0.6422138097298407,360.5,trail2,,0.1,,1.5,0.35
t2_a0.5_t0.1_a21.5_t20.35_slNone,B,,217.31515779128574,12.869328827193938,-29.668123012867003,-31.709680562468417,11.134630783329296,0.5687317154274922,103.0,77.0,26.0,0.0,0.4269746203024035,307.5,trail2,,0.1,,1.5,0.35
t2_a0.5_t0.1_a21.5_t20.35_slNone,F,,609.539299903422,11.893756625711605,-29.877236099024067,-31.165677730710744,10.52165672425371,0.43518417692665823,154.0,115.0,39.0,0.0,0.5012995334746075,344.0,trail2,,0.1,,1.5,0.35
