name,win,drop,final,cagr,max_dd,dd_p10,cagr_p10,avg_exp,n,n0,n1,n2,tr_mean,tr_hold
base,A,,130.6599618059563,8.037349576315211,-18.634671466934684,-24.196701078311023,7.222402324099712,0.20357609004628158,58.0,42.0,16.0,0.0,0.31394247228234606,173.5
base|xlag1_slip,A,,126.94091507518422,7.727895154325449,-19.030291303179286,-24.52999874144024,6.911581883151796,0.20516537795922477,58.0,42.0,16.0,0.0,0.30454416120242334,174.5
base|q0.2|0,A,,130.86953732260378,8.054548708604159,-18.171763176792073,-24.26425870472699,7.217893967486158,0.20472571221606423,58.0,42.0,16.0,0.0,0.31439214406770066,173.5
base|q0.2|1,A,,130.86953732260378,8.054548708604159,-18.171763176792073,-24.26425870472699,7.217893967486158,0.20472571221606423,58.0,42.0,16.0,0.0,0.31439214406770066,173.5
base|q0.2|2,A,,130.86953732260378,8.054548708604159,-18.171763176792073,-24.26425870472699,7.217893967486158,0.20472571221606423,58.0,42.0,16.0,0.0,0.31439214406770066,173.5
base,B,,173.54296693384367,10.506306184925919,-26.81628433240249,-29.488445792861356,9.065594620720038,0.45623584673638407,125.0,85.0,40.0,0.0,0.21062262527445746,162.0
base|xlag1_slip,B,,168.93035219608592,10.226744288912181,-27.523391453366536,-29.78458680715476,8.974841378959585,0.4579707578732105,125.0,85.0,40.0,0.0,0.2102803509607582,163.0
base|q0.2|0,B,,172.24079733791376,10.428140439510358,-28.48366619213874,-29.269959566670263,9.478311997327678,0.45701204541220536,125.0,85.0,40.0,0.0,0.20998487238783425,162.0
base|q0.2|1,B,,172.24079733791376,10.428140439510358,-28.48366619213874,-29.269959566670263,9.478311997327678,0.45701204541220536,125.0,85.0,40.0,0.0,0.20998487238783425,162.0
base|q0.2|2,B,,172.24079733791376,10.428140439510358,-28.48366619213874,-29.269959566670263,9.478311997327678,0.45701204541220536,125.0,85.0,40.0,0.0,0.20998487238783425,162.0
base,F,,382.661847138598,9.396913078579871,-27.701190488316346,-29.507266771682296,8.75634136966114,0.3330018233732518,184.0,127.0,57.0,0.0,0.24482364617101504,162.75
base|xlag1_slip,F,,363.5789165528187,9.125970982290188,-28.339658308435062,-29.78519716055307,8.536809038461964,0.3342073227867914,184.0,127.0,57.0,0.0,0.24113029190341873,163.5
base|q0.2|0,F,,376.4861500388992,9.310640971711093,-26.791811905865536,-29.50736511478168,8.685645299523163,0.33537654646584664,183.0,126.0,57.0,0.0,0.24227710900365482,164.0
base|q0.2|1,F,,376.4861500388992,9.310640971711093,-26.791811905865536,-29.50736511478168,8.685645299523163,0.33537654646584664,183.0,126.0,57.0,0.0,0.24227710900365482,164.0
base|q0.2|2,F,,376.4861500388992,9.310640971711093,-26.791811905865536,-29.50736511478168,8.685645299523163,0.33537654646584664,183.0,126.0,57.0,0.0,0.24227710900365482,164.0
base,A,2008-09,110.07832542066404,6.213433537420022,-18.82067510016964,-23.8731782435256,5.344183789243913,0.18808030405124976,50.0,39.0,11.0,0.0,0.2971146728093982,197.5
base,F,2008-09,330.1176861196336,8.616471527054614,-26.879799369421352,-29.507500472410786,7.654458716707991,0.3235584480113258,177.0,124.0,53.0,0.0,0.23663139927047439,169.0
base,A,2012-01,128.4585519537438,7.8551505096417955,-13.49298090980483,-13.493511140715409,7.367218633593868,0.17034691122553294,56.0,40.0,13.0,3.0,0.31161264597203353,173.5
base,F,2012-01,380.2031538933306,9.362746468659022,-26.780467548232938,-29.269851096431314,8.795835951312212,0.31633707000453276,181.5,125.0,54.0,3.0,0.24192792989566347,162.0
base,A,2012-08,126.39726331830569,7.681978292987579,-20.709041666302554,-24.222318445703316,7.117739893467013,0.2013466754800745,56.0,41.0,16.0,0.0,0.3126558160818688,181.0
base,F,2012-08,370.1907885385926,9.221361431171005,-28.483874183383385,-29.507147467038163,8.665073696782937,0.3326517848420554,182.0,125.0,57.0,0.0,0.24254823309828866,164.5
base,A,2012-12,127.29448595843618,7.7576526832265795,-18.634671466934684,-24.196701078311023,7.221092056410752,0.20113609745596714,58.0,42.0,16.0,0.0,0.3142357275582117,173.5
base,F,2012-12,374.32728626815987,9.280169067667178,-28.952088233510704,-29.507301078558008,8.582332044618735,0.33190029748655553,183.0,127.0,56.0,0.0,0.24411557577982845,164.0
base,B,2018-02,178.38052917217001,10.792572709224512,-23.00227610371846,-25.383194434481982,9.692553665966967,0.43889004718373753,113.5,75.0,37.0,2.0,0.20295062212172613,166.0
base,F,2018-02,380.09362821878574,9.361218067926192,-23.522703448806602,-25.61266301610331,8.660860082472684,0.3256948903714642,171.0,116.0,53.0,2.0,0.2382534084907444,167.0
base,B,2018-07,178.63143572297403,10.807225645533125,-26.81628433240249,-29.488445792861356,9.682113325258683,0.45428730897818004,125.0,85.0,41.0,0.0,0.212429566385944,162.0
base,F,2018-07,385.6415950022698,9.438047390298154,-27.701190488316346,-29.507266771682296,8.792761653790942,0.3328848623045075,184.0,127.0,58.0,0.0,0.24408777769563156,163.5
base,B,2018-10,164.7704283524793,9.968535318310256,-26.934488391235245,-29.488445792861356,8.889308825874084,0.4628527336158066,121.0,80.0,41.0,0.0,0.19832609554137126,166.0
base,F,2018-10,353.3225429439347,8.97472703887331,-27.999938648408357,-29.507266771682296,8.440565275540138,0.33851464838284806,179.0,122.0,58.0,0.0,0.23474574898115702,167.0
base,B,2021-02,160.14376348999667,9.674320084371235,-26.81628433240249,-29.488445792861356,8.742097633394428,0.41716466388403606,119.0,84.0,35.0,0.0,0.20981065869704457,162.0
base,F,2021-02,339.31356249983105,8.761221630289217,-27.701190488316346,-29.507266771682296,8.23281882196318,0.31620269469120793,177.0,126.0,52.0,0.0,0.24324309793851998,164.0
base,B,2022-05,162.15022688143492,9.80284767885199,-26.828425658595755,-29.488445792861356,8.569098899199156,0.43917829109121376,122.0,85.0,38.0,0.0,0.20567406966164453,162.0
base,F,2022-05,353.6760986139979,8.980006338811197,-27.701190488316346,-29.507266771682296,8.354197643849393,0.32644413769893854,181.0,127.0,54.0,0.0,0.24120595382985482,163.0
base,B,2022-10,159.23032185939243,9.615324594949348,-26.81628433240249,-29.488445792861356,8.659889591837814,0.425015893702222,121.0,83.0,37.0,0.0,0.2018154739653769,158.0
base,F,2022-10,345.6094628577307,8.858183143075793,-27.701190488316346,-29.507266771682296,8.349740056551877,0.31970343807579493,179.0,126.0,53.0,0.0,0.2388209671128953,162.0
base,B,2024-02,174.64414262794998,10.57218595754682,-26.81628433240249,-29.488445792861356,9.249507175242833,0.4468346634359158,126.0,86.0,40.0,0.0,0.21253790302475983,162.0
base,F,2024-02,385.39712336989686,9.434693883099177,-27.701190488316346,-29.507266771682296,8.805796995775268,0.3295490615149602,184.0,127.5,57.0,0.0,0.24625517668794591,162.0
base,B,2026-07,170.14697042193058,10.30109231701254,-26.81628433240249,-29.488445792861356,8.856577132867585,0.45204289661914865,115.0,80.0,35.0,0.0,0.22876480570464558,172.0
base,F,2026-07,375.3017657879213,9.293980333113927,-27.701190488316346,-29.507266771682296,8.658117312486823,0.33075781105170576,173.0,122.0,51.0,0.0,0.2584188730357407,173.0
tr_a100_t30_sl70,A,,315.25245133202225,17.915414890122506,-25.801502373347585,-28.092520544986566,16.49929630181885,0.409196367942467,43.0,31.0,12.0,0.0,1.3174042079113963,566.0
tr_a100_t30_sl70|xlag1_slip,A,,296.3855248780057,17.194799646917247,-27.863719140726335,-30.39394745114654,15.86813476684386,0.41040516695971196,43.0,31.0,12.0,0.0,1.2357009064965538,567.0
tr_a100_t30_sl70|q0.2|0,A,,311.2849795439136,17.767180529301108,-26.32206744872819,-28.824381665796228,16.493929103771023,0.40735733975971705,43.0,31.0,12.0,0.0,1.2715440975417267,566.0
tr_a100_t30_sl70|q0.2|1,A,,312.5441421788337,17.814414532615597,-26.036839398956857,-28.480961151979738,16.54604494762323,0.4073302356392398,43.0,31.0,12.0,0.0,1.2927725719630945,566.0
tr_a100_t30_sl70|q0.2|2,A,,312.76099979454455,17.822532040383898,-26.036839398956857,-28.480961151979738,16.554999970107605,0.4073302356392398,43.0,31.0,12.0,0.0,1.2952881175636823,566.0
tr_a100_t30_sl70,B,,163.34520311119678,9.878712619414332,-31.423847781896708,-32.81869085981796,9.395233128680648,0.6721382556548858,72.0,57.0,15.0,0.0,0.6360667041527267,666.0
tr_a100_t30_sl70|xlag1_slip,B,,153.53873338651368,9.240663370354053,-31.591959917120917,-33.51267529222547,8.282562519461674,0.6741989674424291,71.0,57.0,15.0,0.0,0.5845211927615681,663.0
tr_a100_t30_sl70|q0.2|0,B,,149.921144735836,8.995932336565671,-31.893369387876223,-33.4729317163006,8.2758572331647,0.6776951495716168,70.0,56.0,15.0,0.0,0.564371697460057,670.0
tr_a100_t30_sl70|q0.2|1,B,,147.60012316193917,8.836012151085127,-31.746013952511287,-33.35494753033254,7.987994065954809,0.6761657175618605,71.0,56.0,14.0,0.0,0.5628339956972039,662.0
tr_a100_t30_sl70|q0.2|2,B,,150.47837889343046,9.033976639711627,-31.746013952511287,-33.35494753033254,8.518232927376364,0.6728450473642026,71.0,56.0,14.5,0.0,0.5382243309245442,662.0
tr_a100_t30_sl70,F,,984.3779600932506,14.523909947345814,-33.419818884521874,-35.94732105359177,13.788143607482043,0.5556738227078644,122.0,95.0,27.0,0.0,0.9250491905870837,666.0
tr_a100_t30_sl70|xlag1_slip,F,,927.4549572618242,14.193709902883999,-35.957042930844786,-39.19150875776055,13.379392589012845,0.5555500924377349,123.0,96.0,27.0,0.0,0.8799128954633182,652.5
tr_a100_t30_sl70|q0.2|0,F,,891.5487244200386,13.975318159577865,-33.91632371479544,-36.56575696340574,13.097401128499369,0.5580292258037354,119.5,93.0,27.0,0.0,0.8658891457397471,674.0
tr_a100_t30_sl70|q0.2|1,F,,895.8169633581867,14.001752082392382,-33.63201828968467,-36.02369787445422,13.140631334954747,0.5593322778124177,120.5,94.0,27.0,0.0,0.8760868145701126,666.0
tr_a100_t30_sl70|q0.2|2,F,,907.0663863167935,14.07073595263385,-33.63201828968467,-36.02369787445422,13.153670569260619,0.5577187301526736,120.5,94.0,27.0,0.0,0.8681433815730586,666.0
tr_a100_t30_sl70,A,2008-09,223.25114013192476,13.94204078811445,-25.584068911728973,-28.536386987999386,12.249561251304172,0.31513389359976135,32.0,24.0,8.0,0.0,1.4327571764094866,702.5
tr_a100_t30_sl70,F,2008-09,685.7757092383099,12.534779332559465,-32.59704900941731,-35.531688626720964,11.724876171618813,0.508052934105681,110.0,86.0,23.0,0.0,0.9240296320107919,692.0
tr_a100_t30_sl70,A,2012-01,257.0407066799094,15.548433200942224,-21.4579059329822,-22.87038395430496,15.460084964570001,0.4021383321792478,49.0,38.0,9.0,2.0,1.1727204832911446,585.0
tr_a100_t30_sl70,F,2012-01,784.2206831991474,13.268890895274444,-30.42886352918846,-32.70569788785195,13.021958705769526,0.5509053358321689,128.0,102.0,24.0,2.0,0.8740340970179568,666.0
tr_a100_t30_sl70,A,2012-08,315.59758747529986,17.92824615155657,-25.77485186137937,-28.092520544986566,16.551352603246436,0.4094079258808667,43.0,31.0,12.0,0.0,1.316516381684489,566.0
tr_a100_t30_sl70,F,2012-08,982.76353273471,14.514795772313771,-33.70480646533561,-36.29861300614801,13.64478018677025,0.5561677130911056,121.0,94.5,27.0,0.0,0.9296506522556887,666.0
tr_a100_t30_sl70,A,2012-12,316.8371855559619,17.974178430571154,-25.778823628275244,-28.11130594776708,16.510670925788943,0.4092216384331585,43.0,31.0,12.0,0.0,1.3234269955934166,566.0
tr_a100_t30_sl70,F,2012-12,1003.2875416610527,14.629578392013121,-33.67980204318586,-36.64425804333273,13.631329964837876,0.5560020147132632,122.0,94.0,27.0,0.0,0.9276146889276349,666.0
tr_a100_t30_sl70,B,2018-02,142.87646431315798,8.503537933137784,-27.33039444587495,-28.757175035471004,7.1144363770110575,0.671005613993666,73.0,58.0,13.5,2.0,0.49968198520844065,639.0
tr_a100_t30_sl70,F,2018-02,886.5546120420188,13.944324965206988,-31.0112062119931,-33.42696033756467,12.95341477873583,0.5527209539496742,122.0,95.0,26.0,1.0,0.8649515242517256,638.5
tr_a100_t30_sl70,B,2018-07,163.9053499670349,9.914100810612393,-31.516733803460628,-32.990389060491495,9.347027707561187,0.6724534425120721,71.0,57.0,15.0,0.0,0.6288839258864993,666.0
tr_a100_t30_sl70,F,2018-07,1008.3176190967303,14.657372861555162,-33.48872291779269,-35.94732105359177,13.780726024421636,0.554516166208809,122.0,95.0,27.0,0.0,0.9262162263318205,666.0
tr_a100_t30_sl70,B,2018-10,163.424875376489,9.883728775205247,-31.501900758200303,-33.28968648779515,9.34521518844446,0.6715153096989748,72.0,57.0,15.0,0.0,0.6260251940499901,666.0
tr_a100_t30_sl70,F,2018-10,965.8149460905984,14.418223114441142,-33.74466970156498,-35.94732105359177,13.576474568708457,0.5571481989532658,121.0,94.0,27.0,0.0,0.9154391572375151,662.0
tr_a100_t30_sl70,B,2021-02,163.6307805753056,9.896767927371652,-31.076761887578126,-31.90172454768394,9.485853548822654,0.6609133885120294,72.0,57.0,15.0,0.0,0.6256435838620106,652.0
tr_a100_t30_sl70,F,2021-02,996.9150857190937,14.594188584977474,-33.419818884521874,-35.94732105359177,13.661326733761406,0.5473069793224099,124.0,97.0,27.0,0.0,0.9139965964917569,642.0
tr_a100_t30_sl70,B,2022-05,166.11531883112374,10.052658298328543,-31.464181745982128,-32.90334500368859,9.521395530308471,0.668290347349171,72.0,57.0,15.0,0.0,0.6453420682835991,666.0
tr_a100_t30_sl70,F,2022-05,988.2180382714896,14.545524994607772,-33.68256219337713,-35.94732105359177,13.838108813297758,0.5544060687775488,122.0,95.0,27.0,0.0,0.9306550880115163,662.0
tr_a100_t30_sl70,B,2022-10,162.01485936518958,9.794223368153299,-31.59661671297527,-33.03657199606667,9.273273084864313,0.6704930262711437,72.0,57.0,15.0,0.0,0.6202064292277027,662.0
tr_a100_t30_sl70,F,2022-10,954.0305769059461,14.350199486787375,-33.53801368479081,-35.94732105359177,13.764652467562188,0.5553111042107929,121.0,94.0,27.0,0.0,0.9129737155249122,666.0
tr_a100_t30_sl70,B,2024-02,163.09183045260804,9.862668482954739,-31.423847781896708,-32.81869085981796,9.378337355256141,0.6721371970135768,72.0,57.0,15.0,0.0,0.6360667041527267,666.0
tr_a100_t30_sl70,F,2024-02,984.3779708567519,14.5239100071353,-33.419818884521874,-35.94732105359177,13.85908483152062,0.5556731662995571,122.0,95.0,27.0,0.0,0.9251587688912082,666.0
tr_a100_t30_sl70,B,2026-07,161.1986967921561,9.742077149288953,-31.423847781896708,-32.81869085981796,9.272131976863584,0.6694465372184262,64.0,52.0,12.5,0.0,0.7088505731042956,737.5
tr_a100_t30_sl70,F,2026-07,968.7806225162253,14.435278365317705,-33.419818884521874,-35.94732105359177,13.75483971712647,0.5542516329355105,114.0,90.0,24.0,0.0,0.9860878894335401,699.5
tr_a80_t30_sl70,A,,313.29398566676133,17.842445787936335,-25.795462178111727,-28.117301328253415,16.51254487181499,0.4041619449433391,43.0,31.0,12.0,0.0,1.282212279620381,545.0
tr_a80_t30_sl70|xlag1_slip,A,,296.1628293949808,17.18605054511,-27.839632887159944,-30.33325098515004,15.894777982495672,0.40541316075312633,43.0,31.0,12.0,0.0,1.2074673237241615,545.0
tr_a80_t30_sl70|q0.2|0,A,,307.6572764257444,17.630127540563954,-26.538770615604523,-28.896648907983437,16.505416021611886,0.4028600876250197,43.0,31.0,12.0,0.0,1.2321071522458023,539.5
tr_a80_t30_sl70|q0.2|1,A,,309.9257583810812,17.715921726626494,-25.957289708292112,-28.49624312502958,16.557038008367297,0.4028456991761453,43.0,31.0,12.0,0.0,1.2575796745464576,539.5
tr_a80_t30_sl70|q0.2|2,A,,309.0107947389197,17.681354708676967,-26.28294803909649,-28.84053219707005,16.519222241323565,0.40285682382976035,43.0,31.0,12.0,0.0,1.2482756192593767,539.5
tr_a80_t30_sl70,B,,167.23743103959012,10.122373381219962,-31.47368816247195,-33.3176163712817,9.26548449017659,0.675038503058771,78.0,59.0,19.0,0.0,0.5773587334994785,618.0
tr_a80_t30_sl70|xlag1_slip,B,,160.51322214982753,9.698057199509048,-31.48669496382977,-32.61989391780886,9.000391486552703,0.6734199764472357,77.0,59.0,18.0,0.0,0.5596251582561265,620.0
tr_a80_t30_sl70|q0.2|0,B,,156.624185950525,9.445302237124832,-33.15927920946088,-36.683901725083395,8.411676630258551,0.6766372005022703,75.0,56.0,19.0,0.0,0.5294399719381689,618.0
tr_a80_t30_sl70|q0.2|1,B,,157.29021905675955,9.488974076245615,-31.028566383972628,-31.89332105508107,8.70771806681376,0.6697340805410131,79.0,61.0,17.5,0.0,0.5413270495967004,613.0
tr_a80_t30_sl70|q0.2|2,B,,155.10974824360255,9.345208473110056,-31.028566383972628,-31.89332105508107,8.542744804326599,0.6699323173198596,79.0,61.0,17.0,0.0,0.5017404641636858,613.5
tr_a80_t30_sl70,F,,943.6176645031192,14.289383149417024,-36.768112114782056,-38.90231897550683,13.48909239366121,0.5428408222143098,128.0,98.0,30.0,0.0,0.843957670523134,600.75
tr_a80_t30_sl70|xlag1_slip,F,,871.2844268084652,13.848174580602457,-38.96167784565866,-41.92892790627754,12.989985504678975,0.5440696726592413,129.0,99.0,30.0,0.0,0.8016655232096281,601.0
tr_a80_t30_sl70|q0.2|0,F,,862.876385957737,13.794904212251991,-37.27264258605163,-39.6764234267043,12.836037649348823,0.5438594446613181,126.0,97.0,30.0,0.0,0.7988042229605864,601.0
tr_a80_t30_sl70|q0.2|1,F,,880.4471372063934,13.90613613411713,-36.7776247263087,-38.98610924182615,13.04939393289274,0.5460428288864817,127.0,97.5,30.0,0.0,0.807103948039025,601.0
tr_a80_t30_sl70|q0.2|2,F,,858.5681144753801,13.767135379646822,-37.205526494374055,-39.42938233076585,12.868855119929506,0.5461844835767964,127.0,97.5,30.0,0.0,0.7821499813506112,601.0
tr_a80_t30_sl70,A,2008-09,222.43079893397848,13.900355356770788,-25.672925520700197,-28.56507561970046,12.194442506169851,0.3086358473326097,32.0,24.0,8.0,0.0,1.3804581178031203,592.5
tr_a80_t30_sl70,F,2008-09,651.942915294574,12.25912980464865,-35.19611104129441,-38.6979544316235,11.528258615003073,0.4976546809900739,116.0,90.5,26.0,0.0,0.8384687720665547,613.0
tr_a80_t30_sl70,A,2012-01,264.63957942167485,15.883317430595245,-21.917283056398706,-23.32125566959905,15.804561036641864,0.40295899273274993,51.0,39.0,10.0,2.0,1.1196390450584677,530.0
tr_a80_t30_sl70,F,2012-01,807.1898842712857,13.427509462254983,-34.48101637273186,-35.42314201855718,12.938119772947603,0.5419089882650892,137.0,107.0,28.0,2.0,0.8069842172892243,600.0
tr_a80_t30_sl70,A,2012-08,312.8266792516492,17.824976836254624,-25.795462178111727,-28.117301328253415,16.56673916382522,0.40421554195008735,43.0,31.0,12.0,0.0,1.2813716457215332,545.0
tr_a80_t30_sl70,F,2012-08,953.4818340419345,14.34701530974759,-36.64963008680453,-39.38312017568262,13.37336510990188,0.5441321411927718,127.0,98.0,30.0,0.0,0.84863352151095,601.0
tr_a80_t30_sl70,A,2012-12,313.13845720719473,17.83664776605658,-25.795462178111727,-28.117301328253415,16.539673138968478,0.404185757067833,43.0,31.0,12.0,0.0,1.2829318736810968,545.0
tr_a80_t30_sl70,F,2012-12,965.305721827734,14.415339263212058,-36.458808635119354,-39.42469268753098,13.405332323445876,0.5431426111599924,127.0,98.0,30.0,0.0,0.8521526235725393,600.0
tr_a80_t30_sl70,B,2018-02,149.68101700574704,8.97945868631005,-26.431155182172915,-28.17512203594768,7.653374965778688,0.657733842399876,82.0,64.0,16.0,2.0,0.49550111080289583,615.5
tr_a80_t30_sl70,F,2018-02,812.9936532865918,13.466907979275245,-35.32456553215952,-37.58911689353999,12.495221278830863,0.5400173509903089,125.0,96.0,27.0,2.0,0.7979928994714379,600.0
tr_a80_t30_sl70,B,2018-07,167.3229317409012,10.127567627574107,-31.383347997472978,-32.982448860779975,9.042632208547827,0.6735349107120314,77.0,58.5,19.0,0.0,0.5779214448131478,615.5
tr_a80_t30_sl70,F,2018-07,965.1107768735715,14.414227827225922,-36.768112114782056,-38.90231897550683,13.33211541051756,0.5433296057464725,128.0,98.0,30.0,0.0,0.8509532552031623,600.0
tr_a80_t30_sl70,B,2018-10,169.38505279872,10.254627724146593,-31.51849532569284,-33.20719129252246,9.060991294791858,0.6736204920071822,79.0,60.0,19.0,0.0,0.5786104383900947,615.5
tr_a80_t30_sl70,F,2018-10,940.0728529136063,14.268539137403168,-36.768112114782056,-38.90231897550683,13.362077021992071,0.545617199332781,127.5,98.0,30.0,0.0,0.8541695324745793,600.5
tr_a80_t30_sl70,B,2021-02,165.37046193514945,10.006142711666454,-31.13288913255996,-31.893430968024973,9.548602815155881,0.6504980707468588,77.5,59.0,18.0,0.0,0.5840763066633694,613.0
tr_a80_t30_sl70,F,2021-02,949.0619810526078,14.321254678318363,-36.768112114782056,-38.90231897550683,13.572914029193745,0.5339066921269913,127.0,97.0,30.0,0.0,0.8471829838503124,600.0
tr_a80_t30_sl70,B,2022-05,168.8356920849685,10.220933977318037,-31.209261724249306,-31.893430968024973,9.370308448376505,0.6616413376783995,79.0,61.0,18.0,0.0,0.5993114714899379,613.0
tr_a80_t30_sl70,F,2022-05,944.7882726057001,14.29620426153776,-36.768112114782056,-38.90231897550683,13.443602583389453,0.5408293359280969,127.0,98.0,30.0,0.0,0.853382956726424,600.0
tr_a80_t30_sl70,B,2022-10,166.74746562133996,10.091984262316744,-31.36954371399725,-32.7302080509655,9.245057065254477,0.6713027579283722,79.0,60.0,19.0,0.0,0.5739961441863888,618.0
tr_a80_t30_sl70,F,2022-10,940.3572410486962,14.270211363050244,-36.768112114782056,-38.90231897550683,13.558779866197352,0.5413749633285785,127.0,98.0,30.0,0.0,0.8390016097912094,600.0
tr_a80_t30_sl70,B,2024-02,169.10587677163423,10.237516955036996,-31.483319602824757,-33.279419175140994,9.486166198157964,0.6708647632902549,79.0,60.0,19.0,0.0,0.5813207399549314,614.5
tr_a80_t30_sl70,F,2024-02,954.3532802884512,14.35203678184046,-36.768112114782056,-38.90231897550683,13.555413312688493,0.5416154532006883,128.0,99.0,29.0,0.0,0.8436466280918383,600.0
tr_a80_t30_sl70,B,2026-07,164.7362877346036,9.966395082764713,-31.47368816247195,-33.3176163712817,9.236525586851522,0.6719892178523366,70.0,54.0,16.0,0.0,0.6401232106192389,683.0
tr_a80_t30_sl70,F,2026-07,931.7472096203018,14.21927455921902,-36.768112114782056,-38.90231897550683,13.398162486885424,0.5413818099640688,120.0,93.0,27.0,0.0,0.9022042713163523,618.0
tr_a100_t25_sl70,A,,276.5712540360995,16.39205360523609,-23.96593740775172,-27.519912944078456,14.479988443364105,0.38858756009438644,45.0,32.0,13.0,0.0,1.18815334666616,551.0
tr_a100_t25_sl70|xlag1_slip,A,,264.2669599848079,15.867044283389431,-23.97978943756466,-27.532805716849445,14.202309868211206,0.3901666540993637,45.0,32.0,13.0,0.0,1.1218736884691727,558.0
tr_a100_t25_sl70|q0.2|0,A,,273.46656035420625,16.261408362507034,-24.08082821897611,-26.927895367239092,13.903817462189968,0.3904542778967416,45.0,32.0,13.0,0.0,1.1441248625847253,551.0
tr_a100_t25_sl70|q0.2|1,A,,276.6838997589996,16.39656908531204,-24.08082821897611,-26.927895367239092,14.063924193249747,0.39039726339215897,45.0,32.0,13.0,0.0,1.1755959251626407,551.0
tr_a100_t25_sl70|q0.2|2,A,,276.89391532220225,16.405342556634285,-24.08082821897611,-26.927895367239092,14.074465471394515,0.39039726339215897,45.0,32.0,13.0,0.0,1.1779735410889933,551.0
tr_a100_t25_sl70,B,,169.90577792515128,10.286418432633814,-31.402170945037106,-32.4866409239989,9.306192976629541,0.665925072642516,71.0,55.0,16.0,0.0,0.6132298723813489,636.0
tr_a100_t25_sl70|xlag1_slip,B,,163.51413982413345,9.889391584111507,-31.48142130836826,-32.74962089891157,8.898122548166986,0.6691047998712409,69.0,54.0,15.0,0.0,0.590668543402594,639.0
tr_a100_t25_sl70|q0.2|0,B,,149.20872577465,8.947107015305534,-31.913069524127447,-33.85447691488818,7.825607792083448,0.674640168737314,68.0,53.0,15.0,0.0,0.5170984435746221,642.0
tr_a100_t25_sl70|q0.2|1,B,,150.28770399444,9.02096067416136,-31.095916518668922,-32.00722814392879,8.374525123769054,0.6696842366040814,71.0,57.0,14.5,0.0,0.5558371321975977,632.5
tr_a100_t25_sl70|q0.2|2,B,,155.24159493080217,9.35405992125421,-31.095916518668922,-32.00722814392879,8.759789165027707,0.6659709800745737,72.0,57.0,15.0,0.0,0.5371558106979191,632.5
tr_a100_t25_sl70,F,,855.8559916146755,13.749845127417103,-31.34430377335834,-33.02146157455052,12.872464742588615,0.5412853110669751,120.0,93.0,28.0,0.0,0.874474130386347,604.0
tr_a100_t25_sl70|xlag1_slip,F,,793.5926896031015,13.334124974612237,-32.60176765993149,-34.583720567913126,12.507668711421093,0.5423912948806053,118.0,91.0,28.0,0.0,0.8481281384272572,605.0
tr_a100_t25_sl70|q0.2|0,F,,739.5055078306208,12.946995791605232,-31.66379513280499,-34.058533746608184,12.103363368591468,0.5463168031532839,118.0,91.0,27.0,0.0,0.8147161448622067,610.5
tr_a100_t25_sl70|q0.2|1,F,,767.5162220454266,13.15073906639046,-31.29257837559199,-33.36818137202069,11.871610797312586,0.545064537034174,118.5,92.0,27.0,0.0,0.8241762552419644,604.0
tr_a100_t25_sl70|q0.2|2,F,,789.0522929802637,13.302604462922151,-31.29257837559199,-33.36818137202069,12.113188431047552,0.5434068726207921,118.5,92.0,27.5,0.0,0.8206060441137052,604.0
tr_a100_t25_sl70,A,2008-09,188.69505216169378,12.054516674297766,-25.258237416753083,-28.45332478909483,10.405001367792591,0.2949119330335239,34.0,26.0,8.0,0.0,1.2045013100653712,589.5
tr_a100_t25_sl70,F,2008-09,576.395616121069,11.59086711671149,-31.459307207015037,-33.17797638289214,10.80638044686237,0.49489326584328863,108.0,84.0,23.0,0.0,0.855773052073168,621.0
tr_a100_t25_sl70,A,2012-01,229.26263460090087,14.243182435481827,-20.01897665602339,-21.457608326423088,14.10156397762758,0.3649886163600247,49.0,38.0,9.0,2.0,1.0975978965395614,557.0
tr_a100_t25_sl70,F,2012-01,711.4454899533931,12.735415471075207,-30.79621917291621,-32.16297301973968,12.332392272414202,0.5274169741694941,125.0,99.0,24.0,2.0,0.8511911048620902,608.5
tr_a100_t25_sl70,A,2012-08,277.2743362221944,16.42142076552148,-23.96593740775172,-27.519912944078456,14.460186713216045,0.38878072607163683,45.0,32.0,13.0,0.0,1.1879537163475145,557.0
tr_a100_t25_sl70,F,2012-08,850.7924427468561,13.717137423723202,-31.36279058028689,-33.20058671804899,12.85277072981385,0.5415326589876609,119.0,91.0,28.0,0.0,0.8782590854318195,604.0
tr_a100_t25_sl70,A,2012-12,277.57393475609643,16.433894054740293,-23.96593740775172,-27.519912944078456,14.523508209517816,0.3887166912379315,45.0,32.0,13.0,0.0,1.1847014976754506,557.0
tr_a100_t25_sl70,F,2012-12,875.5699769800123,13.875485801951681,-31.320832313440523,-33.6234441976636,12.928295593681923,0.5407109908554176,119.5,92.0,28.0,0.0,0.875500448877659,604.0
tr_a100_t25_sl70,B,2018-02,154.38273172062856,9.297003468554099,-26.62733382502895,-27.55008334015234,7.974214090542457,0.6558037747970642,76.5,61.0,14.0,2.0,0.5132777813239058,626.0
tr_a100_t25_sl70,F,2018-02,724.6052277035859,12.835620976380946,-28.54306036180279,-30.511712201848297,11.689250751855296,0.5385610189686364,120.0,92.0,26.0,2.0,0.8068803496586278,604.0
tr_a100_t25_sl70,B,2018-07,169.13014516883365,10.239007427252321,-31.191100254168337,-33.248736973570225,9.387062941578407,0.6645056543744394,71.0,55.5,15.0,0.0,0.6101104900094582,631.0
tr_a100_t25_sl70,F,2018-07,862.4680451746676,13.792295536921984,-31.321890572264305,-32.738097780482754,13.143182992402409,0.541127531397919,120.0,92.0,28.0,0.0,0.8765532552002271,604.0
tr_a100_t25_sl70,B,2018-10,169.0661815606275,10.235085575213931,-31.393364997636734,-32.57318270146624,9.426151889757524,0.665272423593221,72.0,55.5,16.0,0.0,0.609338818741203,631.0
tr_a100_t25_sl70,F,2018-10,850.6318836242614,13.716096930535693,-31.396094277118276,-33.40165899186307,12.94981808825068,0.5418770860046529,120.0,92.0,28.0,0.0,0.8713587763363422,604.0
tr_a100_t25_sl70,B,2021-02,169.08211918488493,10.23606455161823,-30.989137056239073,-31.913020290974664,9.702773556968769,0.6552638829941929,72.0,57.0,15.0,0.0,0.6235216916591162,628.5
tr_a100_t25_sl70,F,2021-02,853.7785458295576,13.736317713873348,-31.124959299391474,-32.113966652711575,12.722169298970574,0.53346326834922,120.0,92.0,27.0,0.0,0.8749554207059791,604.0
tr_a100_t25_sl70,B,2022-05,171.02967955602813,10.354882356488904,-30.999989163565562,-31.921454445356943,9.872203617673119,0.6574353749744363,73.0,58.0,15.0,0.0,0.6469608601169549,624.75
tr_a100_t25_sl70,F,2022-05,872.5014838435008,13.856105389194672,-31.299969971861636,-33.286127874325835,12.97257178950217,0.53769316531625,120.0,93.0,27.0,0.0,0.8827872350451751,603.5
tr_a100_t25_sl70,B,2022-10,170.64083094063258,10.331258324973591,-31.363913976045943,-32.29856801698583,9.446822518326673,0.6650352902149468,71.0,56.0,16.0,0.0,0.6206459248521192,631.0
tr_a100_t25_sl70,F,2022-10,855.1151855902633,13.745055891935854,-31.34604854391661,-33.00511007232275,12.854929798186584,0.539322483614226,120.0,93.0,28.0,0.0,0.8755665008979885,604.0
tr_a100_t25_sl70,B,2024-02,168.88557874901923,10.223967534296719,-31.402170945037106,-32.4866409239989,9.322316596909612,0.6659250729737614,71.0,55.0,16.0,0.0,0.6134447471253271,636.0
tr_a100_t25_sl70,F,2024-02,855.8138278721984,13.749573031420448,-31.34430377335834,-33.02146157455052,12.831232826366627,0.5412853110336227,120.0,93.0,28.0,0.0,0.874474130386347,604.0
tr_a100_t25_sl70,B,2026-07,167.42250425686498,10.133811335920416,-31.402170945037106,-32.4866409239989,9.192202199777093,0.6629959979467992,63.0,50.0,13.0,0.0,0.6842852685813621,682.0
tr_a100_t25_sl70,F,2026-07,845.3389337880723,13.681694921570475,-31.34430377335834,-33.02146157455052,12.798655085962771,0.5398210354049238,113.0,88.0,25.0,0.0,0.9320083319909331,631.0
