fam,k,cap,borrow,win,drop,final,cagr,n_trades,max_dd,avg_exposure,max_exposure,min_mr,max_debt_eq,avg_debt_eq,days_borrow,min_eq,vol,n_mc,n_tp,n_sl,n_panic,mean_log,cagr_p10,dd_p10,dd_worst,min_mr_worst,mc_any,final_min
L,0.9,0.81,0.05,A,,1238480.1818827176,0.07464264059519332,58.0,-0.16831638194917353,0.18402302596520756,0.8049701052852215,inf,0.0,0.0,0.0,0.9528471278680015,0.08356126238308423,0.0,50.0,8.0,0.0,0.7231558783380682,0.06729913317645678,-0.2189595419027296,-0.23129147030270436,inf,0.0,1106056.9424104793
L,0.9,0.81,0.05,A,2012-01,1219928.146246082,0.0730326987839357,56.0,-0.12059785206441825,0.15418686135065385,0.8144065613044136,inf,0.0,0.0,0.0,0.9528471278680015,0.07223026856158943,0.0,48.0,8.0,3.0,0.7058473402946147,0.06853197959388546,-0.12060216527913405,-0.12060318516513358,inf,0.0,1169381.5819811225
L,0.9,0.81,0.05,B,,1607562.0294217379,0.09713706325506488,125.0,-0.24265539231019417,0.4121006386053514,0.8109714731415997,inf,0.0,0.0,0.0,0.8665345543470411,0.12423560935164828,0.0,82.0,26.0,0.0,0.9874460665056259,0.08496139908939411,-0.2665474322276248,-0.2667692172283912,inf,0.0,1378261.7489589818
L,0.9,0.81,0.05,B,2024-02,1616217.0597576192,0.09769103467459428,125.0,-0.24265539231019417,0.40217764023565244,0.8109159946192699,inf,0.0,0.0,0.0,0.8665345543470411,0.12225760261370988,0.0,83.0,26.0,0.0,0.9915970163713744,0.08659569148853474,-0.2665474322276248,-0.2667692172283912,inf,0.0,1378684.554977902
L,0.9,0.81,0.05,B,2018-02,1609253.0627126526,0.09724545978789034,113.0,-0.20646614094592802,0.3971675475116731,0.8086292835504212,inf,0.0,0.0,0.0,0.8499171674331545,0.11801980005883822,0.0,72.0,24.0,2.0,0.9832929675873574,0.08722866668063115,-0.2296524224300343,-0.25040065027543335,inf,0.0,1369677.555114805
L,0.9,0.81,0.05,B,2022-05,1508179.8016549414,0.09057099268323254,122.0,-0.24284862455296213,0.39713037133155527,0.8046650555584629,inf,0.0,0.0,0.0,0.8665345543470411,0.12321412851852957,0.0,79.5,26.0,0.0,0.91937653054244,0.08044309946712688,-0.2665474322276248,-0.2667692172283912,inf,0.0,1320472.6422441206
L,0.9,0.81,0.05,B,2022-10,1489347.067948632,0.08928271015342415,120.0,-0.24265539231019417,0.384166179164387,0.8060134826911202,inf,0.0,0.0,0.0,0.8665345543470411,0.11814638782628717,0.0,79.0,26.0,0.0,0.9080718993426483,0.08055517494345336,-0.2665474322276248,-0.2667692172283912,inf,0.0,1322719.5818601851
L,0.9,0.81,0.05,F,,3327811.309541316,0.086587870215591,183.5,-0.25164679736814444,0.30056374730787006,0.8108563661721813,inf,0.0,0.0,0.0,0.9528471278680015,0.10635590932533778,0.0,133.0,34.0,0.0,1.7245350183788304,0.08124706948099839,-0.26676572999196796,-0.2698857928616948,inf,0.0,2660922.583647252
L,0.9,0.81,0.05,F,2024-02,3318063.7362202974,0.08643328343769452,184.0,-0.25164679736814444,0.29737974648124116,0.8108563661721813,inf,0.0,0.0,0.0,0.9528471278680015,0.10555537537598182,0.0,133.0,34.0,0.0,1.7243572922383437,0.08212514723823419,-0.26676572999196796,-0.2698857928616948,inf,0.0,2731259.9208417316
L,0.9,0.81,0.05,F,2012-01,3316873.0517843645,0.08641448359516601,181.0,-0.24247701103998848,0.2848246360143654,0.8144066293010089,inf,0.0,0.0,0.0,0.9528471278680015,0.1020119176405363,0.0,131.0,34.0,3.0,1.7058234084795907,0.08131358640234965,-0.26437682931828643,-0.2698853545345691,inf,0.0,2784995.1736290734
L,0.9,0.81,0.05,F,2018-02,3327997.914861139,0.08659081928111678,171.0,-0.21278260454374237,0.293739115793073,0.8102894884034633,inf,0.0,0.0,0.0,0.9528471278680015,0.10309344441938748,0.0,123.0,32.0,2.0,1.7055530562437962,0.07974725495101653,-0.23221823822573842,-0.25842727389174625,inf,0.0,2722385.905332229
L,0.9,0.81,0.05,F,2022-05,3131843.744516235,0.08339577797487674,180.5,-0.25164679736814444,0.2953860408812846,0.8089959642415064,inf,0.0,0.0,0.0,0.9528471278680015,0.105779053685943,0.0,130.0,35.0,0.0,1.6439591574635422,0.07769956463737253,-0.26676572999196796,-0.2698857928616948,inf,0.0,2642168.2242686884
L,0.9,0.81,0.05,F,2022-10,3064259.4463650268,0.08225067908350525,179.0,-0.25164679736814444,0.2894553209373662,0.8086560155156277,inf,0.0,0.0,0.0,0.9528471278680015,0.10306348627048428,0.0,129.0,34.0,0.0,1.633245807434792,0.07814794479649172,-0.26676572999196796,-0.2698857928616948,inf,0.0,2637247.2380707893
L,0.9,0.81,0.08,A,,1238480.1818827176,0.07464264059519332,58.0,-0.16831638194917353,0.18402302596520756,0.8049701052852215,inf,0.0,0.0,0.0,0.9528471278680015,0.08356126238308423,0.0,50.0,8.0,0.0,0.7231558783380682,0.06729913317645678,-0.2189595419027296,-0.23129147030270436,inf,0.0,1106056.9424104793
L,0.9,0.81,0.08,B,,1607562.0294217379,0.09713706325506488,125.0,-0.24265539231019417,0.4121006386053514,0.8109714731415997,inf,0.0,0.0,0.0,0.8665345543470411,0.12423560935164828,0.0,82.0,26.0,0.0,0.9874460665056259,0.08496139908939411,-0.2665474322276248,-0.2667692172283912,inf,0.0,1378261.7489589818
L,0.9,0.81,0.08,F,,3327811.309541316,0.086587870215591,183.5,-0.25164679736814444,0.30056374730787006,0.8108563661721813,inf,0.0,0.0,0.0,0.9528471278680015,0.10635590932533778,0.0,133.0,34.0,0.0,1.7245350183788304,0.08124706948099839,-0.26676572999196796,-0.2698857928616948,inf,0.0,2660922.583647252
L,1.0,0.9,0.05,A,,1306599.618059563,0.08037349576315211,58.0,-0.18634671466934682,0.20357609004628158,0.8935538838506615,inf,0.0,0.0,0.0,0.9418483660654972,0.09272618570879376,0.0,50.0,8.0,0.0,0.7765724733357252,0.07222402324099712,-0.24196701078311023,-0.255590758297646,inf,0.0,1155317.681334445
L,1.0,0.9,0.05,A,2012-01,1284585.5195374382,0.07855150509641795,56.0,-0.1349298090980483,0.17034691122553294,0.9025924629886377,inf,0.0,0.0,0.0,0.9418483660654972,0.08004650726956572,0.0,48.0,8.0,3.0,0.7572518426187159,0.07367218633593868,-0.13493511140715408,-0.13493636576673018,inf,0.0,1227262.749290227
L,1.0,0.9,0.05,B,,1735429.669338437,0.10506306184925918,125.0,-0.2681628433240249,0.45623584673638395,0.8986124121153556,inf,0.0,0.0,0.0,0.8455430675259639,0.1377060127212052,0.0,83.0,26.0,0.0,1.067328036035836,0.09065594620720038,-0.29488445792861356,-0.2950769347379555,inf,0.0,1462727.938665065
L,1.0,0.9,0.05,B,2024-02,1746441.4262795,0.1057218595754682,126.0,-0.2681628433240249,0.4468346634359158,0.8983963445453709,inf,0.0,0.0,0.0,0.8455430675259639,0.13581594411530912,0.0,83.0,26.0,0.0,1.0708681871459511,0.09249507175242833,-0.29488445792861356,-0.2950769347379555,inf,0.0,1449373.5843923432
L,1.0,0.9,0.05,B,2018-02,1783805.2917217002,0.10792572709224513,113.5,-0.2300227610371846,0.43889004718373753,0.8989610883265466,inf,0.0,0.0,0.0,0.8273577449039884,0.1314209186494321,0.0,73.0,24.0,2.0,1.0779064875860922,0.09692553665966967,-0.2538319443448198,-0.2852622290201754,inf,0.0,1473349.7898074898
L,1.0,0.9,0.05,B,2022-05,1621502.2688143495,0.09802847678851989,122.0,-0.26828425658595756,0.43917829109121376,0.8946226823067323,inf,0.0,0.0,0.0,0.8455430675259639,0.13679288374979992,0.0,80.0,26.0,0.0,0.9902596764004592,0.08569098899199157,-0.29488445792861356,-0.2950769347379555,inf,0.0,1388324.6031545417
L,1.0,0.9,0.05,B,2022-10,1592303.2185939245,0.09615324594949348,121.0,-0.2681628433240249,0.4250158937022219,0.8954587644040419,inf,0.0,0.0,0.0,0.8455430675259639,0.13110546210592522,0.0,79.0,26.0,0.0,0.9768174171750583,0.08659889591837795,-0.29488445792861356,-0.2950769347379555,inf,0.0,1383328.9507992389
L,1.0,0.9,0.05,F,,3826618.471385981,0.09396913078579872,184.0,-0.27701190488316346,0.3330018233732518,0.8976047541487039,inf,0.0,0.0,0.0,0.9418483660654972,0.11822700132829134,0.0,133.0,34.5,0.0,1.8580116801486994,0.0875634136966112,-0.29507266771682295,-0.29873996877551656,inf,0.0,2922695.726730326
L,1.0,0.9,0.05,F,2024-02,3853971.233698969,0.09434693883099177,184.0,-0.27701190488316346,0.3295490615149602,0.8976047541487039,inf,0.0,0.0,0.0,0.9418483660654972,0.1173118847605552,0.0,133.0,34.0,0.0,1.8588456658875188,0.08805796995775268,-0.29507266771682295,-0.29873996877551656,inf,0.0,3006708.2286130255
L,1.0,0.9,0.05,F,2012-01,3802031.5389333055,0.09362746468659022,181.5,-0.2678046754823294,0.31633707000453276,0.9025924752811054,inf,0.0,0.0,0.0,0.9418483660654972,0.11324103417896425,0.0,131.0,34.0,3.0,1.8391577539463704,0.08795835951312211,-0.29269851096431315,-0.2987394270599959,inf,0.0,3093031.9558390593
L,1.0,0.9,0.05,F,2018-02,3800936.2821878577,0.09361218067926191,171.0,-0.23522703448806603,0.3256948903714642,0.898651395318611,inf,0.0,0.0,0.0,0.9418483660654972,0.11464406980946519,0.0,122.0,32.0,2.0,1.845733822524877,0.08660860082472684,-0.2561266301610331,-0.285174050917656,inf,0.0,3047252.332620586
L,1.0,0.9,0.05,F,2022-05,3536760.986139979,0.08980006338811197,181.0,-0.27701190488316346,0.32644413769893854,0.8962337566550544,inf,0.0,0.0,0.0,0.9418483660654972,0.11709474772563236,0.0,130.0,35.0,0.0,1.7651478055299719,0.08354197643849393,-0.29507266771682295,-0.29873996877551656,inf,0.0,2910993.888243001
L,1.0,0.9,0.05,F,2022-10,3456094.628577307,0.08858183143075793,179.0,-0.27701190488316346,0.31970343807579493,0.8964367924507302,inf,0.0,0.0,0.0,0.9418483660654972,0.11419417158935014,0.0,129.0,34.0,0.0,1.7550412893215284,0.08349740056551877,-0.29507266771682295,-0.29873996877551656,inf,0.0,2899586.7080607526
L,1.0,0.9,0.08,A,,1306599.618059563,0.08037349576315211,58.0,-0.18634671466934682,0.20357609004628158,0.8935538838506615,inf,0.0,0.0,0.0,0.9418483660654972,0.09272618570879376,0.0,50.0,8.0,0.0,0.7765724733357252,0.07222402324099712,-0.24196701078311023,-0.255590758297646,inf,0.0,1155317.681334445
L,1.0,0.9,0.08,B,,1735429.669338437,0.10506306184925918,125.0,-0.2681628433240249,0.45623584673638395,0.8986124121153556,inf,0.0,0.0,0.0,0.8455430675259639,0.1377060127212052,0.0,83.0,26.0,0.0,1.067328036035836,0.09065594620720038,-0.29488445792861356,-0.2950769347379555,inf,0.0,1462727.938665065
L,1.0,0.9,0.08,F,,3826618.471385981,0.09396913078579872,184.0,-0.27701190488316346,0.3330018233732518,0.8976047541487039,inf,0.0,0.0,0.0,0.9418483660654972,0.11822700132829134,0.0,133.0,34.5,0.0,1.8580116801486994,0.0875634136966112,-0.29507266771682295,-0.29873996877551656,inf,0.0,2922695.726730326
L,1.05,0.945,0.05,A,,1326426.3649560928,0.08199089018473393,58.0,-0.19613890251395655,0.21593916112669675,0.9429769870158056,inf,0.0,0.0,0.0,0.9363494231193613,0.09749225117785058,0.0,50.0,8.0,0.0,0.8036134326358966,0.07476849902904134,-0.2533262059159224,-0.2686841335076733,inf,0.0,1179397.3277203972
L,1.05,0.945,0.05,A,2012-01,1317601.4003174463,0.08127372169674396,56.0,-0.14205866838926612,0.17836836489583552,0.9465199604297824,inf,0.0,0.0,0.0,0.9363494231193613,0.08394477573548906,0.0,48.0,8.0,3.0,0.7825183854367573,0.07621189014502705,-0.14206450176858576,-0.14206588209058613,inf,0.0,1256802.5690603931
L,1.05,0.945,0.05,B,,1800407.0416767392,0.10889126870518095,125.0,-0.28074540637035644,0.47690336744869366,0.9419636589875182,inf,0.0,0.0,0.0,0.8350101708790203,0.14472709911181225,0.0,83.0,26.0,0.0,1.1071843373583945,0.09440391323946744,-0.30888205427228704,-0.3090567943758519,inf,0.0,1509085.322923599
L,1.05,0.945,0.05,B,2024-02,1821559.5460076754,0.11010998867985955,126.0,-0.28074540637035644,0.46847084770234504,0.9415180900837875,inf,0.0,0.0,0.0,0.8350101708790203,0.14342173168877445,0.0,83.0,26.0,0.0,1.1111367877250884,0.09662509980412119,-0.30888205427228704,-0.3090567943758519,inf,0.0,1483529.357831334
L,1.05,0.945,0.05,B,2018-02,1845155.6385633065,0.11145539460330378,113.0,-0.24188290988225303,0.4612658201052023,0.9433904676465861,inf,0.0,0.0,0.0,0.8160621283736638,0.13812217457530404,0.0,73.0,24.0,2.0,1.1153274794461763,0.10062503935805531,-0.2676073983104791,-0.29828531252756785,inf,0.0,1521472.2384725076
L,1.05,0.945,0.05,B,2022-05,1681192.7277809794,0.10176862960258637,122.0,-0.2808253726067658,0.4601127234387349,0.9382039235011463,inf,0.0,0.0,0.0,0.8350101708790203,0.14366045915843645,0.0,80.0,26.0,0.0,1.02582490091463,0.08878410838892954,-0.30888205427228704,-0.3090567943758519,inf,0.0,1429580.978090937
L,1.05,0.945,0.05,B,2022-10,1649842.723808543,0.09981955659033848,121.0,-0.28074540637035644,0.44553538751172284,0.9384586930017174,inf,0.0,0.0,0.0,0.8350101708790203,0.1376128645677764,0.0,79.0,26.0,0.0,1.0117160908068077,0.08978508073635556,-0.30888205427228704,-0.3090567943758519,inf,0.0,1423989.286287837
L,1.05,0.945,0.05,F,,4086418.4077876424,0.09745797279749402,184.0,-0.29013328306411074,0.34951398608020473,0.9437460763605956,inf,0.0,0.0,0.0,0.9363494231193613,0.12423742531079406,0.0,133.0,34.0,0.0,1.9237458096314701,0.09038155580209824,-0.30905211086825246,-0.31300522160607136,inf,0.0,3391350.2036072128
L,1.05,0.945,0.05,F,2024-02,4123242.530357427,0.09793539099266635,184.0,-0.29013328306411074,0.3457109269838372,0.943530320697989,inf,0.0,0.0,0.0,0.9363494231193613,0.12330580567416208,0.0,133.5,34.0,0.0,1.9265276215707143,0.09121774752131069,-0.30905211086825246,-0.31300522160607136,inf,0.0,3469252.0255099176
L,1.05,0.945,0.05,F,2012-01,4061637.63703168,0.09713456923180508,182.0,-0.28069646650888436,0.3312671450536513,0.9465199724676381,inf,0.0,0.0,0.0,0.9363494231193613,0.11880111629468128,0.0,131.0,34.0,3.0,1.9056263550812553,0.09132724289361445,-0.306703093557723,-0.3130046240801415,inf,0.0,3271565.445082305
L,1.05,0.945,0.05,F,2018-02,4069851.2035513683,0.09724199433780067,171.0,-0.24670766294220375,0.34184309574315164,0.9440594805847844,inf,0.0,0.0,0.0,0.9363494231193613,0.12037240767770063,0.0,122.0,32.0,2.0,1.9139454673139356,0.09123433253426205,-0.26871755993153956,-0.2983331278131761,inf,0.0,3224535.869635312
L,1.05,0.945,0.05,F,2022-05,3750237.4033339815,0.09290041944054117,181.0,-0.29013328306411074,0.342783873325021,0.9433525398189743,inf,0.0,0.0,0.0,0.9363494231193613,0.12303020896307887,0.0,131.0,35.0,0.0,1.8269983966416699,0.08677164569674219,-0.30905211086825246,-0.31300522160607136,inf,0.0,3073179.514501755
L,1.05,0.945,0.05,F,2022-10,3675734.7468994483,0.09183785644824582,180.0,-0.29013328306411074,0.3351864483619924,0.9433231628035785,inf,0.0,0.0,0.0,0.9363494231193613,0.11988550781844465,0.0,129.0,34.0,0.0,1.816737834300174,0.08649661822590915,-0.30905211086825246,-0.31300522160607136,inf,0.0,3059174.6800374324
L,1.05,0.945,0.08,A,,1326426.3649560928,0.08199089018473393,58.0,-0.19613890251395655,0.21593916112669675,0.9429769870158056,inf,0.0,0.0,0.0,0.9363494231193613,0.09749225117785058,0.0,50.0,8.0,0.0,0.8036134326358966,0.07476849902904134,-0.2533262059159224,-0.2686841335076733,inf,0.0,1179397.3277203972
L,1.05,0.945,0.08,B,,1800407.0416767392,0.10889126870518095,125.0,-0.28074540637035644,0.47690336744869366,0.9419636589875182,inf,0.0,0.0,0.0,0.8350101708790203,0.14472709911181225,0.0,83.0,26.0,0.0,1.1071843373583945,0.09440391323946744,-0.30888205427228704,-0.3090567943758519,inf,0.0,1509085.322923599
L,1.05,0.945,0.08,F,,4086418.4077876424,0.09745797279749402,184.0,-0.29013328306411074,0.34951398608020473,0.9437460763605956,inf,0.0,0.0,0.0,0.9363494231193613,0.12423742531079406,0.0,133.0,34.0,0.0,1.9237458096314701,0.09038155580209824,-0.30905211086825246,-0.31300522160607136,inf,0.0,3391350.2036072128
L,1.1,0.99,0.05,A,,1360863.1418342737,0.08474913390067462,58.0,-0.2049619135898425,0.2257152206314017,0.9872081244326916,inf,0.0,0.0,0.0,0.9308507721341729,0.10198273301923375,0.0,50.0,8.0,0.0,0.8295163361061297,0.0772003885073754,-0.26455717097350867,-0.28058670759857574,inf,0.0,1204476.3833954597
L,1.1,0.99,0.05,A,2012-01,1351077.8966726533,0.08397189556315354,56.0,-0.14916297676492296,0.1863557775271535,0.9903380572454183,inf,0.0,0.0,0.0,0.9308507721341729,0.0878373772707636,0.0,48.0,8.0,3.0,0.8075038241994525,0.078731861289783,-0.14916936535392047,-0.14917087741139312,inf,0.0,1286744.2534108514
L,1.1,0.99,0.05,B,,1882749.48686844,0.1135654787230137,125.0,-0.2932798626707208,0.49748996889547115,0.9875467849231031,inf,0.0,0.0,0.0,0.8244524892256375,0.1519266504224337,0.0,82.0,26.0,0.0,1.1464024765519802,0.098207561282647,-0.3227674199636746,-0.32292247351740255,inf,0.0,1556418.6609420073
L,1.1,0.99,0.05,B,2024-02,1887667.367765664,0.11383930893318872,125.5,-0.29327193473414825,0.4904484365561359,0.9845839600085127,inf,0.0,0.0,0.0,0.8244524892256375,0.15076404824884815,0.0,83.0,26.0,0.0,1.149752209361509,0.09998957311514337,-0.3227674199636746,-0.32292247351740255,inf,0.0,1528908.2081612402
L,1.1,0.99,0.05,B,2018-02,1920139.457781774,0.11562778046438582,113.0,-0.25419180647927153,0.48287043287978887,0.9896398952343688,inf,0.0,0.0,0.0,0.8047559384067701,0.14543468482009758,0.0,73.0,24.0,2.0,1.1565190851693268,0.10370667723907494,-0.28169644079405426,-0.3111585752280578,inf,0.0,1570746.4638912661
L,1.1,0.99,0.05,B,2022-05,1742506.4867855127,0.10548727152925663,122.0,-0.2932798626707208,0.4804490480064786,0.9863154471666733,inf,0.0,0.0,0.0,0.8244524892256375,0.15028975012317736,0.0,80.0,26.0,0.0,1.0619759914584042,0.09191020388188831,-0.3227674199636746,-0.32292247351740255,inf,0.0,1471671.8569116388
L,1.1,0.99,0.05,B,2022-10,1709623.9725689865,0.10350798201829137,121.0,-0.29327193473414825,0.46574682492795005,0.9863978686066974,inf,0.0,0.0,0.0,0.8244524892256375,0.1441592628186681,0.0,79.0,26.0,0.0,1.0462755274135493,0.09295050495346402,-0.3227674199636746,-0.32292247351740255,inf,0.0,1465445.3891162493
L,1.1,0.99,0.05,F,,4358674.779853818,0.10089458370056403,184.0,-0.30314871811986743,0.3655407882203916,0.9878228479604605,inf,0.0,0.0,0.0,0.9308507721341729,0.13012819983091184,0.0,133.0,34.0,0.0,1.9906371834316108,0.09315453975058625,-0.32291735613061207,-0.32716408830360577,inf,0.0,3592366.4224161785
L,1.1,0.99,0.05,F,2024-02,4400106.727960173,0.10139956990370835,184.0,-0.30314871811986743,0.36264523956647005,0.9877645290673616,inf,0.0,0.0,0.0,0.9308507721341729,0.12947922331912975,0.0,133.5,34.0,0.0,1.992595554408134,0.09397524623259057,-0.32291735613061207,-0.32716408830360577,inf,0.0,3677561.1771878474
L,1.1,0.99,0.05,F,2012-01,4330745.702093443,0.1005517114231883,181.0,-0.29324418624518245,0.34662612364584544,0.9903380579149421,inf,0.0,0.0,0.0,0.9308507721341729,0.1247450215075463,0.0,131.0,34.0,3.0,1.9700447368105045,0.09457481290249639,-0.32060496123533105,-0.3271634322246767,inf,0.0,3464269.6053765165
L,1.1,0.99,0.05,F,2018-02,4362466.686443359,0.10094109135612916,171.5,-0.2590134259227183,0.35760020668699455,0.9896399102253566,inf,0.0,0.0,0.0,0.9308507721341729,0.12628458926740516,0.0,122.5,32.0,2.0,1.9851369959107086,0.09455449342405646,-0.2780941568086048,-0.31135488147803014,inf,0.0,3540881.854422013
L,1.1,0.99,0.05,F,2022-05,3988443.9300986594,0.09616770082482462,181.0,-0.30314871811986743,0.3580588348863636,0.9879516283482997,inf,0.0,0.0,0.0,0.9308507721341729,0.12879259460967155,0.0,130.5,35.0,0.0,1.889568712149412,0.08973875118985383,-0.32291735613061207,-0.32716408830360577,inf,0.0,3242711.794878991
L,1.1,0.99,0.05,F,2022-10,3901449.2380911633,0.09499652884857057,180.0,-0.30314871811986743,0.3501424131302783,0.9877797745276664,inf,0.0,0.0,0.0,0.9308507721341729,0.12561814449522993,0.0,129.0,34.0,0.0,1.8770331914082683,0.0894701801642996,-0.32291735613061207,-0.32716408830360577,inf,0.0,3225791.533306621
L,1.1,0.99,0.08,A,,1360863.1418342737,0.08474913390067462,58.0,-0.2049619135898425,0.2257152206314017,0.9872081244326916,inf,0.0,0.0,0.0,0.9308507721341729,0.10198273301923375,0.0,50.0,8.0,0.0,0.8295163361061297,0.0772003885073754,-0.26455717097350867,-0.28058670759857574,inf,0.0,1204476.3833954597
L,1.1,0.99,0.08,B,,1882749.48686844,0.1135654787230137,125.0,-0.2932798626707208,0.49748996889547115,0.9875467849231031,inf,0.0,0.0,0.0,0.8244524892256375,0.1519266504224337,0.0,82.0,26.0,0.0,1.1464024765519802,0.098207561282647,-0.3227674199636746,-0.32292247351740255,inf,0.0,1556418.6609420073
L,1.1,0.99,0.08,F,,4358674.779853818,0.10089458370056403,184.0,-0.30314871811986743,0.3655407882203916,0.9878228479604605,inf,0.0,0.0,0.0,0.9308507721341729,0.13012819983091184,0.0,133.0,34.0,0.0,1.9906371834316108,0.09315453975058625,-0.32291735613061207,-0.32716408830360577,inf,0.0,3592366.4224161785
L,1.15,1.035,0.05,A,,1400029.9889305444,0.087810775026405,58.0,-0.21384299191582817,0.2356549190309043,1.0350998099026136,29.49019227833095,0.035099809902613535,0.0005995072099006245,0.03104575163398693,0.9253524131030849,0.10661639081396919,0.0,50.5,8.0,0.0,0.8543587112137405,0.07959958050288996,-0.2758551276410124,-0.2924866193730201,26.434894487305655,0.0,1229707.7745511762
L,1.15,1.035,0.05,A,2012-01,1401328.87366745,0.08791113794538219,58.0,-0.15067166455005582,0.1994083563785941,1.008048124658416,125.25254856785531,0.008048124658416098,7.24951355546935e-05,0.00980392156862745,0.9253524131030849,0.09105893990231084,0.0,50.0,8.0,3.0,0.8354217165729942,0.08249679752351706,-0.16171406753665135,-0.16171914888223493,124.01312265076797,0.0,1327430.1213064773
L,1.15,1.035,0.05,B,,1950920.8983859608,0.11729627703780932,125.0,-0.3063738082327201,0.5199786424809646,1.0388047027146174,26.770255271272404,0.03880470271461744,0.0011940453679350935,0.05437306501547988,0.8138532428473415,0.1588789794400999,0.0,82.0,26.0,0.0,1.1847556709877745,0.10151394988707241,-0.3365418161664483,-0.33670846786183495,24.2744939043697,0.0,1604292.2526283846
L,1.15,1.035,0.05,B,2024-02,1966477.0078286722,0.11813281074007154,126.0,-0.3058080081161778,0.5117963827612926,1.035278149967373,29.346707981246027,0.035278149967372996,0.0010132821330639372,0.04818111455108359,0.8138532428473415,0.1577147888275995,0.0,83.0,26.0,0.0,1.1880115864635186,0.10330745688768365,-0.3365418161664483,-0.33670846786183495,24.125784025385105,0.0,1574875.9149271469
L,1.15,1.035,0.05,B,2018-02,2004438.4417178053,0.12014571636090532,113.0,-0.2651787728322709,0.5043616157179017,1.040255270822267,25.84150002640145,0.04025527082226696,0.0023949450791227083,0.09713622291021672,0.7999185913402804,0.15234653772590773,0.0,72.0,24.0,2.0,1.196551400129153,0.10727069229459116,-0.2986416944314453,-0.32403633171099067,22.700266400076398,0.0,1618830.8802221073
L,1.15,1.035,0.05,B,2022-05,1805016.5918598901,0.10915838095009966,122.0,-0.30581158428225463,0.5026009004409866,1.0395382058069096,26.291992380476998,0.0395382058069097,0.0012337220679366333,0.058243034055727554,0.8138532428473415,0.15743491317504887,0.0,80.0,26.0,0.0,1.0964515137847628,0.09496583448594498,-0.3365418161664483,-0.33670846786183495,23.726011798684613,0.0,1514008.459638407
L,1.15,1.035,0.05,B,2022-10,1771814.8907736656,0.1072229843175545,121.0,-0.3058080081161778,0.48654609390648185,1.0354168802028778,29.235130168626767,0.03541688020287793,0.0011189889422960238,0.05030959752321981,0.8138532428473415,0.15093290774532878,0.0,79.0,26.0,0.0,1.0813629922758952,0.09608592671414021,-0.3365418161664483,-0.33670846786183495,24.965718599148822,0.0,1507172.5019060024
L,1.15,1.035,0.05,F,,4645395.321253562,0.10429967463427925,184.0,-0.3194285627180099,0.3819622706454805,1.0377521236397906,27.488616264272455,0.03775212363979075,0.0010230650289869453,0.04498304408537802,0.9253524131030849,0.13611919615542373,0.0,133.0,34.0,0.0,2.0535422991761623,0.09619300249229616,-0.33670291606000147,-0.34121767721670404,24.544932738548955,0.0,3800897.2085451516
L,1.15,1.035,0.05,F,2024-02,4686517.374560364,0.10477138072298531,184.0,-0.31625640969877067,0.37815118695555044,1.0364193777602573,28.457956367797646,0.03641937776025754,0.0008193654021559011,0.03959704767604229,0.9253524131030849,0.13524892399451977,0.0,133.5,34.0,0.0,2.05779465818073,0.0970639265268762,-0.33670291606000147,-0.34121767721670404,24.64368147560216,0.0,3920526.4699164503
L,1.15,1.035,0.05,F,2012-01,4633631.42592078,0.10416400314168439,183.0,-0.3065223337956087,0.36411396566821497,1.0392443100229853,26.481401217169598,0.03924431002298537,0.0007772241010815949,0.037003790145621385,0.9253524131030849,0.13105474112068566,0.0,132.5,35.0,3.0,2.036274191516191,0.0984103956384966,-0.3344353869261818,-0.3412169598438418,23.376740603461016,0.0,3713021.71884241
L,1.15,1.035,0.05,F,2018-02,4641740.365147494,0.10425753213150568,172.0,-0.2717390330125245,0.375017858825084,1.0400690772469598,25.95690114942344,0.040069077246959836,0.0014937676394712147,0.06343506882106523,0.9253524131030849,0.13177074626390767,0.0,122.0,32.0,2.0,2.050505717545341,0.0977291187563329,-0.29103009414916536,-0.32466076687598855,23.741878898044888,0.0,3894002.6388405464
L,1.15,1.035,0.05,F,2022-05,4221712.5174643155,0.099192214404904,181.0,-0.31625640969877067,0.37389894272383556,1.0367091001051256,28.24128886455665,0.03670910010512546,0.000900422094392711,0.04258926790345103,0.9253524131030849,0.13511518267101244,0.0,131.0,35.0,0.0,1.9494743149314533,0.09266450591203604,-0.33670291606000147,-0.34121767721670404,24.265761240449727,0.0,3418040.7741993973
L,1.15,1.035,0.05,F,2022-10,4126933.7688536015,0.09798306556458447,180.0,-0.31625640969877067,0.3666903499323506,1.0360106590161657,28.769577716382948,0.036010659016165604,0.0007671744073722253,0.03710353081986834,0.9253524131030849,0.13149523925367407,0.0,129.0,34.0,0.0,1.9368261020802389,0.09209904227726914,-0.33670291606000147,-0.34121767721670404,24.091308050977414,0.0,3398298.591887768
L,1.15,1.035,0.08,A,,1399871.3469547965,0.08779853041934305,58.0,-0.21397923469794783,0.23567420566538164,1.0351535911067793,29.446615467239354,0.035153591106779306,0.0006022189861433312,0.03104575163398693,0.9253524131030849,0.106624256144697,0.0,50.5,8.0,0.0,0.8542215338802673,0.0795857933440709,-0.27602259703199505,-0.29259543114823217,26.343273220772392,0.0,1229582.7087448281
L,1.15,1.035,0.08,B,,1950077.8800996793,0.11725082021794142,125.0,-0.306593153521375,0.52002460537578,1.0389480655635677,26.675762302581234,0.038948065563567724,0.0011981570559405849,0.05437306501547988,0.8138379624536969,0.15888883660157732,0.0,82.0,26.0,0.0,1.1844460272077044,0.10146549963762111,-0.3365418161664483,-0.33673869731921524,24.14141947944523,0.0,1603884.0892245667
L,1.15,1.035,0.08,F,,4643319.034529215,0.1042757542232321,184.0,-0.31976407802028184,0.38198136112477954,1.0377735544257194,27.473598385007165,0.03777355442571939,0.001027893917500235,0.04498304408537802,0.9253524131030849,0.13612859929755444,0.0,133.0,34.0,0.0,2.0531072174042784,0.09617875210353528,-0.33673316065846376,-0.34121767721670393,24.45762519584796,0.0,3798797.36270794
L,1.2,1.08,0.05,A,,1435572.5370562451,0.09052312291591758,59.0,-0.22277636542478935,0.2456032893261077,1.0845863297225193,12.822245080011802,0.08458632972251931,0.002292353204867332,0.05024509803921569,0.9198543460192504,0.11135712016228555,0.0,50.5,8.0,0.0,0.8804300822584026,0.08199679247510576,-0.2873072655367029,-0.3045790136399259,11.847360309298498,0.0,1254792.8406535117
L,1.2,1.08,0.05,A,2012-01,1436270.6356156818,0.09057595268188257,58.0,-0.1576499402078093,0.20744049156271338,1.0567358922873298,18.625526975686924,0.05673589228732985,0.001009605102625406,0.024918300653594773,0.9198543460192504,0.09491346324950145,0.0,50.0,8.0,3.0,0.8597114558742109,0.08499043582232284,-0.16914890488005419,-0.16915442627790522,18.466079160260247,0.0,1358246.1766909554
L,1.2,1.08,0.05,B,,2069824.7401435305,0.12353298189730466,125.0,-0.3191002520211531,0.5411222581624333,1.0921891980117993,11.847340031879595,0.09218919801179914,0.005862846872030574,0.13293343653250772,0.8029461846323365,0.16596931978043866,0.0,82.0,26.0,0.0,1.2223164917587594,0.10551366149541064,-0.35044240237683427,-0.350732647675027,10.758515737426029,0.0,1651764.3711225914
L,1.2,1.08,0.05,B,2024-02,2039339.8502970838,0.1219659451356716,125.0,-0.3184498536822895,0.534577712003632,1.0866297623521817,12.543543306491259,0.08662976235218159,0.005031805815385501,0.11339009287925697,0.8029461846323365,0.16446139917017316,0.0,83.0,26.0,0.0,1.2237459497715537,0.10760135929532,-0.35044240237683427,-0.350732647675027,11.059849581952161,0.0,1620394.0152423123
L,1.2,1.08,0.05,B,2018-02,2079624.3872423111,0.12403225240195448,111.5,-0.27659896176487025,0.5244027585213413,1.086031016322687,12.62394604897684,0.0860310163226869,0.007557095932827388,0.1538312693498452,0.7884809578942603,0.1590008331469166,0.0,71.0,24.0,2.0,1.2297314080031743,0.11089882211925203,-0.3109381205034786,-0.3373750841752827,10.217264961389423,0.0,1656625.12425732
L,1.2,1.08,0.05,B,2022-05,1867222.9182934784,0.11269903707746864,122.0,-0.31845381458499644,0.5235508281674804,1.0925632309906934,11.803434909963908,0.09256323099069327,0.005769224539731214,0.1226780185758514,0.8029461846323365,0.16435020556299082,0.0,79.0,26.0,0.0,1.1287848879127207,0.09791159215363165,-0.35044240237683427,-0.350732647675027,10.83972801418938,0.0,1555530.1029223253
L,1.2,1.08,0.05,B,2022-10,1830474.436087405,0.1106205283187136,121.0,-0.3184498536822895,0.5062742612913425,1.0871870196021558,12.46959940279553,0.08718701960215579,0.005574155186151812,0.11880804953560371,0.8029461846323365,0.15756443294821834,0.0,78.0,26.0,0.0,1.1124900711111618,0.09910870481861918,-0.35044240237683427,-0.350732647675027,11.2458577436413,0.0,1547923.0626040532
L,1.2,1.08,0.05,F,,4983124.656284833,0.10806286354947992,184.0,-0.3327145255130216,0.3977455550979465,1.0916911995750067,11.906185971813734,0.09169119957500668,0.004329539849980675,0.09385597446638738,0.9198543460192504,0.1425982089439216,0.0,133.0,34.0,0.0,2.118460073324644,0.09975975769663281,-0.3507267035534986,-0.3554048661449545,11.100771808386828,0.0,4012963.9768844247
L,1.2,1.08,0.05,F,2024-02,5021317.4976618495,0.10847302031866035,184.0,-0.32946603606453084,0.3943146205444024,1.0897691492973678,12.139695408330887,0.08976914929736785,0.0037368989096157883,0.08448035108717336,0.9198543460192504,0.14142950790494024,0.0,133.0,34.0,0.0,2.1214909230689307,0.10078845538012486,-0.3507267035534986,-0.3554048661449545,11.100771808386828,0.0,4144656.59470918
L,1.2,1.08,0.05,F,2012-01,4925959.414267855,0.10744327151491861,183.0,-0.320359137410494,0.3794803264109084,1.0939640679123488,11.642366779389224,0.09396406791234875,0.003790332277330395,0.08487931378416119,0.9198543460192504,0.13658669527849215,0.0,132.5,35.0,3.0,2.0971939073813934,0.10098541072715816,-0.3485073114591253,-0.3554040846645967,10.40205723312963,0.0,3911212.6263234024
L,1.2,1.08,0.05,F,2018-02,4910092.379789389,0.10727011241722972,171.0,-0.2821357077396377,0.38949264013866414,1.0876156161465858,12.413492913202182,0.08761561614658575,0.00487317432781441,0.09984041492120488,0.9198543460192504,0.13731238690344894,0.0,122.0,32.0,2.0,2.1076417142340675,0.10055692197408136,-0.30470532465936234,-0.33824538625781964,10.39011609421335,0.0,4127003.9616450653
L,1.2,1.08,0.05,F,2022-05,4491386.645456274,0.10249604749573105,181.0,-0.32946603606453084,0.38951413321852624,1.0886671037405278,12.278139910524164,0.08866710374052769,0.004093238029973497,0.0890684221025334,0.9198543460192504,0.14126058737152483,0.0,131.0,35.0,0.0,2.0091109628019836,0.0956052974676939,-0.3507267035534986,-0.3554048661449545,10.852706236901799,0.0,3568827.9901283905
L,1.2,1.08,0.05,F,2022-10,4372715.036352265,0.10106627590151407,180.0,-0.32946603606453084,0.3821108145463445,1.0885842245226227,12.288697837681504,0.08858422452262268,0.0037968048212646357,0.0836824256931977,0.9198543460192504,0.1372670264878934,0.0,129.0,34.0,0.0,1.995878759215057,0.0950760448931447,-0.3507267035534986,-0.3554048661449545,11.026490718696305,0.0,3573458.6209960594
L,1.2,1.08,0.08,A,,1434834.984813693,0.0904674880168087,58.0,-0.22317898128606412,0.24554919659682475,1.0848054639968354,12.791696466552395,0.0848054639968353,0.002286400136661295,0.05024509803921569,0.9198543460192504,0.11133467194207275,0.0,50.5,8.0,0.0,0.87963165888154,0.08194328156902024,-0.2878390375381874,-0.30508375131205145,12.147861998578277,0.0,1254135.9295828769
L,1.2,1.08,0.08,B,,2067050.1270187858,0.1233912636532647,125.0,-0.3197964762877124,0.5413111727902642,1.092982567301923,11.754800960766907,0.09298256730192285,0.005899589948232883,0.13293343653250772,0.8026557813373911,0.16602219937163673,0.0,82.0,26.0,0.0,1.2208915479469848,0.10538389646703616,-0.3506596456237852,-0.35111603511375633,10.697875886682437,0.0,1649659.2962648117
L,1.2,1.08,0.08,F,,4964364.10802074,0.10786028660142832,184.0,-0.3336409772113907,0.3975253046236171,1.0925907469148481,11.80029099202121,0.09259074691484823,0.004289911087843722,0.09385597446638738,0.9198543460192504,0.1423765537828061,0.0,133.0,34.0,0.0,2.116220709613682,0.09961503335038072,-0.3511101756269721,-0.3556238276249766,11.023523069078292,0.0,4004385.6858203337
L,1.3,1.17,0.05,A,,1506219.1094151014,0.09573947782217551,59.0,-0.24056959391544142,0.2652193263606002,1.187801920048908,6.324767823176117,0.187801920048908,0.008568955368805697,0.08496732026143791,0.9088590876659539,0.12076272832394154,0.0,50.5,8.0,0.0,0.9288820258824331,0.08664681462533283,-0.31024140301976944,-0.3287782983123464,6.015925716594106,0.0,1304538.0480790895
L,1.3,1.17,0.05,A,2012-01,1507158.5336120727,0.09580743281089721,58.0,-0.1718176560146384,0.22340740909362533,1.1557754573181267,7.41949648048721,0.1557754573181267,0.0040653786424029855,0.04125816993464052,0.9088590876659539,0.10262548607051983,0.0,50.0,8.0,3.0,0.9072445224260346,0.08989123551823977,-0.1842241311771342,-0.1842305845224057,7.357030247657295,0.0,1420632.0247351434
L,1.3,1.17,0.05,B,,2171928.2140933815,0.12863350046123667,125.0,-0.34865128280588414,0.5848155080362589,1.2051646477671065,5.874138848351132,0.20516464776710663,0.022786469644218488,0.21323529411764705,0.7806936306570398,0.18074728052379072,0.0,82.0,26.0,0.0,1.28932244870492,0.11181269383403518,-0.3787143655070763,-0.37904781180852376,5.390770357578376,0.0,1742156.5664404354
L,1.3,1.17,0.05,B,2024-02,2185494.9178909245,0.12929459130389043,125.0,-0.3452770011473449,0.5788427356028654,1.1990394618414149,6.024132153886684,0.19903946184141474,0.01988723614789164,0.1983359133126935,0.7806936306570398,0.17878745318795286,0.0,83.0,26.0,0.0,1.2953427222066416,0.11382333101357119,-0.3787143655070763,-0.37904781180852376,5.423038741269577,0.0,1708829.7084252879
L,1.3,1.17,0.05,B,2018-02,2262541.441033275,0.13298105370596613,112.0,-0.29823282270401297,0.5659240975367827,1.2067276119406638,5.837298500594516,0.2067276119406638,0.024583413917536684,0.1923374613003096,0.7655296663605964,0.1724806615183176,0.0,71.0,24.0,2.0,1.3054987659943749,0.11775992814995302,-0.33313746190334914,-0.3638600272694992,5.318508515187701,0.0,1754781.061041318
L,1.3,1.17,0.05,B,2022-05,1993711.3295221492,0.11958054374834715,122.0,-0.34372059918187897,0.5646958485334701,1.1991771570065755,6.0206663595142,0.19917715700657526,0.02079294281780507,0.1969814241486068,0.7806936306570398,0.1788291708812012,0.0,79.0,26.0,0.0,1.1936648310592202,0.10553507390428385,-0.3787143655070763,-0.37904781180852376,5.515231557095821,0.0,1623296.2041004247
L,1.3,1.17,0.05,B,2022-10,1950576.7029729518,0.11727943871469593,121.0,-0.3437159245173536,0.5471005175808723,1.1980035905941397,6.050417602793944,0.1980035905941397,0.019234706525558212,0.17414860681114552,0.7806936306570398,0.17094824389079666,0.0,78.0,26.0,0.0,1.1768073999162991,0.10470450730881783,-0.3787143655070763,-0.37904781180852376,5.541764022685013,0.0,1627221.1138864711
L,1.3,1.17,0.05,F,,5601449.092728383,0.11436264509143024,183.5,-0.3564623991519587,0.42894731650555157,1.2007775029431338,5.980639050915919,0.20077750294313382,0.0160180888939168,0.15140634350688212,0.9088590876659539,0.15485320629332278,0.0,133.0,34.0,0.0,2.2375282361578486,0.10557074154707513,-0.3790409074345114,-0.38425776759956176,5.246785597726952,0.0,4490267.007364994
L,1.3,1.17,0.05,F,2024-02,5663353.449395343,0.11495710126990821,184.0,-0.3531335050000357,0.4248778736827987,1.199180489632393,6.020582526385423,0.199180489632393,0.014432931381953715,0.14582086574905245,0.9088590876659539,0.15366995944494494,0.0,133.0,34.0,0.0,2.2422800619968575,0.10619854107325757,-0.3790409074345114,-0.38425776759956176,5.564750888773531,0.0,4611918.802084243
L,1.3,1.17,0.05,F,2012-01,5551388.881399216,0.11387848501202003,183.0,-0.35105426242062426,0.4097610686767179,1.2079879941109222,5.807970043108046,0.20798799411092223,0.014056959458439091,0.12776780371035307,0.9088590876659539,0.14829485533790537,0.0,132.0,35.0,3.0,2.2164263670815907,0.1070110081753688,-0.3769773375678335,-0.38425684944728766,5.403780838545089,0.0,4339307.283117843
L,1.3,1.17,0.05,F,2018-02,5583432.249245465,0.11418923363339495,171.0,-0.3097459731468229,0.42013614218353057,1.204144201866701,5.8985163616088006,0.20414420186670112,0.01668542148299252,0.14163175743068024,0.9088590876659539,0.14947394532157768,0.0,122.0,32.0,2.0,2.229915950767858,0.10712115379690287,-0.33604708973685066,-0.35984026424386995,5.193943835982529,0.0,4526201.585363308
L,1.3,1.17,0.05,F,2022-05,5024027.068528903,0.10850136432998203,181.0,-0.3531335050000357,0.42027136046338176,1.198520290502263,6.037284815164686,0.19852029050226283,0.015039779944949268,0.144524236983842,0.9088590876659539,0.15293440447398354,0.0,130.0,35.0,0.0,2.123154414851799,0.10088643489054869,-0.3790409074345114,-0.38425776759956176,5.507495871835801,0.0,3932967.8929562652
L,1.3,1.17,0.05,F,2022-10,4903206.196344743,0.107194750456296,180.0,-0.3531335050000357,0.4126221745415015,1.1958712918756622,6.1053946803498995,0.19587129187566243,0.014148609459233002,0.13175743068023138,0.9088590876659539,0.148836213839951,0.0,129.0,34.0,0.0,2.107100664914148,0.10047241202636717,-0.3790409074345114,-0.38425776759956176,5.557045398291197,0.0,3935984.8111551455
L,1.3,1.17,0.08,A,,1503122.6291257162,0.0955155697058162,58.0,-0.24168701187398733,0.26481389311477305,1.1892605086308208,6.283722495782896,0.18926050863082072,0.008269528671730772,0.08496732026143791,0.9088590876659539,0.12074535151844548,0.0,50.5,8.0,0.0,0.9266915421828761,0.0864362444318556,-0.31178610241246296,-0.33042614691977357,5.947149930459101,0.0,1301595.3984960013
L,1.3,1.17,0.08,B,,2158604.8821431734,0.12798037347895008,125.0,-0.3507909920091992,0.5855245563659868,1.205994558727511,5.854594127300237,0.205994558727511,0.023125736526644555,0.21323529411764705,0.7795171052300212,0.1809855110303331,0.0,82.0,26.0,0.0,1.2834882502301634,0.11124674137930135,-0.38011096502277375,-0.3806967480597434,5.292744738935873,0.0,1732577.9130703637
L,1.3,1.17,0.08,F,,5559387.699138604,0.11395560371363833,183.0,-0.3586804011749756,0.42939975292746513,1.2033185374342392,5.918390682031714,0.20331853743423944,0.016187263357125378,0.15160582485537605,0.9088590876659539,0.15503130962814393,0.0,133.0,34.0,0.0,2.2305210479949915,0.105124445702981,-0.38068995170008474,-0.3856506170728953,5.311778530188222,0.0,4450646.445086655
L,1.4,1.26,0.05,A,,1589844.1426505186,0.10163590457588456,58.5,-0.25832112262645035,0.2838087132457454,1.2957773520890083,4.380929351366614,0.2957773520890083,0.016909305939639956,0.10518790849673203,0.8978649970195105,0.12987643579960517,0.0,51.0,8.0,0.0,0.9766279605907225,0.09115845110766059,-0.3330369263554436,-0.3530590917745029,4.113279002348992,0.0,1354283.4936379495
L,1.4,1.26,0.05,A,2012-01,1579547.3376676068,0.10092577025111427,58.0,-0.186020641360148,0.23924205526113215,1.256905037907177,4.892488867272946,0.2569050379071769,0.008001492104311949,0.051879084967320264,0.8978649970195105,0.11036689295021737,0.0,50.0,8.0,3.0,0.9535672394235337,0.09469275658100448,-0.19932720925669237,-0.19933470129561748,4.851456892739469,0.0,1484072.4299677461
L,1.4,1.26,0.05,B,,2345810.199854487,0.13683862459920693,124.0,-0.3754338887174173,0.625821176488111,1.3243227028042122,4.083350948874097,0.3243227028042121,0.04242782167371,0.23606811145510836,0.7581054467340276,0.19446980742040954,0.0,82.0,26.0,0.0,1.3642780753689103,0.11772206968081189,-0.4030574133724902,-0.4067023600318709,3.6957619579698657,0.0,1833171.676579044
L,1.4,1.26,0.05,B,2024-02,2349760.103546411,0.13701774660089994,124.0,-0.3739474257779446,0.6224356623991043,1.3211558727052428,4.113752989887022,0.32115587270524276,0.03985343851320303,0.23606811145510836,0.7581054467340276,0.19281219379139608,0.0,82.5,26.0,0.0,1.3650205519681022,0.11922212777871362,-0.4030574133724902,-0.4067023600318709,3.8162204769020285,0.0,1786321.0680873522
L,1.4,1.26,0.05,B,2018-02,2436612.0022675525,0.14090786621935247,112.0,-0.32134820433056577,0.6076719653313705,1.326350696739186,4.064189670171956,0.32635069673918604,0.043657134078658275,0.21575077399380804,0.742527075442162,0.18546476024046232,0.0,72.0,24.0,2.0,1.3820404260632888,0.12431944377129503,-0.35517974823231896,-0.3898600946311995,3.7365978857530657,0.0,1869967.0159334152
L,1.4,1.26,0.05,B,2022-05,2107292.5960618276,0.12543069803077134,122.0,-0.3687875078958931,0.6059566662000461,1.3180705055525874,4.143957087694075,0.31807050555258753,0.03954458121120948,0.22523219814241485,0.7581054467340276,0.1932447125679409,0.0,79.0,26.0,0.0,1.2553324696467698,0.11216165406285403,-0.4030574133724902,-0.4067023600318709,3.833590855428707,0.0,1693017.510904811
L,1.4,1.26,0.05,B,2022-10,2076300.6842466858,0.12386329332126966,121.0,-0.36878202607383304,0.5859781946379072,1.3080307352289222,4.246429474911121,0.3080307352289221,0.03592712158076304,0.20278637770897834,0.7581054467340276,0.18430235263176817,0.0,78.0,26.0,0.0,1.238696531684512,0.11009946818136285,-0.4030574133724902,-0.4067023600318709,3.89649174940148,0.0,1682729.370634017
L,1.4,1.26,0.05,F,,6325866.976667311,0.1209524001657798,183.0,-0.37899978643887,0.4593797545090955,1.3209977119453058,4.115287012883993,0.32099771194530574,0.030615027337545626,0.17494514262916416,0.8978649970195105,0.1666896381829781,0.0,133.0,34.0,0.0,2.3513137124930275,0.11137985532214718,-0.40321636294774543,-0.4128406788668526,3.7451064613892653,0.0,4682868.494940692
L,1.4,1.26,0.05,F,2024-02,6386293.623885365,0.12146878290535246,184.0,-0.37899978643887,0.45621280344619175,1.32020403549057,4.1230090779107496,0.3202040354905701,0.028255750711936145,0.17055655296229802,0.8978649970195105,0.16494851063511223,0.0,133.0,34.0,0.0,2.3587510193504038,0.11113477162111536,-0.40321636294774543,-0.4128406788668526,3.857191418730587,0.0,5007956.310830985
L,1.4,1.26,0.05,F,2012-01,6259127.479156628,0.1203762257382941,183.0,-0.3715489150793832,0.43875715003773463,1.3307693883561804,4.02325969012611,0.3307693883561804,0.026422015139767815,0.14861360462796727,0.8978649970195105,0.1596932196536152,0.0,132.0,35.0,3.0,2.3333472344267756,0.11265083552225674,-0.40465143130265585,-0.412839612964233,3.7182606877427244,0.0,4771029.660222386
L,1.4,1.26,0.05,F,2018-02,6317732.408790914,0.12088247761414161,171.0,-0.3343771979652966,0.4513407958375488,1.3331665123353331,4.0015033736073455,0.333166512335333,0.03070538828111074,0.16417314981049272,0.8978649970195105,0.16129036864547558,0.0,122.0,32.0,2.0,2.3528210565074565,0.11306194424686837,-0.35642688510315834,-0.3797883913792168,3.6583204792109285,0.0,4832416.657434164
L,1.4,1.26,0.05,F,2022-05,5653944.818397202,0.11486728589539297,181.0,-0.37899978643887,0.4504834296236675,1.317419052714897,4.150412531012773,0.317419052714897,0.028720740077251145,0.16656692599241973,0.8978649970195105,0.1650982473432661,0.0,130.0,35.0,0.0,2.231883675266352,0.10554745788421052,-0.40321636294774543,-0.4128406788668526,3.825398093206303,0.0,4286848.577927461
L,1.4,1.26,0.05,F,2022-10,5519675.818189741,0.11356920215031441,180.0,-0.37899978643887,0.4434601882647522,1.3104350224255135,4.221286583632111,0.31043502242551346,0.026697423970877793,0.15868741272691003,0.8978649970195105,0.1601576621479763,0.0,129.0,34.0,0.0,2.216772020200585,0.10593614914887897,-0.40321636294774543,-0.4128406788668526,3.9003446110579825,0.0,4253916.512365432
L,1.4,1.26,0.08,A,,1571679.7196008111,0.10037983429189001,58.0,-0.2604337346924684,0.2841429128314834,1.297962123566787,4.3561361384432455,0.29796212356678703,0.016589641351313918,0.1031454248366013,0.8978649970195105,0.12983069664434113,0.0,50.5,8.0,0.0,0.9709121294921605,0.09068367190230683,-0.33508793252059094,-0.3539874955343967,4.061334315026286,0.0,1336792.1427084284
L,1.4,1.26,0.08,B,,2321250.488016893,0.13571284772405512,124.0,-0.3775780017541452,0.6277594923841204,1.3280138040166738,4.048654873864278,0.3280138040166739,0.04296490007077299,0.2368421052631579,0.7558203447576459,0.1949817097423271,0.0,82.0,26.0,0.0,1.3534401887421095,0.11578432298155192,-0.4059886284993876,-0.4094011846742689,3.62234390504555,0.0,1814346.9465553414
L,1.4,1.26,0.08,F,,6239810.204759093,0.12020833086873572,183.0,-0.38148829460672296,0.46089687126754453,1.3271987338660738,4.056246995707138,0.3271987338660738,0.030807560904852253,0.1739477358866946,0.8978649970195105,0.16704489469172595,0.0,133.0,34.0,0.0,2.336709288483764,0.11023843720873987,-0.40612807033472687,-0.41553069364709816,3.6721097405329366,0.0,4610162.257547902
L,1.5,1.35,0.05,A,,1676109.9231486248,0.10743391858769669,58.0,-0.27583591496663906,0.3028928789077042,1.406066721671492,3.4626495211361945,0.4060667216714918,0.0257780858475068,0.1315359477124183,0.8868720740251499,0.13928140018396287,0.0,51.0,8.0,0.0,1.0237548954077504,0.09553001411039083,-0.35474114077674673,-0.37438870167847305,3.211352056402066,0.0,1391883.1212362705
L,1.5,1.35,0.05,A,2012-01,1653608.5008540812,0.10594819275875478,58.0,-0.2001965258169892,0.25494295871269756,1.3601720695562174,3.776450714882383,0.3601720695562173,0.012455208806001646,0.05800653594771242,0.8868720740251499,0.11811379897572483,0.0,50.0,8.0,3.0,0.9988554171081507,0.09940992747775919,-0.21439584712965662,-0.21440441254279208,3.7448342029474913,0.0,1548863.1958185136
L,1.5,1.35,0.05,B,,2518500.269679684,0.14446079449924754,124.5,-0.40154433945657647,0.6706919251628567,1.4493823827200372,3.2252766052083057,0.44938238272003717,0.06543248820340566,0.26160990712074306,0.7349941310925894,0.2092240670715887,0.0,82.0,26.0,0.0,1.437868503247325,0.1251129821437837,-0.43033521961073895,-0.43425001139105945,2.894044441661593,0.0,1930018.8266319511
L,1.5,1.35,0.05,B,2024-02,2511095.6053533563,0.1441410520339208,124.5,-0.39766823235582055,0.6660191377078459,1.4493823827200372,3.2252766052083057,0.44938238272003717,0.06325122506924719,0.2561919504643963,0.7349941310925894,0.2071502303698758,0.0,82.0,26.0,0.0,1.4386016302349613,0.12515533670771836,-0.43033521961073895,-0.43425001139105945,3.054647086528748,0.0,1877571.4333110896
L,1.5,1.35,0.05,B,2018-02,2608747.7930254806,0.14825713882922453,112.0,-0.3440987383953879,0.6492326060356353,1.451849001607165,3.2131375269817215,0.451849001607165,0.06410335218265639,0.24109907120743035,0.7194817702484742,0.19958035647604194,0.0,72.0,24.0,2.0,1.4520099809190192,0.1294416982244392,-0.3832724416452091,-0.4168828972886327,2.877932479761692,0.0,1975999.5130444933
L,1.5,1.35,0.05,B,2022-05,2252166.63789672,0.1324913570793812,122.0,-0.3938144644809822,0.6473297509822669,1.4389987029131714,3.277911382430755,0.43899870291317133,0.06144829549422762,0.24496904024767802,0.7349941310925894,0.20738464003503987,0.0,79.0,26.0,0.0,1.3221845863425457,0.11776373779721376,-0.43033521961073895,-0.43425001139105945,3.0326697965643503,0.0,1775867.0426789233
L,1.5,1.35,0.05,B,2022-10,2207743.260804428,0.13037119832582278,121.0,-0.3938080989261225,0.6267495908109983,1.4270477518779063,3.341658511010227,0.42704775187790633,0.05545460936561472,0.22561919504643962,0.7349941310925894,0.19837054328079887,0.0,78.0,26.0,0.0,1.304997022289689,0.1148862891846985,-0.43033521961073895,-0.43425001139105945,3.121930353374356,0.0,1764383.56409678
L,1.5,1.35,0.05,F,,7104370.941033253,0.12727667452763114,183.5,-0.413872908689249,0.4925567547277279,1.451439100082901,3.2151447033773493,0.4514391000829011,0.046820878690774136,0.19968082984240976,0.8868720740251499,0.17877488476662085,0.0,133.0,35.0,0.0,2.468131478491018,0.11628144633390032,-0.4305481929843632,-0.4410253010478443,2.918985983402548,0.0,5139771.656225137
L,1.5,1.35,0.05,F,2024-02,7149779.568266572,0.1276236669597649,184.0,-0.40384308728653046,0.48815614571245225,1.446961547418196,3.2373339804116186,0.44696154741819594,0.044461275137325715,0.19698783163774186,0.8868720740251499,0.17745034955924888,0.0,133.0,34.0,0.0,2.476159485794327,0.11664815671612812,-0.4305481929843632,-0.4410253010478443,3.0514931095646585,0.0,5487540.685733273
L,1.5,1.35,0.05,F,2012-01,7011214.56270771,0.1265556560221145,182.0,-0.3946558858242437,0.47008906797711725,1.4538033823983998,3.2035975638621443,0.4538033823983998,0.03984462772337344,0.1625772990225414,0.8868720740251499,0.17111011137265025,0.0,132.0,35.0,3.0,2.4474504261189707,0.11783798738432769,-0.43247007896847484,-0.4410240763615815,2.9561032939731393,0.0,4899203.544735676
L,1.5,1.35,0.05,F,2018-02,7073737.89689685,0.12704053440542074,171.0,-0.3563165255944343,0.48123122704472165,1.4593995019049704,3.1767546688063364,0.45939950190497025,0.045635408578543535,0.18950728106922005,0.8868720740251499,0.17321069988276439,0.0,122.0,32.0,2.0,2.4689460031468737,0.11875379770316156,-0.3859958215927862,-0.40507742868147467,2.9116658713108636,0.0,5337929.092157639
L,1.5,1.35,0.05,F,2022-05,6287988.637653196,0.12062611529023082,181.0,-0.40384308728653046,0.4828410892925274,1.4455439671529935,3.244447469595005,0.44554396715299344,0.04470543859271735,0.19489327747855578,0.8868720740251499,0.1772793481821155,0.0,130.0,35.0,0.0,2.3435702783191075,0.1104496096963086,-0.4305481929843632,-0.4410253010478443,3.021388938640129,0.0,4694550.388120673
L,1.5,1.35,0.05,F,2022-10,6155191.659520676,0.11946715676534614,180.0,-0.40384308728653046,0.4743642812052344,1.4273652420421017,3.339919104214958,0.4273652420421017,0.041390202065769155,0.18172750847795732,0.8868720740251499,0.17207430950067035,0.0,129.0,34.0,0.0,2.32712785898834,0.11028087479443616,-0.4305481929843632,-0.4410253010478443,3.1583411905843963,0.0,4655974.846485024
L,1.5,1.35,0.08,A,,1642375.727717189,0.1051996025859101,58.0,-0.2790444351877445,0.304434285904308,1.411042317674584,3.432839532788652,0.411042317674584,0.026122076307955086,0.13337418300653595,0.8868720740251499,0.1394407796843132,0.0,51.0,8.0,0.0,1.0163006201526517,0.09468672049192246,-0.358637424140886,-0.37931032926298547,3.1655225968607046,0.0,1381565.2728422852
L,1.5,1.35,0.08,B,,2469228.539760595,0.14233413038467058,124.0,-0.4042728249301423,0.6720077795753159,1.4565682025775117,3.1902610630168553,0.45656820257751163,0.06633863053331236,0.2633513931888545,0.7312032359050229,0.20956270984803144,0.0,82.0,26.0,0.0,1.419794506053491,0.12330253613861034,-0.434569268240106,-0.43823068022497846,2.87740171900959,0.0,1899626.7091569381
L,1.5,1.35,0.08,F,,6933887.178280238,0.125950193484355,183.0,-0.4181794521864023,0.49301508470509553,1.4528579792875673,3.2081998647118763,0.4528579792875673,0.04734737996209517,0.20147616197885498,0.8868720740251499,0.17907887055024047,0.0,132.5,34.0,0.0,2.444527405566825,0.11506801343218442,-0.4347627529548258,-0.4450085004527178,2.8911446419552504,0.0,4977735.315212957
L,1.6,1.44,0.05,A,,1753290.5891150725,0.11239734951045566,58.0,-0.2933083694201019,0.3223362306050763,1.5205155082646815,2.921172452645081,0.5205155082646815,0.03733861696855667,0.14991830065359477,0.8758803186281029,0.1484151167263946,0.0,51.0,8.0,0.0,1.069058985518249,0.09974740779790667,-0.37683855831059065,-0.39763019430774726,2.6920155170163484,0.0,1441271.2049992406
L,1.6,1.44,0.05,A,2012-01,1729401.2938227165,0.11088249487548185,58.0,-0.21428139961472814,0.2705234524235185,1.4655545285331864,3.1479760988486487,0.4655545285331864,0.017342220408856017,0.059640522875817,0.8758803186281029,0.1258635374755624,0.0,50.0,8.0,3.0,1.0430952298239258,0.10401069687190731,-0.22936613760880462,-0.22937584344350703,3.121648280466955,0.0,1614603.3098282937
L,1.6,1.44,0.05,B,,2657197.2535136375,0.15024643311627883,124.0,-0.42619779133732605,0.7161826234514564,1.5862782487289213,2.7056788383369366,0.5862782487289213,0.09007720513485454,0.2821207430340557,0.7117673323793603,0.22509719621720453,0.0,82.0,26.5,0.0,1.5003955989159423,0.13210145180460967,-0.45718627085747954,-0.4613697398299864,2.4485422891393553,0.0,2007846.203376042
L,1.6,1.44,0.05,B,2024-02,2679710.830273301,0.15115609802278063,124.0,-0.42174298773366015,0.708099840737406,1.5828878713035401,2.7155965901756014,0.5828878713035401,0.08811738581089823,0.2755417956656347,0.7117673323793603,0.22268294661983185,0.0,82.0,26.0,0.0,1.5057101057507545,0.13088534527973736,-0.45718627085747954,-0.4613697398299864,2.5346343056246434,0.0,2007850.0539529265
L,1.6,1.44,0.05,B,2018-02,2771591.9178951923,0.15481595960140349,111.5,-0.3696630672142652,0.69171578695491,1.5922138641892238,2.688582058078959,0.5922138641892238,0.0851941638791818,0.2558049535603715,0.6963939310629058,0.21340240446760628,0.0,71.0,24.0,2.0,1.510619235202741,0.1346575873926335,-0.4079080482363944,-0.4556151482848466,2.4453332357489725,0.0,2148073.7150527476
L,1.6,1.44,0.05,B,2022-05,2400432.667121812,0.13930281809669587,122.0,-0.41848031132193997,0.6902850587434834,1.571955055008794,2.7483892538498367,0.571955055008794,0.0842716814113576,0.2536764705882353,0.7117673323793603,0.2220265886232891,0.0,79.0,26.0,0.0,1.3859365915789916,0.12440348228742688,-0.45718627085747954,-0.4613697398299864,2.5569628355278473,0.0,1860323.8322153948
L,1.6,1.44,0.05,B,2022-10,2350202.4527194854,0.13703885619399536,121.0,-0.4184730714881564,0.6676663221960746,1.554549109335762,2.803266875274996,0.5545491093357618,0.07660889962758582,0.23606811145510836,0.7117673323793603,0.21204366309580078,0.0,78.0,26.0,0.0,1.365631940990699,0.12215422355697778,-0.45718627085747954,-0.4613697398299864,2.6634438714722375,0.0,1847699.1664784837
L,1.6,1.44,0.05,F,,7863035.111735979,0.1328345879588484,183.0,-0.4397509097749035,0.5250553022499651,1.578639181142762,2.7281926975788564,0.578639181142762,0.06440138042812611,0.21932974266906044,0.8758803186281029,0.19026265846149593,0.0,132.0,35.0,0.0,2.5791453195756047,0.12348392949628573,-0.4574574900784432,-0.46880167922106264,2.516667433036433,0.0,5625588.278963936
L,1.6,1.44,0.05,F,2024-02,8013681.969531313,0.13387692887247948,184.0,-0.4291161478857569,0.5191949136121885,1.5747875986146205,2.739773156616944,0.5747875986146205,0.06245960152789973,0.21623778176740474,0.8758803186281029,0.1891590158365406,0.0,133.0,34.0,0.0,2.5880535818913026,0.1226096634292561,-0.4574574900784432,-0.46880167922106264,2.610128439449088,0.0,6059390.178793038
L,1.6,1.44,0.05,F,2012-01,7718025.381975962,0.13181257103669974,182.0,-0.4176131814504289,0.4997863905389184,1.584799844019835,2.7099991834045376,0.584799844019835,0.0550970967674323,0.1741472172351885,0.8758803186281029,0.18285934859499348,0.0,132.0,35.0,3.0,2.5564013974197684,0.12432684269324827,-0.4599042191964283,-0.46880028474652713,2.518658884212599,0.0,5369069.755439589
L,1.6,1.44,0.05,F,2018-02,7866925.729633093,0.13286174732459466,170.0,-0.3776678710901043,0.5131467546135247,1.5931996449044747,2.685773115866546,0.5931996449044749,0.062359413055356396,0.20486734490325154,0.8758803186281029,0.1854199526288051,0.0,121.0,32.0,2.0,2.5753145542676332,0.12433407711441738,-0.40840035840018213,-0.42928076711089946,2.474265654435079,0.0,5795941.425577791
L,1.6,1.44,0.05,F,2022-05,6975731.678206695,0.12627862284057745,181.0,-0.4291161478857569,0.5141132348098867,1.5746623009060583,2.740152432842676,0.5746623009060582,0.062443891508708355,0.20556552962298025,0.8758803186281029,0.18941860775564365,0.0,130.0,35.0,0.0,2.4489353503350193,0.11785305987099123,-0.4574574900784432,-0.46880167922106264,2.548157853009136,0.0,5128482.245943935
L,1.6,1.44,0.05,F,2022-10,6840452.745886696,0.1252099288300571,180.0,-0.4291161478857569,0.5048450646360797,1.5557111875676364,2.799495944016215,0.5557111875676363,0.057536923795049155,0.1937961300618392,0.8758803186281029,0.1839269525501178,0.0,129.0,34.0,0.0,2.4340767756348924,0.1167207736823271,-0.4574574900784432,-0.46880167922106264,2.6638173707318615,0.0,5081503.164933626
L,1.6,1.44,0.08,A,,1736170.9016879974,0.11131365355682343,58.0,-0.29786453771954574,0.32383768501447907,1.5282766372100829,2.892960434029497,0.528276637210083,0.0381275069613961,0.15155228758169934,0.8758803186281029,0.14886856940175774,0.0,51.0,8.0,0.0,1.059767389174104,0.09920779899657006,-0.38224203034477644,-0.4041714381424326,2.650541318216355,0.0,1425988.0203166765
L,1.6,1.44,0.08,B,,2619021.773690754,0.14868060873274358,124.0,-0.4309619729604235,0.7170135079776282,1.5939135910382052,2.683748999261774,0.5939135910382052,0.09117558664179057,0.2821207430340557,0.7064606130137813,0.22576328251454753,0.0,82.0,26.0,0.0,1.4784079830520072,0.12860253913904543,-0.46270365005287667,-0.46661213442753136,2.4305446581934937,0.0,1946957.3835434713
L,1.6,1.44,0.08,F,,7659141.986501999,0.13139279524245073,183.0,-0.445321939436114,0.5273988307832936,1.5912988570635966,2.69119255634285,0.5912988570635968,0.06534892643148824,0.22002792738878912,0.8758803186281029,0.1911532812362628,0.0,132.0,35.0,0.0,2.54413659519838,0.12018164291172104,-0.46295553671638606,-0.4740592213312117,2.440792419206161,0.0,5397753.843926991
L,1.75,1.575,0.05,A,,1872229.9115175335,0.11967371653534498,58.0,-0.3189621636738464,0.3509147633553581,1.6972826133655836,2.434154042154523,0.6972826133655836,0.05524359254740639,0.17197712418300654,0.8593948746576995,0.16214480338171117,0.0,51.0,8.0,0.0,1.1342749851060447,0.10594533830454451,-0.40921577918939117,-0.4316862876522074,2.228605026856765,0.0,1516651.3185365305
L,1.75,1.575,0.05,A,2012-01,1846409.5629194288,0.1181302700560023,58.0,-0.2352328579787506,0.29369525871215846,1.6277414568181365,2.593012519945394,0.6277414568181366,0.024921582103827354,0.08129084967320262,0.8593948746576995,0.13749212084912957,0.0,50.0,8.0,3.0,1.1076104854019662,0.11073238339102749,-0.2516322360497403,-0.2516437764136431,2.5713469374131,0.0,1714801.6975732043
L,1.75,1.575,0.05,B,,2980984.414955063,0.1627543240556497,124.0,-0.46063002381910145,0.7819600943901646,1.801124996538188,2.2482469786823587,0.8011249965381877,0.12971900644241052,0.3128869969040248,0.6767303347655216,0.24737712489554614,0.0,82.0,26.0,0.0,1.599972288470903,0.13684607659859122,-0.49667431690073216,-0.49729118597420396,2.0996828003877535,0.0,2119086.3546889513
L,1.75,1.575,0.05,B,2024-02,2983540.132310982,0.16284634523130126,124.0,-0.4568904079641988,0.7729222750764115,1.7979690828112607,2.253181919927874,0.7979690828112604,0.12568106965558495,0.30050309597523217,0.6767303347655216,0.2450384768727411,0.0,82.0,26.0,0.0,1.6027549609823848,0.13857728040377468,-0.49667431690073216,-0.49729118597420396,2.1595658410009495,0.0,2119091.202779333
L,1.75,1.575,0.05,B,2018-02,3066178.855370095,0.1658406176612387,111.0,-0.40432789018610227,0.7534005839020472,1.8159384606457976,2.2255873728840534,0.8159384606457977,0.12268127352989833,0.29760061919504643,0.6616828153051129,0.23592922649274434,0.0,71.0,24.0,2.0,1.6110103198463979,0.14436983844091422,-0.4428542356302484,-0.4945985392299731,2.056159563504983,0.0,2360984.684639684
L,1.75,1.575,0.05,B,2022-05,2623420.3906587027,0.14886224485995248,121.5,-0.45479396906558395,0.75299315334597,1.776161212043623,2.288393107531496,0.776161212043623,0.11904744808418083,0.2805727554179567,0.6767303347655216,0.24434188843146507,0.0,79.0,26.0,0.0,1.4690344638449733,0.1300588575076458,-0.49667431690073216,-0.49729118597420396,2.127332483890769,0.0,1972406.8513499163
L,1.75,1.575,0.05,B,2022-10,2584732.536392795,0.14725867667618164,120.0,-0.4547853161656247,0.7273688753587453,1.7547808533981875,2.3248879814845473,0.7547808533981875,0.1090475268494763,0.2610294117647059,0.6767303347655216,0.23313493648646688,0.0,78.0,26.0,0.0,1.4564100465320293,0.1280424221166857,-0.49667431690073216,-0.49729118597420396,2.20566096699674,0.0,1958391.7650784405
L,1.75,1.575,0.05,F,,9442335.28061553,0.14292998659246903,183.0,-0.4767350331239612,0.5712848336188229,1.7974541311351662,2.2539962564866904,0.7974541311351662,0.09202387255047575,0.2400758029124277,0.8593948746576995,0.2092472619914391,0.0,132.0,35.0,0.0,2.7442644356826174,0.1304614912533465,-0.49668459566657114,-0.5057026061509908,2.1105980475059747,0.0,6688330.178085038
L,1.75,1.575,0.05,F,2024-02,9507489.306591779,0.14331106545447514,183.0,-0.4767350331239612,0.5660550485768459,1.7867821315857464,2.2710077801423396,0.7867821315857464,0.09177536650489275,0.23818073010173546,0.8593948746576995,0.20826293929384593,0.0,133.0,34.0,0.0,2.7538874797726622,0.1303433371341011,-0.49668459566657114,-0.5057026061509908,2.1105980475059747,0.0,6885932.309971357
L,1.75,1.575,0.05,F,2012-01,9002020.015232675,0.14028726512600753,182.0,-0.45164035457781126,0.543306159696279,1.7955352306623735,2.257015361819752,0.7955352306623735,0.0779904367155862,0.196688609615001,0.8593948746576995,0.2007902020594483,0.0,132.0,35.0,3.0,2.715047815842037,0.13108308951153874,-0.49635829440084855,-0.5057009381781963,2.0805714846692034,0.0,6023033.326527164
L,1.75,1.575,0.05,F,2018-02,9385014.41150507,0.14259272228071718,170.0,-0.407733338085227,0.5575199348618505,1.8037511982428147,2.2441661085166147,0.8037511982428147,0.08938294856103224,0.2319968082984241,0.8593948746576995,0.20297600610533045,0.0,121.0,32.0,2.0,2.746358308689029,0.13065009773640376,-0.43979144708706663,-0.48371717512038237,2.0880430069948206,0.0,6660814.379396733
L,1.75,1.575,0.05,F,2022-05,8070512.083060436,0.13426562286447863,180.0,-0.4663282791615152,0.5610565951435581,1.7861086817155432,2.2720887613829257,0.7861086817155432,0.089240258206648,0.2270097745860762,0.8593948746576995,0.20782459196489617,0.0,130.0,35.0,0.0,2.5961885322982767,0.12548467802082242,-0.49668459566657114,-0.5057026061509908,2.1205582286916154,0.0,5717318.711582402
L,1.75,1.575,0.05,F,2022-10,8090679.025103128,0.13440259020821832,180.0,-0.4663282791615152,0.5484818173566393,1.7602643940352838,2.3153318872982176,0.7602643940352838,0.08288433454577061,0.21663674446439257,0.8593948746576995,0.2016042007406748,0.0,129.0,34.0,0.0,2.5922958948035677,0.1243030063733642,-0.49668459566657114,-0.5057026061509908,2.2060945400549286,0.0,5773171.476096921
L,1.75,1.575,0.08,A,,1846478.6793977898,0.11813441215052489,58.0,-0.3255661374697673,0.35316414289448744,1.7115927688159693,2.405298960970999,0.7115927688159692,0.056763958746250946,0.17238562091503268,0.8593948746576995,0.16285347794880983,0.0,51.0,8.0,0.0,1.121029606034799,0.10522215524357015,-0.41675914772293754,-0.4406251243535554,2.191993297198301,0.0,1493104.3409340095
L,1.75,1.575,0.08,B,,2858972.3844403587,0.15819268993818036,123.0,-0.4702430102779166,0.7854673597804107,1.8208215376632215,2.218292506274386,0.8208215376632216,0.13154049591695122,0.31327399380804954,0.6691414700407756,0.2488795324512369,0.0,81.0,26.0,0.0,1.561258927646222,0.13135433659895301,-0.4962177549384309,-0.50438364478681,2.057214624949956,0.0,2054367.9819716474
L,1.75,1.575,0.08,F,,8856450.85715456,0.13938601750659851,182.0,-0.4853091652976556,0.5749143086541213,1.8085080080390061,2.236850227098646,0.8085080080390061,0.09325558319623295,0.24396568920805906,0.8593948746576995,0.2102789710485355,0.0,132.0,35.0,0.0,2.693108530820351,0.1275512154336767,-0.496947240117991,-0.5128313287011923,2.072404300648875,0.0,6409877.862972793
L,2.0,1.8,0.05,A,,2084663.7408003504,0.13169152503931436,59.0,-0.3639943217279436,0.3983857849430319,2.016509711187256,1.9837591306032714,1.0165097111872559,0.08912038370377781,0.2079248366013072,0.8319145180737177,0.18532949049130332,0.0,51.0,8.0,0.0,1.2425996596796272,0.11722349584322962,-0.46093033385106663,-0.4863961166244547,1.8125382934371561,0.0,1645584.6866536383
L,2.0,1.8,0.05,A,2012-01,2048613.881769679,0.12973228556909233,58.0,-0.2696894230061056,0.3322848754357341,1.9096429243916446,2.0993324668235935,0.9096429243916446,0.042412256476617206,0.13970588235294118,0.8319145180737177,0.15690163974771665,0.0,50.0,8.0,3.0,1.2104031211218031,0.12159331280369408,-0.2882445663018113,-0.28825948782758903,2.08180849845271,0.0,1888271.0868306495
L,2.0,1.8,0.05,B,,3429548.6388353677,0.1781873197978714,122.5,-0.513549626356701,0.8932751393383823,2.2220007746274235,1.8183308095127266,1.2220007746274235,0.1978850039143872,0.38409442724458204,0.6178590030043718,0.28463092832171494,0.0,80.0,26.5,0.0,1.7457001304201012,0.1471117539326854,-0.5518760107888079,-0.5566031583009025,1.700189271108451,0.0,2348603.211779672
L,2.0,1.8,0.05,B,2024-02,3484905.8988417056,0.17996220043154798,123.0,-0.513549626356701,0.8839684277245011,2.2039740914560406,1.8305836653244616,1.2039740914560406,0.19554418669279316,0.3804179566563467,0.6178590030043718,0.28400167275484633,0.0,81.0,26.0,0.0,1.752074883326094,0.14757969561741136,-0.5518760107888079,-0.5566031583009025,1.7290359915075881,0.0,2348610.1971633546
L,2.0,1.8,0.05,B,2018-02,3571937.099744389,0.18270435198317492,110.0,-0.4586191543244847,0.8604946197093872,2.233092837856666,1.8109690614992706,1.2330928378566661,0.18884305264586632,0.34829721362229105,0.6035835971511961,0.2718200422317816,0.0,70.0,24.0,2.0,1.7711467586627854,0.15954750352392105,-0.5026917489338628,-0.5552828609625113,1.6814737893144596,0.0,2623021.9555705525
L,2.0,1.8,0.05,B,2022-05,3010066.2070866106,0.16381690711668073,120.0,-0.5150378767195638,0.8590899655020461,2.1649392225737465,1.8584165657611593,1.1649392225737465,0.18344327450505088,0.3506191950464396,0.6178590030043718,0.2823607604125882,0.0,78.0,26.0,0.0,1.6006438057979282,0.142967601277112,-0.5518760107888079,-0.5566031583009025,1.7261873435467794,0.0,2134063.0157894716
L,2.0,1.8,0.05,B,2022-10,2983636.9654050954,0.1628506482163875,119.0,-0.513549626356701,0.8312763478132108,2.1077773276723715,1.902720081149949,1.1077773276723715,0.16748517687128886,0.3281733746130031,0.6178590030043718,0.2692741354955292,0.0,77.0,26.0,0.0,1.5908969722825568,0.13833819888826643,-0.5518760107888079,-0.5566031583009025,1.7996523400781796,0.0,2118458.4611785533
L,2.0,1.8,0.05,F,,12279374.356848782,0.1575775856728947,182.0,-0.5355065521904779,0.6516215808204349,2.1862496541888174,1.8429939970311437,1.1862496541888174,0.1459476435689936,0.29792539397566326,0.8319145180737177,0.24269189203981628,0.0,131.5,35.0,0.0,3.0057547321099607,0.1431322675659813,-0.5523442040366786,-0.5667021588965906,1.722656887625035,0.0,8624516.278504461
L,2.0,1.8,0.05,F,2024-02,12268511.788446497,0.15752855736429705,182.0,-0.5355065521904779,0.6470373580140848,2.18147325876385,1.8464009115808429,1.1814732587638503,0.14446072165848842,0.29353680430879714,0.8319145180737177,0.2407852151826031,0.0,132.0,34.0,0.0,3.0123805365250513,0.14406492871946458,-0.5523442040366786,-0.5667021588965906,1.7387034612671814,0.0,8343052.073077003
L,2.0,1.8,0.05,F,2012-01,11789144.498297416,0.15529435383779533,181.0,-0.5138023308761095,0.617470540866434,2.1802419812591696,1.8472870275291093,1.1802419812591696,0.12162578932508905,0.25743068023139837,0.8319145180737177,0.23115712593960971,0.0,131.0,35.0,3.0,2.9839524125997046,0.1438765602220535,-0.5565849181085385,-0.5666999810575012,1.7212164091226234,0.0,8172529.588380967
L,2.0,1.8,0.05,F,2018-02,12190954.45098079,0.1571727689303941,169.0,-0.46693335199593594,0.6329707440865732,2.1987886404642882,1.8341754888607826,1.1987886404642882,0.13876897746086098,0.2715938559744664,0.8319145180737177,0.23325523411352148,0.0,120.0,32.0,2.0,3.0139999761108904,0.14500620973215878,-0.5031603529305285,-0.5255309038886625,1.7172766630832619,0.0,8412918.876408877
L,2.0,1.8,0.05,F,2022-05,10122124.42498356,0.14678752689181052,179.0,-0.5268108891562809,0.6404489753829682,2.1816057773808133,1.8463059619975475,1.1816057773808133,0.14015621156436095,0.27638140833832037,0.8319145180737177,0.23973720193464249,0.0,128.0,35.0,0.0,2.828682837127702,0.13443041388200733,-0.5523442040366786,-0.5667021588965906,1.711970636995413,0.0,6985661.321978814
L,2.0,1.8,0.05,F,2022-10,10374481.681244027,0.14815779613977864,179.0,-0.5268108891562809,0.6235166693041377,2.120169395174905,1.8927223183810669,1.120169395174905,0.13122571364311614,0.2676042290045881,0.8319145180737177,0.23213263509043247,0.0,128.0,34.0,0.0,2.8347049336074552,0.13535990199335537,-0.5523442040366786,-0.5667021588965906,1.8001850586269,0.0,6808047.972731005
L,2.0,1.8,0.08,A,,2034560.6428850074,0.12896007755740635,58.0,-0.37229344554206556,0.4008339695911327,2.0361944189421175,1.9650945466973857,1.036194418942117,0.0918842325140273,0.21058006535947713,0.8319049964355085,0.1867486087433551,0.0,51.0,8.0,0.0,1.2182400202360728,0.11388751479816475,-0.4709720401714063,-0.4955964411464583,1.8253108209078324,0.0,1588115.7833557713
L,2.0,1.8,0.08,B,,3230398.3088710583,0.1715762153318222,123.0,-0.5234306823975743,0.8982548747311918,2.2271175888100667,1.8149184270228678,1.2271175888100667,0.20124581842560113,0.38680340557275544,0.612859839686576,0.28635537224637275,0.0,81.0,26.5,0.0,1.6940934410619632,0.14312538070515712,-0.5624313761017139,-0.5669133640407078,1.6653334720352253,0.0,2200761.2803634447
L,2.0,1.8,0.08,F,,11372712.1634041,0.15328166066859872,182.0,-0.5424141405251759,0.6529419194679413,2.208251633005649,1.8276487714131595,1.208251633005649,0.14827092990761032,0.3021145022940355,0.8319049964355085,0.2434100312305814,0.0,131.0,35.0,0.0,2.9265696053312626,0.1382396320773939,-0.5628740300073174,-0.576897869260051,1.6945182868586297,0.0,7814725.117922793
L,2.2,1.98,0.05,A,,2259134.8217350272,0.14076294685266244,59.0,-0.3953127829359685,0.4347202736238929,2.2926011299343267,1.7736391982257695,1.2926011299343272,0.11849696054794917,0.21160130718954248,0.809604778305267,0.20360506950423848,0.0,51.0,8.0,0.0,1.3205084990497284,0.12487499182332899,-0.5005883495878668,-0.527266394508866,1.6200406872493467,0.0,1730505.057106932
L,2.2,1.98,0.05,A,2012-01,2216680.22054674,0.13861530581064907,58.0,-0.2968479156048522,0.3632897515654222,2.146324243752117,1.87235352951009,1.1463242437521173,0.06076228408847115,0.1503267973856209,0.809604778305267,0.17247388604332908,0.0,50.0,8.0,3.0,1.2886312955070023,0.12995605262528323,-0.31709654922972785,-0.3171144597904587,1.8567322150682375,0.0,2032778.4706456016
L,2.2,1.98,0.05,B,,3844755.6353930216,0.19092101797687,122.0,-0.5590352411260436,0.980813096568323,2.629068961229815,1.6138480096358352,1.629068961229815,0.26327267372409224,0.4543343653250774,0.5703360661378991,0.3174097147615416,0.0,80.0,26.0,0.0,1.863450710998432,0.1602209180423995,-0.6006046365697767,-0.6015240927872322,1.51578350992628,0.0,2519680.186178104
L,2.2,1.98,0.05,B,2024-02,3865362.297839869,0.19151887877433404,122.5,-0.5590352411260436,0.9763745565187484,2.597218516984893,1.6260899837550822,1.597218516984893,0.2587432558726305,0.45104489164086686,0.5703360661378991,0.31783272285731556,0.0,80.0,26.0,0.0,1.8647743354696609,0.16022118179486033,-0.6006046365697767,-0.6015240927872322,1.550378124644323,0.0,2519689.220397183
L,2.2,1.98,0.05,B,2018-02,4048412.236600953,0.19671711114632462,110.0,-0.5039340454936209,0.9383867284140679,2.619296199961325,1.6175522475510429,1.6192961999613251,0.24705637263453128,0.3953173374613003,0.5569139246974545,0.30120039959208555,0.0,70.0,24.0,2.0,1.9047234467514904,0.17376331074764145,-0.5467020928014952,-0.6033850510833407,1.5005870684042588,0.0,2823463.474585374
L,2.2,1.98,0.05,B,2022-05,3351131.6078559994,0.17562681172654881,120.0,-0.560091673426395,0.9477478788617466,2.51988974046818,1.6579425764970213,1.5198897404681797,0.24498750890155485,0.4196981424148607,0.5703360661378991,0.31364033130613306,0.0,77.0,26.0,0.0,1.7011727272156236,0.1510845363846765,-0.6006046365697767,-0.6015240927872322,1.5564612681310526,0.0,2179365.304852459
L,2.2,1.98,0.05,B,2022-10,3300660.095581959,0.17394985937177665,119.0,-0.5590216351586992,0.9123657171141213,2.4248922078191573,1.7018222408983017,1.4248922078191573,0.22402721936175243,0.38409442724458204,0.5703360661378991,0.29935228594763463,0.0,76.0,26.0,0.0,1.690036934315163,0.14621697984114246,-0.6006046365697767,-0.6015240927872322,1.6129984523023009,0.0,2258779.4249879746
L,2.2,1.98,0.05,F,,14886266.539103583,0.16843118352861475,181.0,-0.5780593272140119,0.7159462488117427,2.5273393804542583,1.6547333309212848,1.5273393804542583,0.1948359834147616,0.33113903849990023,0.809604778305267,0.2684241958869388,0.0,131.0,35.0,0.0,3.190648894363603,0.15163041187881543,-0.600693702408765,-0.6087788439021509,1.548186183709991,0.0,9963855.700947879
L,2.2,1.98,0.05,F,2024-02,14751820.95428801,0.16791762017498435,182.0,-0.5780593272140119,0.7132549215592954,2.5540870787055923,1.643464819231331,1.5540870787055927,0.19205976816002748,0.3306403351286655,0.809604778305267,0.26733272146450693,0.0,132.0,34.0,0.0,3.1939220667553228,0.15215998087406918,-0.600693702408765,-0.6087788439021509,1.5526269339358545,0.0,9539451.166001623
L,2.2,1.98,0.05,F,2012-01,14539980.687641703,0.16709904369989192,181.0,-0.5589346768709909,0.6807001394144865,2.5841075667547893,1.6312716354603307,1.5841075667547893,0.16657199804520628,0.29483343307400756,0.809604778305267,0.2565455507031488,0.0,130.0,35.0,3.0,3.1672312562555764,0.15269506356471724,-0.6005873787547457,-0.6087762139828474,1.5342493157465125,0.0,9554907.179122461
L,2.2,1.98,0.05,F,2018-02,14863984.698774068,0.16834611504150632,168.0,-0.5086685053702953,0.6969627708285673,2.6108024047403537,1.6208095610898834,1.6108024047403533,0.18519245861109973,0.3081986834231,0.809604778305267,0.2597067250143271,0.0,120.0,32.0,2.0,3.2168308979888516,0.1546251244162999,-0.5491135205364941,-0.5861525977830435,1.5267913680083687,0.0,9998199.649053352
L,2.2,1.98,0.05,F,2022-05,11897914.140247032,0.15580875290459917,178.0,-0.5728426616318811,0.7062743524432014,2.5279233610640257,1.654483176419142,1.5279233610640257,0.18538566318561867,0.3220626371434271,0.809604778305267,0.2672604346806182,0.0,127.0,35.0,0.0,2.9947478899096756,0.14223306398398466,-0.600693702408765,-0.6087788439021509,1.5278684506729283,0.0,8290132.27355053
L,2.2,1.98,0.05,F,2022-10,12316236.008816443,0.1577448028699312,178.0,-0.5695570164702048,0.6866105992310547,2.4505144756542867,1.6894168789739985,1.4505144756542867,0.17375701873533078,0.3053062038699381,0.809604778305267,0.25659807804460444,0.0,127.0,34.0,0.0,3.007661128824773,0.143314701795996,-0.600693702408765,-0.6087788439021509,1.6174693933924378,0.0,7828532.670519878
L,2.2,1.98,0.08,A,,2190246.075284131,0.13725922255580436,58.0,-0.40584948470013626,0.4392841493860573,2.313461524656803,1.761349438859331,1.313461524656803,0.1214956342090287,0.21160130718954248,0.8092856586663988,0.20620558596240163,0.0,51.0,8.0,0.0,1.2907749687239196,0.12057138969253167,-0.5133071906658725,-0.5400684205444839,1.6212675791611229,0.0,1677566.5173161142
L,2.2,1.98,0.08,B,,3544245.4377778573,0.1818389112998562,121.0,-0.5827888229008766,0.991170316919219,2.66680563556146,1.5999535163211918,1.66680563556146,0.26955992249759797,0.46517027863777094,0.5629493488269275,0.32081154615551816,0.0,79.0,26.5,0.0,1.7863526450521654,0.1502062061566325,-0.6134436482320805,-0.6146266966943206,1.486863129744035,0.0,2301166.2858480713
L,2.2,1.98,0.08,F,,13347603.636864189,0.1622682397686701,180.0,-0.5927669418239807,0.7224362500500828,2.6085248382382855,1.6216879176325745,1.6085248382382855,0.1988304133650406,0.3357271095152603,0.8092856586663988,0.27012635357378756,0.0,130.0,35.0,0.0,3.0905446346673093,0.14515769963217814,-0.6135592047475537,-0.6213670633758102,1.5067054794219412,0.0,8892142.268865297
L,2.5,2.25,0.05,A,,2544791.2696548128,0.1543351762737296,59.0,-0.4404250909152473,0.4904297757254924,2.742591556727402,1.5738580291653652,1.7425915567274022,0.16521258294025365,0.2455065359477124,0.7761369462686397,0.23210558343625115,0.0,51.0,8.0,0.0,1.4360879285999082,0.13649065050510095,-0.5555049670329795,-0.5871870788125413,1.4368843644960867,0.0,1891346.9212920186
L,2.5,2.25,0.05,A,2012-01,2481265.0509666745,0.1514402316670691,58.0,-0.3369443160593785,0.4093583446642919,2.5216629708168625,1.6571757473097173,1.5216629708168625,0.09007940899655002,0.1772875816993464,0.7761369462686397,0.19573872785245194,0.0,50.0,8.0,3.0,1.400611420892402,0.14205632443814176,-0.3596821608560083,-0.35970501358577367,1.6433578662468444,0.0,2257642.584759343
L,2.5,2.25,0.05,B,,4486073.852871789,0.20832851974310773,121.0,-0.6217969088917025,1.1148527437673115,3.3111261543904957,1.432690806108158,2.3111261543904957,0.3741660793273446,0.5288312693498451,0.5062687624821638,0.3677509787525477,0.0,79.0,26.0,0.0,2.015681089880739,0.17292530236801035,-0.6630803625076553,-0.6649030772862143,1.368610696643354,0.0,2676861.4692055853
L,2.5,2.25,0.05,B,2024-02,4513439.743605897,0.20901993928683027,121.0,-0.6217969088917025,1.1100334199184714,3.2544199382643253,1.4435730824200859,2.2544199382643253,0.36868963447290465,0.5218653250773994,0.5062687624821638,0.3675457141619223,0.0,79.0,26.0,0.0,2.0180917225835158,0.17350058333951848,-0.6630803625076553,-0.6649030772862143,1.368610696643354,0.0,2676873.79468534
L,2.5,2.25,0.05,B,2018-02,4901846.286322346,0.21844464909234285,109.0,-0.5731484149352788,1.0589687188217394,3.4267387755759393,1.4120756672668382,2.4267387755759393,0.3390078416725517,0.4622678018575851,0.48660280033048076,0.3505727883169497,0.0,69.0,24.0,2.0,2.0913803423323167,0.18833906037401077,-0.6082837821084497,-0.6387832024358749,1.3631585765745564,0.0,3391913.6869490365
L,2.5,2.25,0.05,B,2022-05,3822699.704395933,0.19027670688678366,118.0,-0.6210792181322473,1.0756782811295098,3.1723453115918154,1.4603330971107846,2.1723453115918154,0.3461020923925008,0.4938080495356037,0.5062687624821638,0.3619794310018943,0.0,75.0,26.5,0.0,1.8278758309471201,0.15918099835416513,-0.6630803625076553,-0.6649030772862143,1.3795731708441552,0.0,2328657.1588068274
L,2.5,2.25,0.05,B,2022-10,3695911.650907435,0.18650626066344056,116.0,-0.6190841077819371,1.0364123463181965,3.0740894915258608,1.4821392732086345,2.0740894915258608,0.31791570333013375,0.4467879256965944,0.5062687624821638,0.34544398367494344,0.0,74.0,26.0,0.0,1.8204710486447155,0.154339038063603,-0.6630803625076553,-0.6649030772862143,1.4222599870226253,0.0,2423766.5850194576
L,2.5,2.25,0.05,F,,19608972.348576173,0.18414265330953594,180.0,-0.6450299233150915,0.8119338615657421,3.2542907748614285,1.443598497215282,2.2542907748614285,0.2723649001404067,0.38519848394175144,0.7761369462686397,0.3103159323159276,0.0,129.5,34.0,0.0,3.4542065159922317,0.16433157731220355,-0.663266860096367,-0.6729291138731689,1.3641863284172853,0.0,11817745.65605662
L,2.5,2.25,0.05,F,2024-02,19471868.203217734,0.18373963452093411,180.0,-0.6450299233150915,0.8090982531147068,3.254393932071493,1.4435781989013199,2.254393932071493,0.2702807446591939,0.3816078196688609,0.7761369462686397,0.30906020941965134,0.0,130.0,34.0,0.0,3.4582228717222625,0.1643314760835765,-0.663266860096367,-0.6729291138731689,1.3641863284172853,0.0,11817705.115223804
L,2.5,2.25,0.05,F,2012-01,18900426.086021733,0.1820317976012652,179.0,-0.6295323030793667,0.7721975311159172,3.2835293616580747,1.4379186914011024,2.2835293616580747,0.23529844892469115,0.3548773189706762,0.7761369462686397,0.29497458264984167,0.0,129.0,35.0,3.0,3.4289626931662007,0.16502008222895428,-0.6630717033315542,-0.6729257267320274,1.3574964166965107,0.0,11464857.264561925
L,2.5,2.25,0.05,F,2018-02,19353097.778045006,0.18338887723558894,168.0,-0.573166163879233,0.791105493481123,3.410287676141497,1.4148882350943204,2.410287676141497,0.258058194791962,0.36345501695591464,0.7761369462686397,0.30067049186859157,0.0,119.0,32.0,2.0,3.5071284193547014,0.17024415701430884,-0.6114195890048703,-0.6582112254811283,1.3554127905278415,0.0,13237346.791505106
L,2.5,2.25,0.05,F,2022-05,15039607.611004073,0.16901197980647853,177.0,-0.6405881914152598,0.7990752118622195,3.219689497815726,1.450513461933504,2.219689497815726,0.2617472108980585,0.37402752842609216,0.7761369462686397,0.3072010576005233,0.0,126.0,35.0,0.0,3.251852953069374,0.15808933331648198,-0.663266860096367,-0.6729291138731689,1.3751440448320567,0.0,9898554.970335843
L,2.5,2.25,0.05,F,2022-10,15957663.626970112,0.1723735457651212,176.5,-0.6363578428827108,0.7790174890221229,3.0834540699926887,1.4799733262317676,2.0834540699926887,0.24317504194715955,0.3494913225613405,0.7761369462686397,0.2954055306823359,0.0,126.0,34.0,0.0,3.254070987707921,0.15404594543454125,-0.663266860096367,-0.6729291138731689,1.4237710556650154,0.0,9347643.817056892
L,2.5,2.25,0.08,A,,2432208.6538184374,0.14915843805521023,58.0,-0.4530788850201147,0.4973917180177054,2.765154010268422,1.566553672988297,1.7651540102684218,0.17050775223994794,0.2455065359477124,0.7753425186538543,0.23387819077176927,0.0,51.0,8.0,0.0,1.395415531285517,0.13179485401823218,-0.5707891242191103,-0.6039052064887045,1.4294570993946683,0.0,1813869.717396024
L,2.5,2.25,0.08,B,,4122786.234134846,0.19876806416467774,120.0,-0.6440159161919277,1.1252296377553739,3.3791287863872133,1.420321954548141,2.3791287863872133,0.3832505167820853,0.5288312693498451,0.48739048614010605,0.37290008969687416,0.0,78.0,26.0,0.0,1.9264595197397125,0.16150816208403368,-0.678556682642125,-0.6813615316113802,1.3466521774305527,0.0,2403653.111060687
L,2.5,2.25,0.08,F,,17033506.95202612,0.1760874204412176,178.0,-0.6570493407232433,0.8236873583448258,3.3445779827886195,1.4265162529385833,2.3445779827886195,0.2815554924305523,0.3911829243965689,0.7753425186538543,0.31426700489023013,0.0,128.0,34.0,0.0,3.3189927805529065,0.1554568629118751,-0.6788335542391271,-0.6888122737205726,1.3442358088361768,0.0,10252615.73566227
k_only,1.0,0.9,0.05,A,,1306599.618059563,0.08037349576315211,58.0,-0.18634671466934682,0.20357609004628158,0.8935538838506615,inf,0.0,0.0,0.0,0.9418483660654972,0.09272618570879376,0.0,50.0,8.0,0.0,0.7765724733357252,0.07222402324099712,-0.24196701078311023,-0.255590758297646,inf,0.0,1155317.681334445
k_only,1.0,0.9,0.05,B,,1735429.669338437,0.10506306184925918,125.0,-0.2681628433240249,0.45623584673638395,0.8986124121153556,inf,0.0,0.0,0.0,0.8455430675259639,0.1377060127212052,0.0,83.0,26.0,0.0,1.067328036035836,0.09065594620720038,-0.29488445792861356,-0.2950769347379555,inf,0.0,1462727.938665065
k_only,1.0,0.9,0.05,F,,3826618.471385981,0.09396913078579872,184.0,-0.27701190488316346,0.3330018233732518,0.8976047541487039,inf,0.0,0.0,0.0,0.9418483660654972,0.11822700132829134,0.0,133.0,34.5,0.0,1.8580116801486994,0.0875634136966112,-0.29507266771682295,-0.29873996877551656,inf,0.0,2922695.726730326
k_only,1.25,0.9,0.05,A,,1355954.1076220376,0.08435987737682848,54.0,-0.20073023889742192,0.21463157616852974,0.8966483015657867,inf,0.0,0.0,0.0,0.9143565708758226,0.09958034430991204,0.0,46.0,8.0,0.0,0.8303445947014577,0.07711963562854093,-0.25023498045072373,-0.2701200427752344,inf,0.0,1197335.9105588417
k_only,1.25,0.9,0.05,B,,1690886.7728612332,0.10236425744340294,110.0,-0.26574881405862055,0.46248546127118667,0.8975810438931751,inf,0.0,0.0,0.0,0.8408222204489524,0.14088947112473446,0.0,71.5,25.0,0.0,1.0319569883780964,0.08448907638982625,-0.277180611396597,-0.3019729341713493,inf,0.0,1380203.2702075297
k_only,1.25,0.9,0.05,F,,3968555.5637044497,0.09590154935678263,164.0,-0.26574646171205907,0.3416346558483465,0.8986437028413881,inf,0.0,0.0,0.0,0.9143565708758226,0.12291778217369409,0.0,118.0,32.0,0.0,1.8939981173282612,0.08800421683561918,-0.2771784452966897,-0.3013502245105041,inf,0.0,2825340.793497161
k_only,1.5,0.9,0.05,A,,1432232.424242234,0.09027098265481459,52.0,-0.20344597923305685,0.22383673837087723,0.895473206249312,inf,0.0,0.0,0.0,0.8868720740251499,0.10675522361035075,0.0,44.5,7.0,0.0,0.8636131012565589,0.08060764693255991,-0.25009124459883114,-0.3115526065584887,inf,0.0,1123659.0638904646
k_only,1.5,0.9,0.05,B,,1688674.9788321522,0.1022287733931565,102.0,-0.27666520341866324,0.479837455101624,0.8987701628920959,inf,0.0,0.0,0.0,0.8781105571424597,0.14114541847655548,0.0,66.0,24.0,0.0,1.0083799604872918,0.07890028520188481,-0.29427667338059,-0.33999625328084815,inf,0.0,1140725.5312324758
k_only,1.5,0.9,0.05,F,,3910107.4479418257,0.09511435272868263,154.0,-0.29427233159786126,0.35361499631599064,0.8987801175621843,inf,0.0,0.0,0.0,0.8868720740251499,0.1266578207445761,0.0,111.0,31.0,0.0,1.8939068224347655,0.08516417071128819,-0.29427753461231665,-0.3115526065584887,inf,0.0,2710978.577495832
k_only,1.75,0.9,0.05,A,,1461146.3698010766,0.09243768779028216,46.0,-0.19840547143055048,0.2314460390793778,0.8983798372117998,inf,0.0,0.0,0.0,0.8593948746576995,0.11189078155776795,0.0,40.0,7.0,0.0,0.8820991979767261,0.08320754312549936,-0.2525168740510854,-0.2916361312363014,inf,0.0,1216770.0840702981
k_only,1.75,0.9,0.05,B,,1536670.5384715786,0.0924924347374998,94.0,-0.2763818295476482,0.4941510212052227,0.8916754759387746,inf,0.0,0.0,0.0,0.8148288419418354,0.14441332246050775,0.0,60.0,23.0,0.0,0.9545129119537112,0.07508022390178196,-0.300483592093142,-0.3540898376029069,inf,0.0,1145962.6874580844
k_only,1.75,0.9,0.05,F,,3897738.7489950517,0.09494518596125956,141.0,-0.2763797607527062,0.36365391161699095,0.8983801186515674,inf,0.0,0.0,0.0,0.8593948746576995,0.12938262368615028,0.0,100.0,30.0,0.0,1.8676897759633626,0.08492187216112201,-0.289132268104951,-0.3047170813730229,inf,0.0,2643000.3377503767
k_only,2.0,0.9,0.05,A,,1430939.027578,0.09017313075584754,45.0,-0.1927655461730251,0.2326103364169118,0.9051424059997808,inf,0.0,0.0,0.0,0.8776339237340796,0.11009045416236943,0.0,38.0,7.0,0.0,0.87251962660985,0.07925869706153348,-0.25111904648463707,-0.29858623798711414,inf,0.0,1262644.7153822577
k_only,2.0,0.9,0.05,B,,1505714.7499265638,0.09040317700529654,89.0,-0.28460750064888585,0.4925680178903226,0.8946736849948891,inf,0.0,0.0,0.0,0.8315876382466116,0.1435411853571304,0.0,56.0,23.0,1.0,0.9380665907679493,0.07398576723981005,-0.29778391279858796,-0.34632926483612436,inf,0.0,1027801.9487232628
k_only,2.0,0.9,0.05,F,,3674644.0979250437,0.09182230517695034,133.5,-0.28477809557778755,0.3651041741928645,0.9051424059997808,inf,0.0,0.0,0.0,0.8776339237340796,0.12851786325635797,0.0,94.0,29.0,1.0,1.8290633905082843,0.0815965882833101,-0.29704769837843237,-0.3190863228011799,inf,0.0,2720499.874375088
cap_only,1.0,0.9,0.05,A,,1306599.618059563,0.08037349576315211,58.0,-0.18634671466934682,0.20357609004628158,0.8935538838506615,inf,0.0,0.0,0.0,0.9418483660654972,0.09272618570879376,0.0,50.0,8.0,0.0,0.7765724733357252,0.07222402324099712,-0.24196701078311023,-0.255590758297646,inf,0.0,1155317.681334445
cap_only,1.0,0.9,0.05,B,,1735429.669338437,0.10506306184925918,125.0,-0.2681628433240249,0.45623584673638395,0.8986124121153556,inf,0.0,0.0,0.0,0.8455430675259639,0.1377060127212052,0.0,83.0,26.0,0.0,1.067328036035836,0.09065594620720038,-0.29488445792861356,-0.2950769347379555,inf,0.0,1462727.938665065
cap_only,1.0,0.9,0.05,F,,3826618.471385981,0.09396913078579872,184.0,-0.27701190488316346,0.3330018233732518,0.8976047541487039,inf,0.0,0.0,0.0,0.9418483660654972,0.11822700132829134,0.0,133.0,34.5,0.0,1.8580116801486994,0.0875634136966112,-0.29507266771682295,-0.29873996877551656,inf,0.0,2922695.726730326
cap_only,1.0,1.0,0.05,A,,1339930.1631969763,0.08308014933581687,60.0,-0.22267863007850036,0.22290687655151542,0.9843187598898422,inf,0.0,0.0,0.0,0.9418483660654972,0.10247337875194322,0.0,52.0,8.0,0.0,0.8024378576589768,0.07393741776641502,-0.2559908267566712,-0.289286336235397,inf,0.0,1225294.5982955638
cap_only,1.0,1.0,0.05,B,,1906428.7276802985,0.11487570898769228,133.0,-0.29830260056780067,0.4958118556815656,0.9950847496995009,inf,0.0,0.0,0.0,0.819349351877884,0.15093804165683575,0.0,89.0,27.0,0.0,1.1598276984386917,0.10420859636311257,-0.3281513789532356,-0.3304079884704174,29699.12260627449,0.0,1556715.3764778774
cap_only,1.0,1.0,0.05,F,,4299165.867623037,0.10016132035411174,193.0,-0.30229550499053753,0.36423050724256023,0.9949852234112301,inf,0.0,0.0,0.0,0.9418483660654972,0.1297022273572012,0.0,141.0,36.0,0.0,1.9734942119851198,0.0938883765009412,-0.3281515708352169,-0.33041260671434536,24870.50401878574,0.0,3662428.2649558475
cap_only,1.0,1.1,0.05,A,,1390191.952384213,0.08704913136481796,62.0,-0.22392005968468626,0.2397007984306183,1.1092334652155604,10.154708431310372,0.10923346521556039,0.004936512403037947,0.06658496732026144,0.9418483660654972,0.11078083480721926,0.0,53.0,9.0,0.0,0.8435847315616496,0.08139647923271427,-0.28204115216310593,-0.31759676290293193,9.042283391611194,0.0,1218578.2238041828
cap_only,1.0,1.1,0.05,B,,2013185.2928808006,0.12060466726056362,140.0,-0.35272755335786005,0.5464359579403719,1.1100163992376197,10.0895543366085,0.11001639923761977,0.008147282546196222,0.14512383900928794,0.7688669616778927,0.16551342731442048,0.0,94.0,29.0,0.0,1.2191200097194463,0.11392606547941557,-0.3662726640275537,-0.3662794921001633,8.842295985232917,0.0,1820304.8205263517
cap_only,1.0,1.1,0.05,F,,4783296.955811215,0.10586661780339901,202.0,-0.35272889367162086,0.39689854493352394,1.1148693072745184,9.70556458861892,0.1148693072745185,0.006612180669632475,0.1080191502094554,0.9418483660654972,0.14203779675790917,0.0,148.0,37.0,0.0,2.075726371112206,0.10077187466084414,-0.36627107193767855,-0.3662780768027385,8.807315363373254,0.0,4043379.034698597
cap_only,1.0,1.2,0.05,A,,1434360.7529465964,0.09043125535547614,65.0,-0.24141596460656922,0.25541946804661064,1.222903891840474,5.486238855708213,0.22290389184047393,0.010978004104026828,0.0778186274509804,0.9418483660654972,0.11729944300354445,0.0,56.0,9.0,0.0,0.8734839866367224,0.08426793462766888,-0.2984741782498884,-0.32526466584201696,5.036687697006604,0.0,1305548.5414647956
cap_only,1.0,1.2,0.05,B,,2229186.801059901,0.1313994231418928,145.0,-0.36607133150147814,0.577576511096553,1.2359321198302289,5.2385079154370375,0.23593211983022883,0.02470226288868076,0.1971749226006192,0.7530168872440552,0.1779305905843851,0.0,98.0,29.0,0.0,1.3162052516293474,0.12622073874176848,-0.3738325195675134,-0.3738400953144503,4.883205784253432,0.0,2090907.0900429522
cap_only,1.0,1.2,0.05,F,,5385340.097467091,0.11224002773502062,210.0,-0.3660724449552742,0.42372970549770717,1.2372528598124992,5.214912333386467,0.23725285981249905,0.018622047210006595,0.14113305405944543,0.9418483660654972,0.15183759925495016,0.0,155.0,38.0,0.0,2.191620588649686,0.10831002210991178,-0.37383183498559,-0.37383990083965335,4.8762066052076225,0.0,4715352.730665041
cap_only,1.0,1.35,0.05,A,,1518006.1212975169,0.09658834261932026,68.0,-0.27950235201340906,0.2814061211163852,1.4084876338381718,3.448054908205282,0.4084876338381719,0.025492694089060255,0.11315359477124183,0.9418483660654972,0.12971360988900882,0.0,59.0,9.0,0.0,0.9140830726388552,0.09031857082395522,-0.2990533032328323,-0.3492840934192034,3.4010769167391994,0.0,1391791.268441915
cap_only,1.0,1.35,0.05,B,,2517572.882852042,0.14442114727180133,152.0,-0.39184900407797507,0.6296036315998126,1.4271745040255466,3.3409690957996268,0.42717450402554635,0.05056322110544915,0.21323529411764705,0.7223938723870059,0.19464620568093002,0.0,105.0,30.0,0.0,1.4323400286417498,0.14086461569429248,-0.40264240682460123,-0.40265034531513355,3.09981545476723,0.0,2366425.188900702
cap_only,1.0,1.35,0.05,F,,6348068.181529127,0.12114278812184043,220.0,-0.3919414191750168,0.4610481199561039,1.425702797940972,3.34905715048225,0.42570279794097204,0.03869592974154423,0.17055655296229802,0.9418483660654972,0.16658834341156634,0.0,163.0,39.0,0.0,2.3494567538641076,0.11757286280163999,-0.4026342090528323,-0.40265141448600883,3.0694674428981776,0.0,5554841.7995312195
cap_only,1.0,1.5,0.05,A,,1544981.2022569224,0.0985086876404665,69.0,-0.3066802888038814,0.2970651415373005,1.5926176548055007,2.687428634505401,0.5926176548055008,0.03873373981746003,0.1548202614379085,0.9418483660654972,0.13772348140617635,0.0,60.0,9.0,0.0,0.9403944539351358,0.09386833454651249,-0.3202141250003299,-0.3202511351872148,2.6853765315707565,0.0,1476149.9968390628
cap_only,1.0,1.5,0.05,B,,2722271.7464843406,0.15286721121379454,157.0,-0.43393748583044184,0.6716722712034024,1.6476247523690652,2.544104045576888,0.6476247523690654,0.07523443224846123,0.2234907120743034,0.6724029371667769,0.21052764147221795,0.0,109.0,30.0,0.0,1.5123692988933466,0.15093795404207785,-0.4445455664834709,-0.4451278316272195,2.4894817601620365,0.0,2647737.443548383
cap_only,1.0,1.5,0.05,F,,6975238.363652551,0.12627476361657308,226.0,-0.4339537895461422,0.49152601307224175,1.6526555732773804,2.5322020812098267,0.6526555732773804,0.057692246038867745,0.19210053859964094,0.9418483660654972,0.17967755911009206,0.0,169.0,39.0,0.0,2.4508787214308314,0.12516871730988,-0.444925507940937,-0.44513029466223863,2.4893836526208726,0.0,6528110.9662125185
cap_only,1.0,1.75,0.05,A,,1634020.697629962,0.10463987749394799,72.0,-0.34537765244558516,0.32009948043905695,1.9098970097691088,2.099025482309429,0.9098970097691088,0.05938946105222527,0.16748366013071894,0.9418483660654972,0.15081521130129716,0.0,63.0,9.0,0.0,0.9986259327979402,0.10046263219058445,-0.3454110375846558,-0.3454275972066211,2.0987908710380285,0.0,1572803.3781182677
cap_only,1.0,1.75,0.05,B,,2915397.1733571356,0.1603238454364866,160.0,-0.4940508366217835,0.7195146961271397,2.0581869430445883,1.945012605357439,1.0581869430445883,0.1026760946679996,0.23452012383900928,0.6009950650861823,0.22944885387359543,0.0,112.0,30.0,0.0,1.580646268016915,0.1602551936103295,-0.49406009351893965,-0.4940636090875824,1.9449532594002064,0.0,2913457.2948680073
cap_only,1.0,1.75,0.05,F,,7929616.961733729,0.13329771025303472,232.0,-0.4940525839614935,0.5272748599887547,2.0581858584262185,1.9450135739739551,1.0581858584262185,0.08192877864568922,0.20267305006981848,0.9418483660654972,0.19555448149590898,0.0,175.0,39.0,0.0,2.578060357887812,0.13121073313467202,-0.49406069311549394,-0.4940654291212392,1.944948198887681,0.0,7628690.395902509
cap_only,1.0,2.0,0.05,A,,1748374.990470325,0.11208721091541363,76.0,-0.3850339883896214,0.3470943147423471,2.300036479948277,1.7692091840685027,1.3000364799482769,0.07744803407222584,0.17197712418300654,0.9418483660654972,0.16462098977665793,0.0,67.0,9.0,0.0,1.0616523957811874,0.10811618548270144,-0.3982312569059163,-0.4010977010773008,1.7499220436466636,0.0,1681298.137889952
cap_only,1.0,2.0,0.05,B,,3050576.4733725796,0.16528132991328104,161.0,-0.5301093472108054,0.7469567673481782,2.564068456857524,1.6393582043157862,1.564068456857524,0.12257625194569252,0.24303405572755418,0.558162436330012,0.24170959936634948,0.0,113.0,30.0,0.0,1.6263196947470497,0.1652698543185804,-0.5301186668210269,-0.5301220637435765,1.6393250267934287,0.0,3050211.0564166685
cap_only,1.0,2.0,0.05,F,,8878500.959682662,0.13952397065589905,237.0,-0.530111078866053,0.554494439040726,2.5640701852321652,1.6393574977916248,1.5640701852321652,0.10099444801191321,0.2092559345701177,0.9418483660654972,0.2081953074705225,0.0,180.0,39.0,0.0,2.686767319106285,0.13753803370148127,-0.5301194102851674,-0.5301239455725728,1.6393226815484412,0.0,8538481.19909191
